행정동명,통합카테고리,수요공급격차_log,예측수요점유율,현재공급점유율,점포수,카드업종코드,매핑수준,예측기준년월,예측대상년월,공급기준분기,선택모델,검증통과,수요공급점수
팔탄면,가구 소매,1.2429408164504663,0.11108550255713205,0.03205128205128205,5,D10,중분류 직접 대응,202506,202507,20254,rolling_mean_blend,True,100.0
송산면,가구 소매,1.1255313126804172,0.0395130285465008,0.01282051282051282,2,D10,중분류 직접 대응,202506,202507,20254,rolling_mean_blend,True,95.65217391304348
남양읍,가구 소매,1.0489640432492073,0.14639632894821372,0.05128205128205128,8,D10,중분류 직접 대응,202506,202507,20254,rolling_mean_blend,True,91.30434782608695
양감면,가구 소매,0.8871979959850217,0.015567556256246968,0.00641025641025641,1,D10,중분류 직접 대응,202506,202507,20254,rolling_mean_blend,True,86.95652173913044
매송면,가구 소매,0.6847714793579139,0.012714563796231173,0.00641025641025641,1,D10,중분류 직접 대응,202506,202507,20254,rolling_mean_blend,True,82.6086956521739
동탄7동,가구 소매,0.6812455652075391,0.012669808757490719,0.00641025641025641,1,D10,중분류 직접 대응,202506,202507,20254,rolling_mean_blend,True,78.26086956521739
우정읍,가구 소매,0.4697301071112393,0.030761415416863586,0.019230769230769232,3,D10,중분류 직접 대응,202506,202507,20254,rolling_mean_blend,True,73.91304347826086
비봉면,가구 소매,0.299184213055815,0.03458388874352912,0.02564102564102564,4,D10,중분류 직접 대응,202506,202507,20254,rolling_mean_blend,True,69.56521739130434
화산동,가구 소매,0.2528601874750486,0.024763811303395347,0.019230769230769232,3,D10,중분류 직접 대응,202506,202507,20254,rolling_mean_blend,True,65.21739130434783
정남면,가구 소매,0.23479528832106328,0.048640643635912056,0.038461538461538464,6,D10,중분류 직접 대응,202506,202507,20254,rolling_mean_blend,True,60.86956521739131
병점1동,가구 소매,0.1620397023903008,0.02261377065134968,0.019230769230769232,3,D10,중분류 직접 대응,202506,202507,20254,rolling_mean_blend,True,56.52173913043478
동탄4동,가구 소매,0.14499364749590243,0.00741061902290116,0.00641025641025641,1,D10,중분류 직접 대응,202506,202507,20254,rolling_mean_blend,True,52.17391304347826
동탄1동,가구 소매,-0.10052114637193509,0.028985993729802758,0.03205128205128205,5,D10,중분류 직접 대응,202506,202507,20254,rolling_mean_blend,True,47.82608695652174
진안동,가구 소매,-0.1464998680682805,0.055366905154538,0.0641025641025641,10,D10,중분류 직접 대응,202506,202507,20254,rolling_mean_blend,True,43.47826086956522
동탄2동,가구 소매,-0.18984367138131011,0.005301675943728404,0.00641025641025641,1,D10,중분류 직접 대응,202506,202507,20254,rolling_mean_blend,True,39.130434782608695
장안면,가구 소매,-0.19735909775375984,0.026310583669556457,0.03205128205128205,5,D10,중분류 직접 대응,202506,202507,20254,rolling_mean_blend,True,34.78260869565217
동탄5동,가구 소매,-0.38886710705525923,0.030414872662239117,0.04487179487179487,7,D10,중분류 직접 대응,202506,202507,20254,rolling_mean_blend,True,30.434782608695656
기배동,가구 소매,-0.6326937567821842,0.01702385996760536,0.03205128205128205,5,D10,중분류 직접 대응,202506,202507,20254,rolling_mean_blend,True,26.08695652173913
봉담읍,가구 소매,-0.7299087777893594,0.15138214023525817,0.3141025641025641,49,D10,중분류 직접 대응,202506,202507,20254,rolling_mean_blend,True,21.73913043478261
병점2동,가구 소매,-0.8633154114910784,0.005406619825658018,0.01282051282051282,2,D10,중분류 직접 대응,202506,202507,20254,rolling_mean_blend,True,17.391304347826086
동탄3동,가구 소매,-0.8659544500993837,0.013481788331082755,0.03205128205128205,5,D10,중분류 직접 대응,202506,202507,20254,rolling_mean_blend,True,13.043478260869565
반월동,가구 소매,-1.3255317227789136,0.0255436563510223,0.09615384615384616,15,D10,중분류 직접 대응,202506,202507,20254,rolling_mean_blend,True,8.695652173913043
동탄6동,가구 소매,-1.5519029902403731,0.01901089344090533,0.08974358974358974,14,D10,중분류 직접 대응,202506,202507,20254,rolling_mean_blend,True,4.3478260869565215
남양읍,가전·통신 소매,1.621601258680047,0.3081794491860524,0.06088992974238876,26,D01|U03,중분류 직접 대응,202506,202507,20254,rolling_mean_blend,True,100.0
반월동,가전·통신 소매,1.5643345256613115,0.1455152835075383,0.03044496487119438,13,D01|U03,중분류 직접 대응,202506,202507,20254,rolling_mean_blend,True,96.55172413793103
동탄9동,가전·통신 소매,1.17736986501157,0.03800957610489421,0.0117096018735363,5,D01|U03,중분류 직접 대응,202506,202507,20254,rolling_mean_blend,True,93.10344827586206
동탄7동,가전·통신 소매,1.000177715791026,0.0827744222518465,0.03044496487119438,13,D01|U03,중분류 직접 대응,202506,202507,20254,rolling_mean_blend,True,89.65517241379311
진안동,가전·통신 소매,0.7839143867474021,0.10257861982546598,0.0468384074941452,20,D01|U03,중분류 직접 대응,202506,202507,20254,rolling_mean_blend,True,86.20689655172413
동탄6동,가전·통신 소매,-0.06179727283540579,0.03962832889353919,0.04215456674473068,18,D01|U03,중분류 직접 대응,202506,202507,20254,rolling_mean_blend,True,82.75862068965517
향남읍,가전·통신 소매,-0.26925805733633557,0.09124391032579884,0.11943793911007025,51,D01|U03,중분류 직접 대응,202506,202507,20254,rolling_mean_blend,True,79.3103448275862
동탄2동,가전·통신 소매,-0.48964639279568445,0.014351909367564522,0.0234192037470726,10,D01|U03,중분류 직접 대응,202506,202507,20254,rolling_mean_blend,True,75.86206896551724
장안면,가전·통신 소매,-0.585176837124544,0.007826358227827374,0.01405152224824356,6,D01|U03,중분류 직접 대응,202506,202507,20254,rolling_mean_blend,True,72.41379310344827
봉담읍,가전·통신 소매,-0.6998636882838186,0.048850611289074836,0.09836065573770492,42,D01|U03,중분류 직접 대응,202506,202507,20254,rolling_mean_blend,True,68.96551724137932
동탄3동,가전·통신 소매,-0.8077981643578376,0.008352394779437219,0.01873536299765808,8,D01|U03,중분류 직접 대응,202506,202507,20254,rolling_mean_blend,True,65.51724137931035
마도면,가전·통신 소매,-0.8081484949496949,0.003130704367398607,0.00702576112412178,3,D01|U03,중분류 직접 대응,202506,202507,20254,rolling_mean_blend,True,62.06896551724138
동탄8동,가전·통신 소매,-0.8609350121682833,0.003959765675628847,0.00936768149882904,4,D01|U03,중분류 직접 대응,202506,202507,20254,rolling_mean_blend,True,58.620689655172406
동탄1동,가전·통신 소매,-0.8680125719284685,0.0324418212787762,0.07728337236533958,33,D01|U03,중분류 직접 대응,202506,202507,20254,rolling_mean_blend,True,55.172413793103445
팔탄면,가전·통신 소매,-1.082629719666918,0.015070461650596636,0.04449648711943794,19,D01|U03,중분류 직접 대응,202506,202507,20254,rolling_mean_blend,True,51.724137931034484
송산면,가전·통신 소매,-1.439003789581202,0.00388717005227664,0.01639344262295082,7,D01|U03,중분류 직접 대응,202506,202507,20254,rolling_mean_blend,True,48.275862068965516
우정읍,가전·통신 소매,-1.4988000085649,0.007846930955869823,0.0351288056206089,15,D01|U03,중분류 직접 대응,202506,202507,20254,rolling_mean_blend,True,44.827586206896555
기배동,가전·통신 소매,-1.5097849435554938,0.0036214749113046814,0.01639344262295082,7,D01|U03,중분류 직접 대응,202506,202507,20254,rolling_mean_blend,True,41.37931034482759
동탄5동,가전·통신 소매,-1.5375693367773506,0.024156909347147818,0.11241217798594848,48,D01|U03,중분류 직접 대응,202506,202507,20254,rolling_mean_blend,True,37.93103448275862
화산동,가전·통신 소매,-1.7474253719979886,0.0036712990659259954,0.02107728337236534,9,D01|U03,중분류 직접 대응,202506,202507,20254,rolling_mean_blend,True,34.48275862068966
동탄4동,가전·통신 소매,-1.8281946423672653,0.0015045792815204047,0.00936768149882904,4,D01|U03,중분류 직접 대응,202506,202507,20254,rolling_mean_blend,True,31.03448275862069
새솔동,가전·통신 소매,-1.8496673679652016,0.0025776733080320347,0.01639344262295082,7,D01|U03,중분류 직접 대응,202506,202507,20254,rolling_mean_blend,True,27.586206896551722
양감면,가전·통신 소매,-2.167275557976784,0.0010716120192288206,0.00936768149882904,4,D01|U03,중분류 직접 대응,202506,202507,20254,rolling_mean_blend,True,24.137931034482758
병점1동,가전·통신 소매,-2.1850540287241587,0.0031599084470200142,0.02810304449648712,12,D01|U03,중분류 직접 대응,202506,202507,20254,rolling_mean_blend,True,20.689655172413794
정남면,가전·통신 소매,-2.3292926584787748,0.0034193992178872643,0.0351288056206089,15,D01|U03,중분류 직접 대응,202506,202507,20254,rolling_mean_blend,True,17.24137931034483
비봉면,가전·통신 소매,-2.566274581086555,0.001438349967082081,0.01873536299765808,8,D01|U03,중분류 직접 대응,202506,202507,20254,rolling_mean_blend,True,13.793103448275861
병점2동,가전·통신 소매,-2.950292249850099,0.0014695276006319636,0.02810304449648712,12,D01|U03,중분류 직접 대응,202506,202507,20254,rolling_mean_blend,True,10.344827586206897
서신면,가전·통신 소매,-3.4738046509079217,0.00021682162756870928,0.00702576112412178,3,D01|U03,중분류 직접 대응,202506,202507,20254,rolling_mean_blend,True,6.896551724137931
매송면,가전·통신 소매,-5.545550706320469,4.472746706409247e-05,0.0117096018735363,5,D01|U03,중분류 직접 대응,202506,202507,20254,rolling_mean_blend,True,3.4482758620689653
향남읍,가전제품 수리,2.011301614722428,0.7299311184128222,0.09767441860465116,21,F07,중분류 직접 대응,202506,202507,20254,rolling_mean_blend,True,100.0
동탄8동,가전제품 수리,1.227921827433347,0.047641395712314384,0.013953488372093023,3,F07,중분류 직접 대응,202506,202507,20254,rolling_mean_blend,True,96.29629629629629
화산동,가전제품 수리,-0.2655008783380463,0.04636573427123816,0.06046511627906977,13,F07,중분류 직접 대응,202506,202507,20254,rolling_mean_blend,True,92.5925925925926
팔탄면,가전제품 수리,-0.34232057842113006,0.03302857146474157,0.046511627906976744,10,F07,중분류 직접 대응,202506,202507,20254,rolling_mean_blend,True,88.88888888888889
송산면,가전제품 수리,-0.5114278416320945,0.013944687500601502,0.023255813953488372,5,F07,중분류 직접 대응,202506,202507,20254,rolling_mean_blend,True,85.18518518518519
동탄7동,가전제품 수리,-0.6129187525458939,0.00755908513276224,0.013953488372093023,3,F07,중분류 직접 대응,202506,202507,20254,rolling_mean_blend,True,81.48148148148148
남양읍,가전제품 수리,-0.7762660268251872,0.019260334448345455,0.04186046511627907,9,F07,중분류 직접 대응,202506,202507,20254,rolling_mean_blend,True,77.77777777777779
병점2동,가전제품 수리,-0.9289054538982988,0.00551082480944042,0.013953488372093023,3,F07,중분류 직접 대응,202506,202507,20254,rolling_mean_blend,True,74.07407407407408
매송면,가전제품 수리,-1.237960811394216,0.005394172375299675,0.018604651162790697,4,F07,중분류 직접 대응,202506,202507,20254,rolling_mean_blend,True,70.37037037037037
동탄5동,가전제품 수리,-1.2404136663245526,0.022871368712076626,0.07906976744186046,17,F07,중분류 직접 대응,202506,202507,20254,rolling_mean_blend,True,66.66666666666666
병점1동,가전제품 수리,-1.2592519128653314,0.003960209035867879,0.013953488372093023,3,F07,중분류 직접 대응,202506,202507,20254,rolling_mean_blend,True,62.96296296296296
동탄1동,가전제품 수리,-1.318088711492475,0.017427402900751766,0.06511627906976744,14,F07,중분류 직접 대응,202506,202507,20254,rolling_mean_blend,True,59.25925925925925
동탄9동,가전제품 수리,-1.3680724228346073,0.001183427819117578,0.004651162790697674,1,F07,중분류 직접 대응,202506,202507,20254,rolling_mean_blend,True,55.55555555555556
동탄3동,가전제품 수리,-1.5212199435763845,0.005079340153950167,0.023255813953488372,5,F07,중분류 직접 대응,202506,202507,20254,rolling_mean_blend,True,51.85185185185185
동탄6동,가전제품 수리,-1.6851223458046571,0.006036172468112702,0.03255813953488372,7,F07,중분류 직접 대응,202506,202507,20254,rolling_mean_blend,True,48.148148148148145
진안동,가전제품 수리,-1.8841673339559373,0.01766840020906525,0.11627906976744186,25,F07,중분류 직접 대응,202506,202507,20254,rolling_mean_blend,True,44.44444444444444
마도면,가전제품 수리,-1.9783928712789411,0.002571999886662793,0.018604651162790697,4,F07,중분류 직접 대응,202506,202507,20254,rolling_mean_blend,True,40.74074074074074
비봉면,가전제품 수리,-2.232784194479213,0.002492815751650007,0.023255813953488372,5,F07,중분류 직접 대응,202506,202507,20254,rolling_mean_blend,True,37.03703703703704
봉담읍,가전제품 수리,-3.104567870515191,0.005004874731277467,0.11162790697674418,24,F07,중분류 직접 대응,202506,202507,20254,rolling_mean_blend,True,33.33333333333333
정남면,가전제품 수리,-3.2007201172169024,0.00227250274104422,0.05581395348837209,12,F07,중분류 직접 대응,202506,202507,20254,rolling_mean_blend,True,29.629629629629626
동탄2동,가전제품 수리,-3.288168138045886,0.0003462201672764548,0.009302325581395349,2,F07,중분류 직접 대응,202506,202507,20254,rolling_mean_blend,True,25.925925925925924
양감면,가전제품 수리,-3.5226743030729137,0.0001363336276352868,0.004651162790697674,1,F07,중분류 직접 대응,202506,202507,20254,rolling_mean_blend,True,22.22222222222222
반월동,가전제품 수리,-3.722172429091546,0.0007863248738956371,0.03255813953488372,7,F07,중분류 직접 대응,202506,202507,20254,rolling_mean_blend,True,18.51851851851852
기배동,가전제품 수리,-4.9314048378403115,0.00020039396083587605,0.027906976744186046,6,F07,중분류 직접 대응,202506,202507,20254,rolling_mean_blend,True,14.814814814814813
우정읍,가전제품 수리,-4.971172998609849,0.0001925420561205338,0.027906976744186046,6,F07,중분류 직접 대응,202506,202507,20254,rolling_mean_blend,True,11.11111111111111
서신면,가전제품 수리,-6.252310655629892,1.6918192705785746e-05,0.009302325581395349,2,F07,중분류 직접 대응,202506,202507,20254,rolling_mean_blend,True,7.4074074074074066
장안면,가전제품 수리,-6.482062504209861,2.0359443884721612e-05,0.013953488372093023,3,F07,중분류 직접 대응,202506,202507,20254,rolling_mean_blend,True,3.7037037037037033
장안면,가정용품 대여,1.8227613241233407,0.0998265518779769,0.016129032258064516,2,F13,중분류 직접 대응,202506,202507,20254,rolling_mean_blend,True,100.0
병점2동,가정용품 대여,1.1799292379387551,0.13121773498306127,0.04032258064516129,5,F13,중분류 직접 대응,202506,202507,20254,rolling_mean_blend,True,96.15384615384616
기배동,가정용품 대여,1.068115728059293,0.14080310204157465,0.04838709677419355,6,F13,중분류 직접 대응,202506,202507,20254,rolling_mean_blend,True,92.3076923076923
동탄3동,가정용품 대여,0.9511983960365159,0.06263409415705558,0.024193548387096774,3,F13,중분류 직접 대응,202506,202507,20254,rolling_mean_blend,True,88.46153846153845
정남면,가정용품 대여,0.9254011026321901,0.02034732926100585,0.008064516129032258,1,F13,중분류 직접 대응,202506,202507,20254,rolling_mean_blend,True,84.61538461538461
병점1동,가정용품 대여,0.6605270478145356,0.04683510511660706,0.024193548387096774,3,F13,중분류 직접 대응,202506,202507,20254,rolling_mean_blend,True,80.76923076923077
남양읍,가정용품 대여,0.636867794819371,0.04574000358087255,0.024193548387096774,3,F13,중분류 직접 대응,202506,202507,20254,rolling_mean_blend,True,76.92307692307693
송산면,가정용품 대여,0.4803997680397661,0.01303868596447361,0.008064516129032258,1,F13,중분류 직접 대응,202506,202507,20254,rolling_mean_blend,True,73.07692307692307
팔탄면,가정용품 대여,0.162764297573726,0.0379601539198673,0.03225806451612903,4,F13,중분류 직접 대응,202506,202507,20254,rolling_mean_blend,True,69.23076923076923
화산동,가정용품 대여,0.0955777518881258,0.044366808708596266,0.04032258064516129,5,F13,중분류 직접 대응,202506,202507,20254,rolling_mean_blend,True,65.38461538461539
향남읍,가정용품 대여,-0.030794802151676803,0.054739660759416914,0.056451612903225805,7,F13,중분류 직접 대응,202506,202507,20254,rolling_mean_blend,True,61.53846153846154
동탄1동,가정용품 대여,-0.08367166314475692,0.1186751699044756,0.12903225806451613,16,F13,중분류 직접 대응,202506,202507,20254,rolling_mean_blend,True,57.692307692307686
반월동,가정용품 대여,-0.43678089550206645,0.005210234678816196,0.008064516129032258,1,F13,중분류 직접 대응,202506,202507,20254,rolling_mean_blend,True,53.84615384615385
진안동,가정용품 대여,-0.6583184774322848,0.020875371059380574,0.04032258064516129,5,F13,중분류 직접 대응,202506,202507,20254,rolling_mean_blend,True,50.0
동탄8동,가정용품 대여,-0.8457759208185129,0.0069223999498058495,0.016129032258064516,2,F13,중분류 직접 대응,202506,202507,20254,rolling_mean_blend,True,46.15384615384615
동탄5동,가정용품 대여,-0.892060789334012,0.06940277539316461,0.1693548387096774,21,F13,중분류 직접 대응,202506,202507,20254,rolling_mean_blend,True,42.30769230769231
봉담읍,가정용품 대여,-1.0784932890411327,0.027427371043858804,0.08064516129032258,10,F13,중분류 직접 대응,202506,202507,20254,rolling_mean_blend,True,38.46153846153847
동탄6동,가정용품 대여,-1.5246436651472193,0.005266119714349704,0.024193548387096774,3,F13,중분류 직접 대응,202506,202507,20254,rolling_mean_blend,True,34.61538461538461
동탄7동,가정용품 대여,-3.0835166565698837,0.001845736022938615,0.04032258064516129,5,F13,중분류 직접 대응,202506,202507,20254,rolling_mean_blend,True,30.76923076923077
서신면,가정용품 대여,-3.4577890419925645,0.0027933267942070717,0.08870967741935484,11,F13,중분류 직접 대응,202506,202507,20254,rolling_mean_blend,True,26.923076923076923
동탄4동,가정용품 대여,-8.995352984671873,0.0,0.008064516129032258,1,F13,중분류 직접 대응,202506,202507,20254,rolling_mean_blend,True,15.384615384615385
마도면,가정용품 대여,-8.995352984671873,0.0,0.008064516129032258,1,F13,중분류 직접 대응,202506,202507,20254,rolling_mean_blend,True,15.384615384615385
매송면,가정용품 대여,-8.995352984671873,0.0,0.008064516129032258,1,F13,중분류 직접 대응,202506,202507,20254,rolling_mean_blend,True,15.384615384615385
새솔동,가정용품 대여,-8.995352984671873,0.0,0.008064516129032258,1,F13,중분류 직접 대응,202506,202507,20254,rolling_mean_blend,True,15.384615384615385
우정읍,가정용품 대여,-8.995352984671873,0.0,0.008064516129032258,1,F13,중분류 직접 대응,202506,202507,20254,rolling_mean_blend,True,15.384615384615385
동탄2동,가정용품 대여,-10.604691704485823,0.0,0.04032258064516129,5,F13,중분류 직접 대응,202506,202507,20254,rolling_mean_blend,True,3.8461538461538463
매송면,고용 알선,5.15766640392527,0.41987928016088405,0.0024154589371980675,1,F14,중분류 직접 대응,202506,202507,20254,rolling_mean_blend,True,100.0
화산동,고용 알선,3.3395759223208827,0.13629369093402666,0.004830917874396135,2,F14,중분류 직접 대응,202506,202507,20254,rolling_mean_blend,True,96.15384615384616
동탄4동,고용 알선,1.175745899550718,0.007829678178076362,0.0024154589371980675,1,F14,중분류 직접 대응,202506,202507,20254,rolling_mean_blend,True,92.3076923076923
향남읍,고용 알선,0.4896560553082599,0.27195978008739796,0.16666666666666666,69,F14,중분류 직접 대응,202506,202507,20254,rolling_mean_blend,True,88.46153846153845
동탄7동,고용 알선,-0.03904424065710877,0.011614794577777447,0.012077294685990338,5,F14,중분류 직접 대응,202506,202507,20254,rolling_mean_blend,True,84.61538461538461
팔탄면,고용 알선,-0.7110369414353378,0.014235278249132082,0.028985507246376812,12,F14,중분류 직접 대응,202506,202507,20254,rolling_mean_blend,True,80.76923076923077
병점2동,고용 알선,-0.8177654247499326,0.0074630127412487115,0.016908212560386472,7,F14,중분류 직접 대응,202506,202507,20254,rolling_mean_blend,True,76.92307692307693
봉담읍,고용 알선,-1.0164938151656877,0.016606530854050217,0.04589371980676329,19,F14,중분류 직접 대응,202506,202507,20254,rolling_mean_blend,True,73.07692307692307
동탄1동,고용 알선,-1.219070574915919,0.01998511986802308,0.06763285024154589,28,F14,중분류 직접 대응,202506,202507,20254,rolling_mean_blend,True,69.23076923076923
서신면,고용 알선,-1.5964982605543656,0.0014673529401624215,0.007246376811594203,3,F14,중분류 직접 대응,202506,202507,20254,rolling_mean_blend,True,65.38461538461539
남양읍,고용 알선,-2.118167360460525,0.012779505314726665,0.10628019323671498,44,F14,중분류 직접 대응,202506,202507,20254,rolling_mean_blend,True,61.53846153846154
반월동,고용 알선,-2.8134416624484224,0.000868598306656702,0.014492753623188406,6,F14,중분류 직접 대응,202506,202507,20254,rolling_mean_blend,True,57.692307692307686
동탄5동,고용 알선,-3.0770575495433303,0.005232017993205994,0.11352657004830918,47,F14,중분류 직접 대응,202506,202507,20254,rolling_mean_blend,True,53.84615384615385
동탄6동,고용 알선,-4.749394355025886,0.00020811340683772063,0.024154589371980676,10,F14,중분류 직접 대응,202506,202507,20254,rolling_mean_blend,True,50.0
정남면,고용 알선,-5.047670557846213,0.00018521746836101124,0.028985507246376812,12,F14,중분류 직접 대응,202506,202507,20254,rolling_mean_blend,True,46.15384615384615
진안동,고용 알선,-5.754379077062704,0.0002056688401759988,0.06521739130434782,27,F14,중분류 직접 대응,202506,202507,20254,rolling_mean_blend,True,42.30769230769231
동탄2동,고용 알선,-7.790058498464605,0.0,0.0024154589371980675,1,F14,중분류 직접 대응,202506,202507,20254,rolling_mean_blend,True,38.46153846153847
양감면,고용 알선,-8.482998743277362,0.0,0.004830917874396135,2,F14,중분류 직접 대응,202506,202507,20254,rolling_mean_blend,True,34.61538461538461
기배동,고용 알선,-8.888394863285946,0.0,0.007246376811594203,3,F14,중분류 직접 대응,202506,202507,20254,rolling_mean_blend,True,30.76923076923077
비봉면,고용 알선,-9.176042439903094,0.0,0.00966183574879227,4,F14,중분류 직접 대응,202506,202507,20254,rolling_mean_blend,True,26.923076923076923
동탄3동,고용 알선,-10.092271076276049,0.0,0.024154589371980676,10,F14,중분류 직접 대응,202506,202507,20254,rolling_mean_blend,True,23.076923076923077
마도면,고용 알선,-10.187577492592737,0.0,0.026570048309178744,11,F14,중분류 직접 대응,202506,202507,20254,rolling_mean_blend,True,19.230769230769234
송산면,고용 알선,-10.354625787247265,0.0,0.03140096618357488,13,F14,중분류 직접 대응,202506,202507,20254,rolling_mean_blend,True,15.384615384615385
장안면,고용 알선,-10.497722384860296,0.0,0.036231884057971016,15,F14,중분류 직접 대응,202506,202507,20254,rolling_mean_blend,True,11.538461538461538
병점1동,고용 알선,-11.008536968870045,0.0,0.06038647342995169,25,F14,중분류 직접 대응,202506,202507,20254,rolling_mean_blend,True,7.6923076923076925
우정읍,고용 알선,-11.400573685909775,0.0,0.0893719806763285,37,F14,중분류 직접 대응,202506,202507,20254,rolling_mean_blend,True,3.8461538461538463
서신면,광고,3.2012664961252755,0.03834434401820355,0.0015600624024961,1,F01,중분류 직접 대응,202506,202507,20254,rolling_mean_blend,True,100.0
동탄9동,광고,3.044692030619454,0.03278687057085127,0.0015600624024961,1,F01,중분류 직접 대응,202506,202507,20254,rolling_mean_blend,True,96.42857142857143
마도면,광고,2.3982813467504625,0.0858465692505238,0.0078003120124804995,5,F01,중분류 직접 대응,202506,202507,20254,rolling_mean_blend,True,92.85714285714286
동탄4동,광고,2.1932354614725504,0.027977291691491324,0.0031201248049922,2,F01,중분류 직접 대응,202506,202507,20254,rolling_mean_blend,True,89.28571428571429
동탄3동,광고,1.1473683356540176,0.05405646792647445,0.0171606864274571,11,F01,중분류 직접 대응,202506,202507,20254,rolling_mean_blend,True,85.71428571428571
장안면,광고,0.8396108450367586,0.018062670586239574,0.0078003120124804995,5,F01,중분류 직접 대응,202506,202507,20254,rolling_mean_blend,True,82.14285714285714
봉담읍,광고,0.7611014088623211,0.06345202994961445,0.029641185647425898,19,F01,중분류 직접 대응,202506,202507,20254,rolling_mean_blend,True,78.57142857142857
팔탄면,광고,0.7552343970864404,0.019921037199987838,0.0093603744149766,6,F01,중분류 직접 대응,202506,202507,20254,rolling_mean_blend,True,75.0
진안동,광고,0.599874571761048,0.04263475955572878,0.0234009360374415,15,F01,중분류 직접 대응,202506,202507,20254,rolling_mean_blend,True,71.42857142857143
동탄2동,광고,0.5244121114602318,0.02108606031164377,0.0124804992199688,8,F01,중분류 직접 대응,202506,202507,20254,rolling_mean_blend,True,67.85714285714286
송산면,광고,0.4687706807446125,0.014958743095844242,0.0093603744149766,6,F01,중분류 직접 대응,202506,202507,20254,rolling_mean_blend,True,64.28571428571429
병점2동,광고,0.24490352022880513,0.023915997707832908,0.0187207488299532,12,F01,중분류 직접 대응,202506,202507,20254,rolling_mean_blend,True,60.71428571428571
향남읍,광고,0.18028713066630447,0.039233870847045355,0.0327613104524181,21,F01,중분류 직접 대응,202506,202507,20254,rolling_mean_blend,True,57.14285714285714
우정읍,광고,0.10689376251567266,0.00520830014250373,0.0046801872074883,3,F01,중분류 직접 대응,202506,202507,20254,rolling_mean_blend,True,53.57142857142857
반월동,광고,0.10003551608803325,0.018966270376041126,0.0171606864274571,11,F01,중분류 직접 대응,202506,202507,20254,rolling_mean_blend,True,50.0
동탄1동,광고,0.01734139305861211,0.1476237529062456,0.14508580343213728,93,F01,중분류 직접 대응,202506,202507,20254,rolling_mean_blend,True,46.42857142857143
매송면,광고,-0.08901122518551988,0.005708715486292176,0.0062402496099844,4,F01,중분류 직접 대응,202506,202507,20254,rolling_mean_blend,True,42.857142857142854
동탄7동,광고,-0.14578116593387777,0.031013869204082244,0.0358814352574103,23,F01,중분류 직접 대응,202506,202507,20254,rolling_mean_blend,True,39.285714285714285
새솔동,광고,-0.21718995218675388,0.006277317145399996,0.0078003120124804995,5,F01,중분류 직접 대응,202506,202507,20254,rolling_mean_blend,True,35.714285714285715
기배동,광고,-0.2489311983172369,0.003648610889355315,0.0046801872074883,3,F01,중분류 직접 대응,202506,202507,20254,rolling_mean_blend,True,32.142857142857146
화산동,광고,-0.30529627590358704,0.012645532791620676,0.0171606864274571,11,F01,중분류 직접 대응,202506,202507,20254,rolling_mean_blend,True,28.57142857142857
비봉면,광고,-0.5047138161029493,0.007533810401818097,0.0124804992199688,8,F01,중분류 직접 대응,202506,202507,20254,rolling_mean_blend,True,25.0
동탄5동,광고,-0.821774018186064,0.16461136353807557,0.374414976599064,240,F01,중분류 직접 대응,202506,202507,20254,rolling_mean_blend,True,21.428571428571427
정남면,광고,-1.100134936677138,0.004672399178578836,0.014040561622464899,9,F01,중분류 직접 대응,202506,202507,20254,rolling_mean_blend,True,17.857142857142858
남양읍,광고,-1.202337034329087,0.015000417874197128,0.0499219968798752,32,F01,중분류 직접 대응,202506,202507,20254,rolling_mean_blend,True,14.285714285714285
동탄6동,광고,-1.2693108708761864,0.025427459852262406,0.0904836193447738,58,F01,중분류 직접 대응,202506,202507,20254,rolling_mean_blend,True,10.714285714285714
양감면,광고,-1.702220603081042,0.0005679133439430834,0.0031201248049922,2,F01,중분류 직접 대응,202506,202507,20254,rolling_mean_blend,True,7.142857142857142
병점1동,광고,-1.729614003902638,0.007469578390706723,0.0421216848673947,27,F01,중분류 직접 대응,202506,202507,20254,rolling_mean_blend,True,3.571428571428571
병점1동,교육 지원,4.377599667358398,0.38671275041580105,0.0048543689320388345,1,R03,중분류 직접 대응,202506,202507,20254,rolling_mean_blend,True,100.0
동탄9동,교육 지원,1.6747461033108595,0.025914239472464604,0.0048543689320388345,1,R03,중분류 직접 대응,202506,202507,20254,rolling_mean_blend,True,96.42857142857143
동탄4동,교육 지원,1.6672730549224302,0.025721295471751598,0.0048543689320388345,1,R03,중분류 직접 대응,202506,202507,20254,rolling_mean_blend,True,92.85714285714286
동탄3동,교육 지원,0.2181296176645858,0.030188308527820326,0.024271844660194174,5,R03,중분류 직접 대응,202506,202507,20254,rolling_mean_blend,True,89.28571428571429
새솔동,교육 지원,0.20781791163122704,0.01792725526610424,0.014563106796116505,3,R03,중분류 직접 대응,202506,202507,20254,rolling_mean_blend,True,85.71428571428571
동탄7동,교육 지원,0.20754461340968466,0.05974064906159365,0.04854368932038835,10,R03,중분류 직접 대응,202506,202507,20254,rolling_mean_blend,True,82.14285714285714
봉담읍,교육 지원,0.19976081030958004,0.07113288010961999,0.05825242718446602,12,R03,중분류 직접 대응,202506,202507,20254,rolling_mean_blend,True,78.57142857142857
기배동,교육 지원,0.06022254208948695,0.005155755646491649,0.0048543689320388345,1,R03,중분류 직접 대응,202506,202507,20254,rolling_mean_blend,True,75.0
동탄2동,교육 지원,-0.01294610704487431,0.02875155995290933,0.02912621359223301,6,R03,중분류 직접 대응,202506,202507,20254,rolling_mean_blend,True,71.42857142857143
동탄1동,교육 지원,-0.07208267332942357,0.1761538371881954,0.18932038834951456,39,R03,중분류 직접 대응,202506,202507,20254,rolling_mean_blend,True,67.85714285714286
우정읍,교육 지원,-0.2535574844997086,0.011301258564039086,0.014563106796116505,3,R03,중분류 직접 대응,202506,202507,20254,rolling_mean_blend,True,64.28571428571429
진안동,교육 지원,-0.2583491373051418,0.01874553779574637,0.024271844660194174,5,R03,중분류 직접 대응,202506,202507,20254,rolling_mean_blend,True,60.71428571428571
향남읍,교육 지원,-0.48209715935268627,0.03297222771168927,0.05339805825242718,11,R03,중분류 직접 대응,202506,202507,20254,rolling_mean_blend,True,57.14285714285714
반월동,교육 지원,-0.6248473453192536,0.007795794735162104,0.014563106796116505,3,R03,중분류 직접 대응,202506,202507,20254,rolling_mean_blend,True,53.57142857142857
비봉면,교육 지원,-0.7103263035534843,0.007157022528212481,0.014563106796116505,3,R03,중분류 직접 대응,202506,202507,20254,rolling_mean_blend,True,50.0
마도면,교육 지원,-0.8766361896100313,0.004040003676269084,0.009708737864077669,2,R03,중분류 직접 대응,202506,202507,20254,rolling_mean_blend,True,46.42857142857143
화산동,교육 지원,-0.8860249236073877,0.0020008268034152643,0.0048543689320388345,1,R03,중분류 직접 대응,202506,202507,20254,rolling_mean_blend,True,42.857142857142854
동탄6동,교육 지원,-1.0255544840344974,0.026110832406347907,0.07281553398058252,15,R03,중분류 직접 대응,202506,202507,20254,rolling_mean_blend,True,39.285714285714285
동탄8동,교육 지원,-1.0840740171446528,0.004924796788597876,0.014563106796116505,3,R03,중분류 직접 대응,202506,202507,20254,rolling_mean_blend,True,35.714285714285715
동탄5동,교육 지원,-1.5546863503028692,0.038968696865372195,0.18446601941747573,38,R03,중분류 직접 대응,202506,202507,20254,rolling_mean_blend,True,32.142857142857146
매송면,교육 지원,-1.6847360994649272,0.0036009986448114215,0.019417475728155338,4,R03,중분류 직접 대응,202506,202507,20254,rolling_mean_blend,True,28.57142857142857
송산면,교육 지원,-1.844891944675734,0.0023007463524388444,0.014563106796116505,3,R03,중분류 직접 대응,202506,202507,20254,rolling_mean_blend,True,25.0
서신면,교육 지원,-1.9466042877551144,0.0020781429705501,0.014563106796116505,3,R03,중분류 직접 대응,202506,202507,20254,rolling_mean_blend,True,21.428571428571427
병점2동,교육 지원,-2.208232358619061,0.001066049034588509,0.009708737864077669,2,R03,중분류 직접 대응,202506,202507,20254,rolling_mean_blend,True,17.857142857142858
정남면,교육 지원,-2.479315298955527,0.0024398775180824385,0.02912621359223301,6,R03,중분류 직접 대응,202506,202507,20254,rolling_mean_blend,True,14.285714285714285
남양읍,교육 지원,-2.634585060072023,0.004178609689369082,0.05825242718446602,12,R03,중분류 직접 대응,202506,202507,20254,rolling_mean_blend,True,10.714285714285714
팔탄면,교육 지원,-3.7185359369196913,0.0014127800299692894,0.05825242718446602,12,R03,중분류 직접 대응,202506,202507,20254,rolling_mean_blend,True,7.142857142857142
양감면,교육 지원,-8.487840367959606,0.0,0.0048543689320388345,1,R03,중분류 직접 대응,202506,202507,20254,rolling_mean_blend,True,3.571428571428571
매송면,구내식당·뷔페,3.1789732638843384,0.08643336938691014,0.0035971223021582736,2,Q05|Q16,중분류 직접 대응,202506,202507,20254,rolling_mean_blend,True,100.0
새솔동,구내식당·뷔페,2.3789179732566743,0.01942205579512412,0.0017985611510791368,1,Q05|Q16,중분류 직접 대응,202506,202507,20254,rolling_mean_blend,True,96.29629629629629
진안동,구내식당·뷔페,1.735502277867221,0.0408088149124331,0.007194244604316547,4,Q05|Q16,중분류 직접 대응,202506,202507,20254,rolling_mean_blend,True,92.5925925925926
봉담읍,구내식당·뷔페,1.6313025073680123,0.2481771786479099,0.048561151079136694,27,Q05|Q16,중분류 직접 대응,202506,202507,20254,rolling_mean_blend,True,88.88888888888889
동탄4동,구내식당·뷔페,1.545859223011246,0.016881394775099586,0.0035971223021582736,2,Q05|Q16,중분류 직접 대응,202506,202507,20254,rolling_mean_blend,True,85.18518518518519
동탄1동,구내식당·뷔페,1.5387751918077581,0.1256928820816338,0.02697841726618705,15,Q05|Q16,중분류 직접 대응,202506,202507,20254,rolling_mean_blend,True,81.48148148148148
송산면,구내식당·뷔페,1.4339008027965063,0.11317850007322904,0.02697841726618705,15,Q05|Q16,중분류 직접 대응,202506,202507,20254,rolling_mean_blend,True,77.77777777777779
동탄3동,구내식당·뷔페,0.6120512749048722,0.006634694945004267,0.0035971223021582736,2,Q05|Q16,중분류 직접 대응,202506,202507,20254,rolling_mean_blend,True,74.07407407407408
동탄7동,구내식당·뷔페,0.6030602032640737,0.01972424563429395,0.01079136690647482,6,Q05|Q16,중분류 직접 대응,202506,202507,20254,rolling_mean_blend,True,70.37037037037037
팔탄면,구내식당·뷔페,-0.2849389953890609,0.09874146004586908,0.13129496402877697,73,Q05|Q16,중분류 직접 대응,202506,202507,20254,rolling_mean_blend,True,66.66666666666666
반월동,구내식당·뷔페,-0.30013476185307053,0.02930874189498797,0.039568345323741004,22,Q05|Q16,중분류 직접 대응,202506,202507,20254,rolling_mean_blend,True,62.96296296296296
화산동,구내식당·뷔페,-0.40527187092379446,0.008394574218754672,0.012589928057553957,7,Q05|Q16,중분류 직접 대응,202506,202507,20254,rolling_mean_blend,True,59.25925925925925
향남읍,구내식당·뷔페,-0.8224007806252953,0.05689699170342302,0.12949640287769784,72,Q05|Q16,중분류 직접 대응,202506,202507,20254,rolling_mean_blend,True,55.55555555555556
동탄5동,구내식당·뷔페,-1.001631253125925,0.015853172713416925,0.04316546762589928,24,Q05|Q16,중분류 직접 대응,202506,202507,20254,rolling_mean_blend,True,51.85185185185185
우정읍,구내식당·뷔페,-1.0719109642272449,0.01600868646169172,0.046762589928057555,26,Q05|Q16,중분류 직접 대응,202506,202507,20254,rolling_mean_blend,True,48.148148148148145
기배동,구내식당·뷔페,-1.1483244710473877,0.0017106539384202037,0.00539568345323741,3,Q05|Q16,중분류 직접 대응,202506,202507,20254,rolling_mean_blend,True,44.44444444444444
남양읍,구내식당·뷔페,-1.225038448841856,0.020075486955214123,0.0683453237410072,38,Q05|Q16,중분류 직접 대응,202506,202507,20254,rolling_mean_blend,True,40.74074074074074
동탄6동,구내식당·뷔페,-1.4843678961558184,0.008559580490277729,0.03776978417266187,21,Q05|Q16,중분류 직접 대응,202506,202507,20254,rolling_mean_blend,True,37.03703703703704
정남면,구내식당·뷔페,-1.5674723041636984,0.02138156141635867,0.10251798561151079,57,Q05|Q16,중분류 직접 대응,202506,202507,20254,rolling_mean_blend,True,33.33333333333333
장안면,구내식당·뷔페,-1.574755093271585,0.016757519179569882,0.08093525179856115,45,Q05|Q16,중분류 직접 대응,202506,202507,20254,rolling_mean_blend,True,29.629629629629626
비봉면,구내식당·뷔페,-1.6841259140352627,0.004005083387763454,0.02158273381294964,12,Q05|Q16,중분류 직접 대응,202506,202507,20254,rolling_mean_blend,True,25.925925925925924
서신면,구내식당·뷔페,-1.73739742751777,0.00443027166455769,0.025179856115107913,14,Q05|Q16,중분류 직접 대응,202506,202507,20254,rolling_mean_blend,True,22.22222222222222
양감면,구내식당·뷔페,-1.7670416993359463,0.008602504777571712,0.050359712230215826,28,Q05|Q16,중분류 직접 대응,202506,202507,20254,rolling_mean_blend,True,18.51851851851852
마도면,구내식당·뷔페,-1.9484417004504542,0.009225498973348905,0.06474820143884892,36,Q05|Q16,중분류 직접 대응,202506,202507,20254,rolling_mean_blend,True,14.814814814814813
동탄8동,구내식당·뷔페,-2.4862891549764647,0.00029842927636711416,0.0035971223021582736,2,Q05|Q16,중분류 직접 대응,202506,202507,20254,rolling_mean_blend,True,11.11111111111111
병점1동,구내식당·뷔페,-5.541438242208937,6.055869805932111e-06,0.0017985611510791368,1,Q05|Q16,중분류 직접 대응,202506,202507,20254,rolling_mean_blend,True,7.4074074074074066
동탄2동,구내식당·뷔페,-7.495298109202961,0.0,0.0017985611510791368,1,Q05|Q16,중분류 직접 대응,202506,202507,20254,rolling_mean_blend,True,3.7037037037037033
동탄9동,기술 서비스,6.450901015744932,0.5859119624952679,0.0009242144177449168,1,F03,중분류 직접 대응,202506,202507,20254,rolling_mean_blend,True,100.0
동탄6동,기술 서비스,1.2178138119879658,0.11870113222170504,0.03512014787430684,38,F03,중분류 직접 대응,202506,202507,20254,rolling_mean_blend,True,96.42857142857143
양감면,기술 서비스,0.2937800269027679,0.011158750932310665,0.00831792975970425,9,F03,중분류 직접 대응,202506,202507,20254,rolling_mean_blend,True,92.85714285714286
동탄1동,기술 서비스,0.2171929789018126,0.05856935297676381,0.04713493530499076,51,F03,중분류 직접 대응,202506,202507,20254,rolling_mean_blend,True,89.28571428571429
봉담읍,기술 서비스,0.005083916727997164,0.07895863102074613,0.07855822550831792,85,F03,중분류 직접 대응,202506,202507,20254,rolling_mean_blend,True,85.71428571428571
서신면,기술 서비스,-0.2771316716782257,0.006304371821938742,0.00831792975970425,9,F03,중분류 직접 대응,202506,202507,20254,rolling_mean_blend,True,82.14285714285714
동탄8동,기술 서비스,-0.29694484938227284,0.0013732828129563379,0.0018484288354898336,2,F03,중분류 직접 대응,202506,202507,20254,rolling_mean_blend,True,78.57142857142857
향남읍,기술 서비스,-0.3734473143995185,0.03435393198038726,0.04990757855822551,54,F03,중분류 직접 대응,202506,202507,20254,rolling_mean_blend,True,75.0
병점1동,기술 서비스,-0.7393374611271358,0.0176493896954284,0.036968576709796676,40,F03,중분류 직접 대응,202506,202507,20254,rolling_mean_blend,True,71.42857142857143
동탄2동,기술 서비스,-0.9125109849864292,0.0033391730830607614,0.00831792975970425,9,F03,중분류 직접 대응,202506,202507,20254,rolling_mean_blend,True,67.85714285714286
새솔동,기술 서비스,-1.0427398382194546,0.003257093695944863,0.009242144177449169,10,F03,중분류 직접 대응,202506,202507,20254,rolling_mean_blend,True,64.28571428571429
동탄3동,기술 서비스,-1.1213269947023934,0.007528140778083649,0.02310536044362292,25,F03,중분류 직접 대응,202506,202507,20254,rolling_mean_blend,True,60.71428571428571
화산동,기술 서비스,-1.5320186446820072,0.0023958778324131087,0.011090573012939002,12,F03,중분류 직접 대응,202506,202507,20254,rolling_mean_blend,True,57.14285714285714
장안면,기술 서비스,-1.6315466559910592,0.0027112118842002575,0.013863216266173753,15,F03,중분류 직접 대응,202506,202507,20254,rolling_mean_blend,True,53.57142857142857
팔탄면,기술 서비스,-1.7929293312937413,0.010153638783742612,0.06099815157116451,66,F03,중분류 직접 대응,202506,202507,20254,rolling_mean_blend,True,50.0
기배동,기술 서비스,-1.8151995383825021,0.0018047681941682713,0.011090573012939002,12,F03,중분류 직접 대응,202506,202507,20254,rolling_mean_blend,True,46.42857142857143
진안동,기술 서비스,-1.9114446880067628,0.009565379637912489,0.06469500924214418,70,F03,중분류 직접 대응,202506,202507,20254,rolling_mean_blend,True,42.857142857142854
마도면,기술 서비스,-1.9127130859690822,0.0024559177097361884,0.0166358595194085,18,F03,중분류 직접 대응,202506,202507,20254,rolling_mean_blend,True,39.285714285714285
반월동,기술 서비스,-1.9706366961872424,0.0020600353803230365,0.014787430683918669,16,F03,중분류 직접 대응,202506,202507,20254,rolling_mean_blend,True,35.714285714285715
송산면,기술 서비스,-1.9937983825268875,0.0015094192320903807,0.011090573012939002,12,F03,중분류 직접 대응,202506,202507,20254,rolling_mean_blend,True,32.142857142857146
남양읍,기술 서비스,-2.029646075427683,0.017727203274365555,0.13493530499075784,146,F03,중분류 직접 대응,202506,202507,20254,rolling_mean_blend,True,28.57142857142857
비봉면,기술 서비스,-2.708300236631194,0.0007998522288324211,0.012014787430683918,13,F03,중분류 직접 대응,202506,202507,20254,rolling_mean_blend,True,25.0
동탄5동,기술 서비스,-2.8588936852132125,0.014888461103824921,0.25970425138632164,281,F03,중분류 직접 대응,202506,202507,20254,rolling_mean_blend,True,21.428571428571427
정남면,기술 서비스,-3.6068840331799805,0.000751419122962591,0.027726432532347505,30,F03,중분류 직접 대응,202506,202507,20254,rolling_mean_blend,True,17.857142857142858
우정읍,기술 서비스,-4.117584359498481,0.0001495135368814563,0.009242144177449169,10,F03,중분류 직접 대응,202506,202507,20254,rolling_mean_blend,True,14.285714285714285
동탄7동,기술 서비스,-5.034375140020651,6.519219727995605e-05,0.010166358595194085,11,F03,중분류 직접 대응,202506,202507,20254,rolling_mean_blend,True,10.714285714285714
매송면,기술 서비스,-8.620883884861135,0.0,0.005545286506469501,6,F03,중분류 직접 대응,202506,202507,20254,rolling_mean_blend,True,7.142857142857142
병점2동,기술 서비스,-10.262966205659696,0.0,0.02865064695009242,31,F03,중분류 직접 대응,202506,202507,20254,rolling_mean_blend,True,3.571428571428571
향남읍,기타 가정용품 수리,1.6791852532833556,0.7299311184128222,0.13615023474178403,29,F07,중분류 직접 대응,202506,202507,20254,rolling_mean_blend,True,100.0
동탄8동,기타 가정용품 수리,1.6240062428927298,0.047641395712314384,0.009389671361502348,2,F07,중분류 직접 대응,202506,202507,20254,rolling_mean_blend,True,96.42857142857143
화산동,기타 가정용품 수리,0.34417857786622996,0.04636573427123816,0.03286384976525822,7,F07,중분류 직접 대응,202506,202507,20254,rolling_mean_blend,True,92.85714285714286
팔탄면,기타 가정용품 수리,0.3414596403968101,0.03302857146474157,0.023474178403755867,5,F07,중분류 직접 대응,202506,202507,20254,rolling_mean_blend,True,89.28571428571429
마도면,기타 가정용품 수리,-0.6016036013404884,0.002571999886662793,0.004694835680751174,1,F07,중분류 직접 대응,202506,202507,20254,rolling_mean_blend,True,85.71428571428571
송산면,기타 가정용품 수리,-0.8572333697045077,0.013944687500601502,0.03286384976525822,7,F07,중분류 직접 대응,202506,202507,20254,rolling_mean_blend,True,82.14285714285714
남양읍,기타 가정용품 수리,-0.8909698160708555,0.019260334448345455,0.046948356807511735,10,F07,중분류 직접 대응,202506,202507,20254,rolling_mean_blend,True,78.57142857142857
매송면,기타 가정용품 수리,-0.9596418502847714,0.005394172375299675,0.014084507042253521,3,F07,중분류 직접 대응,202506,202507,20254,rolling_mean_blend,True,75.0
동탄5동,기타 가정용품 수리,-1.055606081492961,0.022871368712076626,0.06572769953051644,14,F07,중분류 직접 대응,202506,202507,20254,rolling_mean_blend,True,71.42857142857143
동탄4동,기타 가정용품 수리,-1.109131416401069,0.00309646914050371,0.009389671361502348,2,F07,중분류 직접 대응,202506,202507,20254,rolling_mean_blend,True,67.85714285714286
진안동,기타 가정용품 수리,-1.3137013153281911,0.01766840020906525,0.06572769953051644,14,F07,중분류 직접 대응,202506,202507,20254,rolling_mean_blend,True,64.28571428571429
비봉면,기타 가정용품 수리,-1.3259028202770464,0.002492815751650007,0.009389671361502348,2,F07,중분류 직접 대응,202506,202507,20254,rolling_mean_blend,True,60.71428571428571
동탄9동,기타 가정용품 수리,-1.3774162856807535,0.001183427819117578,0.004694835680751174,1,F07,중분류 직접 대응,202506,202507,20254,rolling_mean_blend,True,57.14285714285714
동탄7동,기타 가정용품 수리,-1.4695212393610904,0.00755908513276224,0.03286384976525822,7,F07,중분류 직접 대응,202506,202507,20254,rolling_mean_blend,True,53.57142857142857
동탄3동,기타 가정용품 수리,-1.7128798630829403,0.005079340153950167,0.028169014084507043,6,F07,중분류 직접 대응,202506,202507,20254,rolling_mean_blend,True,50.0
병점2동,기타 가정용품 수리,-1.7855079407134955,0.00551082480944042,0.03286384976525822,7,F07,중분류 직접 대응,202506,202507,20254,rolling_mean_blend,True,46.42857142857143
병점1동,기타 가정용품 수리,-1.9617087911146704,0.003960209035867879,0.028169014084507043,6,F07,중분류 직접 대응,202506,202507,20254,rolling_mean_blend,True,42.857142857142854
동탄1동,기타 가정용품 수리,-2.055665062057604,0.017427402900751766,0.13615023474178403,29,F07,중분류 직접 대응,202506,202507,20254,rolling_mean_blend,True,39.285714285714285
동탄6동,기타 가정용품 수리,-2.58175321874303,0.006036172468112702,0.07981220657276995,17,F07,중분류 직접 대응,202506,202507,20254,rolling_mean_blend,True,35.714285714285715
봉담읍,기타 가정용품 수리,-2.8262345354517597,0.005004874731277467,0.08450704225352113,18,F07,중분류 직접 대응,202506,202507,20254,rolling_mean_blend,True,32.142857142857146
정남면,기타 가정용품 수리,-2.9223896570638095,0.00227250274104422,0.04225352112676056,9,F07,중분류 직접 대응,202506,202507,20254,rolling_mean_blend,True,28.57142857142857
반월동,기타 가정용품 수리,-3.1719250383425894,0.0007863248738956371,0.018779342723004695,4,F07,중분류 직접 대응,202506,202507,20254,rolling_mean_blend,True,25.0
동탄2동,기타 가정용품 수리,-3.7029426118296183,0.0003462201672764548,0.014084507042253521,3,F07,중분류 직접 대응,202506,202507,20254,rolling_mean_blend,True,21.428571428571427
우정읍,기타 가정용품 수리,-3.8819772339979197,0.0001925420561205338,0.009389671361502348,2,F07,중분류 직접 대응,202506,202507,20254,rolling_mean_blend,True,17.857142857142858
양감면,기타 가정용품 수리,-4.225058863489562,0.0001363336276352868,0.009389671361502348,2,F07,중분류 직접 대응,202506,202507,20254,rolling_mean_blend,True,14.285714285714285
서신면,기타 가정용품 수리,-5.568614820584616,1.6918192705785746e-05,0.004694835680751174,1,F07,중분류 직접 대응,202506,202507,20254,rolling_mean_blend,True,10.714285714285714
장안면,기타 가정용품 수리,-6.779072023563415,2.0359443884721612e-05,0.018779342723004695,4,F07,중분류 직접 대응,202506,202507,20254,rolling_mean_blend,True,7.142857142857142
새솔동,기타 가정용품 수리,-8.45443136957357,0.0,0.004694835680751174,1,F07,중분류 직접 대응,202506,202507,20254,rolling_mean_blend,True,3.571428571428571
화산동,기타 간이,0.9703238522600444,0.039321489987320435,0.014900662251655629,36,Q03|Q06|Q14,중분류 직접 대응,202506,202507,20254,rolling_mean_blend,True,100.0
동탄1동,기타 간이,0.4638430600711465,0.1526993593308838,0.09602649006622517,232,Q03|Q06|Q14,중분류 직접 대응,202506,202507,20254,rolling_mean_blend,True,96.55172413793103
반월동,기타 간이,0.44921890461612235,0.04345871004269629,0.027731788079470198,67,Q03|Q06|Q14,중분류 직접 대응,202506,202507,20254,rolling_mean_blend,True,93.10344827586206
팔탄면,기타 간이,0.41303753176437547,0.025649299385276485,0.01697019867549669,41,Q03|Q06|Q14,중분류 직접 대응,202506,202507,20254,rolling_mean_blend,True,89.65517241379311
송산면,기타 간이,0.30544193779929063,0.025841555590255035,0.01903973509933775,46,Q03|Q06|Q14,중분류 직접 대응,202506,202507,20254,rolling_mean_blend,True,86.20689655172413
진안동,기타 간이,0.24785707723699138,0.052502931423006896,0.04097682119205298,99,Q03|Q06|Q14,중분류 직접 대응,202506,202507,20254,rolling_mean_blend,True,82.75862068965517
기배동,기타 간이,0.22367235187273496,0.010353406087481257,0.008278145695364239,20,Q03|Q06|Q14,중분류 직접 대응,202506,202507,20254,rolling_mean_blend,True,79.3103448275862
서신면,기타 간이,0.1781879766331686,0.015334031220966044,0.01283112582781457,31,Q03|Q06|Q14,중분류 직접 대응,202506,202507,20254,rolling_mean_blend,True,75.86206896551724
마도면,기타 간이,0.14200446583340112,0.007633144606721543,0.006622516556291391,16,Q03|Q06|Q14,중분류 직접 대응,202506,202507,20254,rolling_mean_blend,True,72.41379310344827
병점1동,기타 간이,0.11515124695141667,0.03204522800073627,0.028559602649006623,69,Q03|Q06|Q14,중분류 직접 대응,202506,202507,20254,rolling_mean_blend,True,68.96551724137932
동탄6동,기타 간이,0.04416794463558272,0.057103041301304384,0.054635761589403975,132,Q03|Q06|Q14,중분류 직접 대응,202506,202507,20254,rolling_mean_blend,True,65.51724137931035
동탄9동,기타 간이,-0.004539233191589135,0.027606187767539293,0.027731788079470198,67,Q03|Q06|Q14,중분류 직접 대응,202506,202507,20254,rolling_mean_blend,True,62.06896551724138
동탄5동,기타 간이,-0.07652905780813067,0.06709721500835013,0.07243377483443708,175,Q03|Q06|Q14,중분류 직접 대응,202506,202507,20254,rolling_mean_blend,True,58.620689655172406
동탄7동,기타 간이,-0.1018675981720546,0.06429694331626136,0.07119205298013245,172,Q03|Q06|Q14,중분류 직접 대응,202506,202507,20254,rolling_mean_blend,True,55.172413793103445
동탄3동,기타 간이,-0.1322972019732108,0.026833470111803093,0.030629139072847682,74,Q03|Q06|Q14,중분류 직접 대응,202506,202507,20254,rolling_mean_blend,True,51.724137931034484
양감면,기타 간이,-0.16910198253819786,0.0034949718342727584,0.0041390728476821195,10,Q03|Q06|Q14,중분류 직접 대응,202506,202507,20254,rolling_mean_blend,True,48.275862068965516
남양읍,기타 간이,-0.1789617418450589,0.05468103907030597,0.06539735099337748,158,Q03|Q06|Q14,중분류 직접 대응,202506,202507,20254,rolling_mean_blend,True,44.827586206896555
향남읍,기타 간이,-0.21777051711991335,0.08888671196550345,0.11051324503311258,267,Q03|Q06|Q14,중분류 직접 대응,202506,202507,20254,rolling_mean_blend,True,41.37931034482759
동탄4동,기타 간이,-0.22883673624841255,0.02469324721001362,0.031043046357615893,75,Q03|Q06|Q14,중분류 직접 대응,202506,202507,20254,rolling_mean_blend,True,37.93103448275862
봉담읍,기타 간이,-0.24166995084949683,0.08191181450195784,0.10430463576158941,252,Q03|Q06|Q14,중분류 직접 대응,202506,202507,20254,rolling_mean_blend,True,34.48275862068966
우정읍,기타 간이,-0.26035691335647154,0.015313209908209518,0.019867549668874173,48,Q03|Q06|Q14,중분류 직접 대응,202506,202507,20254,rolling_mean_blend,True,31.03448275862069
매송면,기타 간이,-0.27210018810355757,0.007251786832627218,0.009519867549668874,23,Q03|Q06|Q14,중분류 직접 대응,202506,202507,20254,rolling_mean_blend,True,27.586206896551722
비봉면,기타 간이,-0.29412689410282095,0.009561268242273291,0.01283112582781457,31,Q03|Q06|Q14,중분류 직접 대응,202506,202507,20254,rolling_mean_blend,True,24.137931034482758
동탄8동,기타 간이,-0.36711641704665265,0.0120421669778451,0.0173841059602649,42,Q03|Q06|Q14,중분류 직접 대응,202506,202507,20254,rolling_mean_blend,True,20.689655172413794
동탄2동,기타 간이,-0.4089128598524588,0.01622398360796683,0.024420529801324503,59,Q03|Q06|Q14,중분류 직접 대응,202506,202507,20254,rolling_mean_blend,True,17.24137931034483
새솔동,기타 간이,-0.4558160468640107,0.017579658545926614,0.027731788079470198,67,Q03|Q06|Q14,중분류 직접 대응,202506,202507,20254,rolling_mean_blend,True,13.793103448275861
장안면,기타 간이,-0.5070352290493242,0.004486776923979912,0.0074503311258278145,18,Q03|Q06|Q14,중분류 직접 대응,202506,202507,20254,rolling_mean_blend,True,10.344827586206897
정남면,기타 간이,-0.8159564478962112,0.006405719488798239,0.014486754966887417,35,Q03|Q06|Q14,중분류 직접 대응,202506,202507,20254,rolling_mean_blend,True,6.896551724137931
병점2동,기타 간이,-0.8355495269328066,0.009691631709717166,0.022350993377483443,54,Q03|Q06|Q14,중분류 직접 대응,202506,202507,20254,rolling_mean_blend,True,3.4482758620689653
향남읍,기타 개인,0.4896560553082599,0.27195978008739796,0.16666666666666666,3,F14,중분류 직접 대응,202506,202507,20254,rolling_mean_blend,True,100.0
동탄8동,기타 개인,-0.6506320234034791,0.028983740374657004,0.05555555555555555,1,F14,중분류 직접 대응,202506,202507,20254,rolling_mean_blend,True,90.0
새솔동,기타 개인,-0.9217330221056506,0.04420261970459981,0.1111111111111111,2,F14,중분류 직접 대응,202506,202507,20254,rolling_mean_blend,True,80.0
동탄1동,기타 개인,-1.0223634949028886,0.01998511986802308,0.05555555555555555,1,F14,중분류 직접 대응,202506,202507,20254,rolling_mean_blend,True,70.0
동탄5동,기타 개인,-3.971836867718198,0.005232017993205994,0.2777777777777778,5,F14,중분류 직접 대응,202506,202507,20254,rolling_mean_blend,True,60.0
동탄6동,기타 개인,-5.582280078655948,0.00020811340683772063,0.05555555555555555,1,F14,중분류 직접 대응,202506,202507,20254,rolling_mean_blend,True,50.0
정남면,기타 개인,-5.698241624420476,0.00018521746836101124,0.05555555555555555,1,F14,중분류 직접 대응,202506,202507,20254,rolling_mean_blend,True,40.0
기배동,기타 개인,-10.92515679990611,0.0,0.05555555555555555,1,F14,중분류 직접 대응,202506,202507,20254,rolling_mean_blend,True,25.0
마도면,기타 개인,-10.92515679990611,0.0,0.05555555555555555,1,F14,중분류 직접 대응,202506,202507,20254,rolling_mean_blend,True,25.0
동탄2동,기타 개인,-11.618294980587555,0.0,0.1111111111111111,2,F14,중분류 직접 대응,202506,202507,20254,rolling_mean_blend,True,10.0
동탄9동,기타 교육,0.8204175310960973,0.06263490976963056,0.027574321413183972,64,R03|R04|R05|R08,중분류 직접 대응,202506,202507,20254,rolling_mean_blend,True,100.0
동탄4동,기타 교육,0.7550549071590595,0.11000862523805094,0.05170185264971995,120,R03|R04|R05|R08,중분류 직접 대응,202506,202507,20254,rolling_mean_blend,True,96.55172413793103
병점1동,기타 교육,0.5959187503958256,0.06880450885040629,0.037914691943127965,88,R03|R04|R05|R08,중분류 직접 대응,202506,202507,20254,rolling_mean_blend,True,93.10344827586206
동탄7동,기타 교육,0.43612664759535263,0.1392772704330116,0.09004739336492891,209,R03|R04|R05|R08,중분류 직접 대응,202506,202507,20254,rolling_mean_blend,True,89.65517241379311
동탄1동,기타 교육,0.42990317474790823,0.1536451795103987,0.0999569151227919,232,R03|R04|R05|R08,중분류 직접 대응,202506,202507,20254,rolling_mean_blend,True,86.20689655172413
비봉면,기타 교육,0.40133612733135665,0.010941867390809502,0.007324429125376993,17,R03|R04|R05|R08,중분류 직접 대응,202506,202507,20254,rolling_mean_blend,True,82.75862068965517
동탄2동,기타 교육,0.20221208806786123,0.049576318172484805,0.040499784575613956,94,R03|R04|R05|R08,중분류 직접 대응,202506,202507,20254,rolling_mean_blend,True,79.3103448275862
마도면,기타 교육,0.08657151680862991,0.0037585715976603228,0.0034467901766479965,8,R03|R04|R05|R08,중분류 직접 대응,202506,202507,20254,rolling_mean_blend,True,75.86206896551724
우정읍,기타 교육,-0.10269172397380595,0.009331105718907756,0.01034037052994399,24,R03|R04|R05|R08,중분류 직접 대응,202506,202507,20254,rolling_mean_blend,True,72.41379310344827
반월동,기타 교육,-0.148492190850682,0.029711425597727065,0.034467901766479965,80,R03|R04|R05|R08,중분류 직접 대응,202506,202507,20254,rolling_mean_blend,True,68.96551724137932
동탄5동,기타 교육,-0.2617367623171835,0.06665743302626664,0.08660060318828092,201,R03|R04|R05|R08,중분류 직접 대응,202506,202507,20254,rolling_mean_blend,True,65.51724137931035
동탄8동,기타 교육,-0.27099069029700146,0.0223428925415804,0.029297716501507972,68,R03|R04|R05|R08,중분류 직접 대응,202506,202507,20254,rolling_mean_blend,True,62.06896551724138
동탄6동,기타 교육,-0.29314784781804354,0.042742648194027406,0.05730288668677294,133,R03|R04|R05|R08,중분류 직접 대응,202506,202507,20254,rolling_mean_blend,True,58.620689655172406
정남면,기타 교육,-0.3266439795245767,0.004350762758135795,0.006031882809133994,14,R03|R04|R05|R08,중분류 직접 대응,202506,202507,20254,rolling_mean_blend,True,55.172413793103445
봉담읍,기타 교육,-0.3447717398395847,0.06470328031097827,0.0913399396811719,212,R03|R04|R05|R08,중분류 직접 대응,202506,202507,20254,rolling_mean_blend,True,51.724137931034484
새솔동,기타 교육,-0.5322696992940822,0.0255550906587613,0.043515725980180955,101,R03|R04|R05|R08,중분류 직접 대응,202506,202507,20254,rolling_mean_blend,True,48.275862068965516
병점2동,기타 교육,-0.5495752438473123,0.01243376343826045,0.021542438604049977,50,R03|R04|R05|R08,중분류 직접 대응,202506,202507,20254,rolling_mean_blend,True,44.827586206896555
향남읍,기타 교육,-0.5812767856265351,0.043365828662386585,0.07755277897457992,180,R03|R04|R05|R08,중분류 직접 대응,202506,202507,20254,rolling_mean_blend,True,41.37931034482759
남양읍,기타 교육,-0.591518831248097,0.0221771482550953,0.04006893580353296,93,R03|R04|R05|R08,중분류 직접 대응,202506,202507,20254,rolling_mean_blend,True,37.93103448275862
동탄3동,기타 교육,-0.6821736355477791,0.02678907444191807,0.05299439896596295,123,R03|R04|R05|R08,중분류 직접 대응,202506,202507,20254,rolling_mean_blend,True,34.48275862068966
화산동,기타 교육,-0.8023597409475891,0.00560040799057333,0.012494614390348987,29,R03|R04|R05|R08,중분류 직접 대응,202506,202507,20254,rolling_mean_blend,True,31.03448275862069
기배동,기타 교육,-0.8491752048620531,0.005712825363899761,0.013356311934510987,31,R03|R04|R05|R08,중분류 직접 대응,202506,202507,20254,rolling_mean_blend,True,27.586206896551722
진안동,기타 교육,-1.0084426727612141,0.01571615193023131,0.043084877208099955,100,R03|R04|R05|R08,중분류 직접 대응,202506,202507,20254,rolling_mean_blend,True,24.137931034482758
송산면,기타 교육,-1.2906040864580228,0.0014216165743602845,0.005170185264971995,12,R03|R04|R05|R08,중분류 직접 대응,202506,202507,20254,rolling_mean_blend,True,20.689655172413794
팔탄면,기타 교육,-1.4112395170575347,0.0009447706214492206,0.003877638948728996,9,R03|R04|R05|R08,중분류 직접 대응,202506,202507,20254,rolling_mean_blend,True,17.24137931034483
장안면,기타 교육,-1.4707587299062013,0.000989109544330967,0.004308487720809996,10,R03|R04|R05|R08,중분류 직접 대응,202506,202507,20254,rolling_mean_blend,True,13.793103448275861
매송면,기타 교육,-2.0381466549567775,0.0005603966309747642,0.004308487720809996,10,R03|R04|R05|R08,중분류 직접 대응,202506,202507,20254,rolling_mean_blend,True,10.344827586206897
서신면,기타 교육,-2.498502421393017,0.0002470167776826958,0.003015941404566997,7,R03|R04|R05|R08,중분류 직접 대응,202506,202507,20254,rolling_mean_blend,True,6.896551724137931
양감면,기타 교육,-6.7600641593901765,0.0,0.0008616975441619991,2,R03|R04|R05|R08,중분류 직접 대응,202506,202507,20254,rolling_mean_blend,True,3.4482758620689653
동탄6동,기타 보건,1.0589405401940235,0.12536338829542573,0.043478260869565216,2,S06,중분류 직접 대응,202506,202507,20254,rolling_mean_blend,True,100.0
동탄1동,기타 보건,0.6196887466992471,0.4039898875654698,0.21739130434782608,10,S06,중분류 직접 대응,202506,202507,20254,rolling_mean_blend,True,94.73684210526315
동탄5동,기타 보건,0.33568468081203445,0.09123286776247123,0.06521739130434782,3,S06,중분류 직접 대응,202506,202507,20254,rolling_mean_blend,True,89.47368421052632
봉담읍,기타 보건,0.3022844720028486,0.05882409413054109,0.043478260869565216,2,S06,중분류 직접 대응,202506,202507,20254,rolling_mean_blend,True,84.21052631578947
동탄7동,기타 보건,-0.18838832036506084,0.0360125674988067,0.043478260869565216,2,S06,중분류 직접 대응,202506,202507,20254,rolling_mean_blend,True,78.94736842105263
화산동,기타 보건,-0.32835040653505854,0.01565429932836597,0.021739130434782608,1,S06,중분류 직접 대응,202506,202507,20254,rolling_mean_blend,True,73.68421052631578
팔탄면,기타 보건,-0.33702146881674083,0.015519138095452186,0.021739130434782608,1,S06,중분류 직접 대응,202506,202507,20254,rolling_mean_blend,True,68.42105263157895
병점1동,기타 보건,-0.5906072725050687,0.03612938611297901,0.06521739130434782,3,S06,중분류 직접 대응,202506,202507,20254,rolling_mean_blend,True,63.1578947368421
남양읍,기타 보건,-0.6190057656328001,0.011705615575413424,0.021739130434782608,1,S06,중분류 직접 대응,202506,202507,20254,rolling_mean_blend,True,57.89473684210527
새솔동,기타 보건,-0.6525004063197206,0.011320000758726445,0.021739130434782608,1,S06,중분류 직접 대응,202506,202507,20254,rolling_mean_blend,True,52.63157894736842
동탄2동,기타 보건,-1.0973634453661747,0.00725476580372557,0.021739130434782608,1,S06,중분류 직접 대응,202506,202507,20254,rolling_mean_blend,True,47.368421052631575
동탄3동,기타 보건,-1.0974330534207037,0.014509187796479512,0.043478260869565216,2,S06,중분류 직접 대응,202506,202507,20254,rolling_mean_blend,True,42.10526315789473
기배동,기타 보건,-1.5225076920649552,0.004741916251096784,0.021739130434782608,1,S06,중분류 직접 대응,202506,202507,20254,rolling_mean_blend,True,36.84210526315789
향남읍,기타 보건,-1.6170787593188212,0.021572856525022856,0.10869565217391304,5,S06,중분류 직접 대응,202506,202507,20254,rolling_mean_blend,True,31.57894736842105
반월동,기타 보건,-2.273556227068246,0.0022370470980353128,0.021739130434782608,1,S06,중분류 직접 대응,202506,202507,20254,rolling_mean_blend,True,26.31578947368421
정남면,기타 보건,-2.3452395398081256,0.0020822315994564206,0.021739130434782608,1,S06,중분류 직접 대응,202506,202507,20254,rolling_mean_blend,True,21.052631578947366
병점2동,기타 보건,-2.6877621905360414,0.0073939608671391484,0.10869565217391304,5,S06,중분류 직접 대응,202506,202507,20254,rolling_mean_blend,True,15.789473684210526
동탄9동,기타 보건,-2.877245315102486,0.0036701177850425744,0.06521739130434782,3,S06,중분류 직접 대응,202506,202507,20254,rolling_mean_blend,True,10.526315789473683
장안면,기타 보건,-9.986915160417212,0.0,0.021739130434782608,1,S06,중분류 직접 대응,202506,202507,20254,rolling_mean_blend,True,5.263157894736842
동탄2동,기타 사업 서비스,2.5201046016213478,0.05920141457742934,0.004761904761904762,1,F11|F14,중분류 직접 대응,202506,202507,20254,rolling_mean_blend,True,100.0
매송면,기타 사업 서비스,2.389013812614088,0.10384548843439488,0.009523809523809525,2,F11|F14,중분류 직접 대응,202506,202507,20254,rolling_mean_blend,True,96.15384615384616
서신면,기타 사업 서비스,2.138032086597149,0.040401425197840075,0.004761904761904762,1,F11|F14,중분류 직접 대응,202506,202507,20254,rolling_mean_blend,True,92.3076923076923
병점2동,기타 사업 서비스,1.4216332810481251,0.03946869666181687,0.009523809523809525,2,F11|F14,중분류 직접 대응,202506,202507,20254,rolling_mean_blend,True,88.46153846153845
동탄3동,기타 사업 서비스,1.2215707994629403,0.016157213975722114,0.004761904761904762,1,F11|F14,중분류 직접 대응,202506,202507,20254,rolling_mean_blend,True,84.61538461538461
장안면,기타 사업 서비스,1.0528546100943386,0.054588918241008796,0.01904761904761905,4,F11|F14,중분류 직접 대응,202506,202507,20254,rolling_mean_blend,True,80.76923076923077
팔탄면,기타 사업 서비스,0.9711480508209684,0.13833841059516808,0.05238095238095238,11,F11|F14,중분류 직접 대응,202506,202507,20254,rolling_mean_blend,True,76.92307692307693
양감면,기타 사업 서비스,0.8144246533085089,0.04300842429433014,0.01904761904761905,4,F11|F14,중분류 직접 대응,202506,202507,20254,rolling_mean_blend,True,73.07692307692307
화산동,기타 사업 서비스,0.7670171041127452,0.07177893649362595,0.03333333333333333,7,F11|F14,중분류 직접 대응,202506,202507,20254,rolling_mean_blend,True,69.23076923076923
동탄8동,기타 사업 서비스,0.5823409189541978,0.008525667840698074,0.004761904761904762,1,F11|F14,중분류 직접 대응,202506,202507,20254,rolling_mean_blend,True,65.38461538461539
반월동,기타 사업 서비스,0.5220338818360553,0.024078573688523865,0.014285714285714285,3,F11|F14,중분류 직접 대응,202506,202507,20254,rolling_mean_blend,True,61.53846153846154
남양읍,기타 사업 서비스,0.46418076668003183,0.06817389750648989,0.04285714285714286,9,F11|F14,중분류 직접 대응,202506,202507,20254,rolling_mean_blend,True,57.692307692307686
마도면,기타 사업 서비스,0.4634153234044169,0.030276653476970807,0.01904761904761905,4,F11|F14,중분류 직접 대응,202506,202507,20254,rolling_mean_blend,True,53.84615384615385
향남읍,기타 사업 서비스,-0.038460805803999215,0.11455584552857935,0.11904761904761904,25,F11|F14,중분류 직접 대응,202506,202507,20254,rolling_mean_blend,True,50.0
비봉면,기타 사업 서비스,-0.37845288864243476,0.009784259746198275,0.014285714285714285,3,F11|F14,중분류 직접 대응,202506,202507,20254,rolling_mean_blend,True,46.15384615384615
송산면,기타 사업 서비스,-0.3863564915369605,0.016178923252770722,0.023809523809523808,5,F11|F14,중분류 직접 대응,202506,202507,20254,rolling_mean_blend,True,42.30769230769231
정남면,기타 사업 서비스,-0.45807345542854433,0.05120209552841533,0.08095238095238096,17,F11|F14,중분류 직접 대응,202506,202507,20254,rolling_mean_blend,True,38.46153846153847
동탄6동,기타 사업 서비스,-0.5508172184284866,0.019215526777424354,0.03333333333333333,7,F11|F14,중분류 직접 대응,202506,202507,20254,rolling_mean_blend,True,34.61538461538461
봉담읍,기타 사업 서비스,-0.7100234463264111,0.046821650713219684,0.09523809523809523,20,F11|F14,중분류 직접 대응,202506,202507,20254,rolling_mean_blend,True,30.76923076923077
병점1동,기타 사업 서비스,-1.4545455732515298,0.001111168989176503,0.004761904761904762,1,F11|F14,중분류 직접 대응,202506,202507,20254,rolling_mean_blend,True,26.923076923076923
동탄7동,기타 사업 서비스,-1.5365008562642322,0.0030725374995527114,0.014285714285714285,3,F11|F14,중분류 직접 대응,202506,202507,20254,rolling_mean_blend,True,23.076923076923077
우정읍,기타 사업 서비스,-2.2847662491921596,0.0038771153085660403,0.0380952380952381,8,F11|F14,중분류 직접 대응,202506,202507,20254,rolling_mean_blend,True,19.230769230769234
동탄5동,기타 사업 서비스,-2.406423330565568,0.014592717366917158,0.1619047619047619,34,F11|F14,중분류 직접 대응,202506,202507,20254,rolling_mean_blend,True,15.384615384615385
진안동,기타 사업 서비스,-2.5064119748917486,0.0034945253662376683,0.04285714285714286,9,F11|F14,중분류 직접 대응,202506,202507,20254,rolling_mean_blend,True,11.538461538461538
동탄1동,기타 사업 서비스,-2.84409094571103,0.006094853593739626,0.10476190476190476,22,F11|F14,중분류 직접 대응,202506,202507,20254,rolling_mean_blend,True,7.6923076923076925
기배동,기타 사업 서비스,-5.81125953261572,8.453605331376252e-05,0.02857142857142857,6,F11|F14,중분류 직접 대응,202506,202507,20254,rolling_mean_blend,True,3.8461538461538463
송산면,기타 상품 소매,3.425155835057023,0.1105600615684208,0.0035971223021582736,1,D18,중분류 직접 대응,202506,202507,20254,rolling_mean_blend,True,100.0
우정읍,기타 상품 소매,2.1017708848324923,0.20599462128722798,0.025179856115107913,7,D18,중분류 직접 대응,202506,202507,20254,rolling_mean_blend,True,96.42857142857143
장안면,기타 상품 소매,1.1465667177850767,0.06793096465648996,0.02158273381294964,6,D18,중분류 직접 대응,202506,202507,20254,rolling_mean_blend,True,92.85714285714286
봉담읍,기타 상품 소매,0.7782132591159469,0.14099543785633467,0.06474820143884892,18,D18,중분류 직접 대응,202506,202507,20254,rolling_mean_blend,True,89.28571428571429
정남면,기타 상품 소매,0.7568251696804944,0.1073427735808736,0.050359712230215826,14,D18,중분류 직접 대응,202506,202507,20254,rolling_mean_blend,True,85.71428571428571
서신면,기타 상품 소매,0.6279998453899751,0.040443869997828924,0.02158273381294964,6,D18,중분류 직접 대응,202506,202507,20254,rolling_mean_blend,True,82.14285714285714
병점2동,기타 상품 소매,0.443686825097594,0.0056064661551500595,0.0035971223021582736,1,D18,중분류 직접 대응,202506,202507,20254,rolling_mean_blend,True,78.57142857142857
팔탄면,기타 상품 소매,0.32439014937739136,0.059706290439372915,0.04316546762589928,12,D18,중분류 직접 대응,202506,202507,20254,rolling_mean_blend,True,75.0
남양읍,기타 상품 소매,0.11753531853964737,0.09709837100261398,0.08633093525179857,24,D18,중분류 직접 대응,202506,202507,20254,rolling_mean_blend,True,71.42857142857143
향남읍,기타 상품 소매,-0.1465985350155666,0.1087315975452004,0.12589928057553956,35,D18,중분류 직접 대응,202506,202507,20254,rolling_mean_blend,True,67.85714285714286
화산동,기타 상품 소매,-1.430461604026738,0.00602222255248967,0.025179856115107913,7,D18,중분류 직접 대응,202506,202507,20254,rolling_mean_blend,True,64.28571428571429
양감면,기타 상품 소매,-1.5488238726084298,0.004585494900748324,0.02158273381294964,6,D18,중분류 직접 대응,202506,202507,20254,rolling_mean_blend,True,60.71428571428571
동탄6동,기타 상품 소매,-2.9209118102568654,0.002518834177762129,0.046762589928057555,13,D18,중분류 직접 대응,202506,202507,20254,rolling_mean_blend,True,57.14285714285714
동탄8동,기타 상품 소매,-3.427412024131505,0.0003494374990537229,0.01079136690647482,3,D18,중분류 직접 대응,202506,202507,20254,rolling_mean_blend,True,53.57142857142857
동탄5동,기타 상품 소매,-6.016394867750922,0.0002972294860558745,0.1223021582733813,34,D18,중분류 직접 대응,202506,202507,20254,rolling_mean_blend,True,50.0
기배동,기타 상품 소매,-8.188167405638797,0.0,0.0035971223021582736,1,D18,중분류 직접 대응,202506,202507,20254,rolling_mean_blend,True,46.42857142857143
동탄4동,기타 상품 소매,-9.574253302978514,0.0,0.014388489208633094,4,D18,중분류 직접 대응,202506,202507,20254,rolling_mean_blend,True,42.857142857142854
동탄3동,기타 상품 소매,-9.797382955162115,0.0,0.017985611510791366,5,D18,중분류 직접 대응,202506,202507,20254,rolling_mean_blend,True,32.142857142857146
동탄9동,기타 상품 소매,-9.797382955162115,0.0,0.017985611510791366,5,D18,중분류 직접 대응,202506,202507,20254,rolling_mean_blend,True,32.142857142857146
마도면,기타 상품 소매,-9.797382955162115,0.0,0.017985611510791366,5,D18,중분류 직접 대응,202506,202507,20254,rolling_mean_blend,True,32.142857142857146
매송면,기타 상품 소매,-9.797382955162115,0.0,0.017985611510791366,5,D18,중분류 직접 대응,202506,202507,20254,rolling_mean_blend,True,32.142857142857146
새솔동,기타 상품 소매,-9.797382955162115,0.0,0.017985611510791366,5,D18,중분류 직접 대응,202506,202507,20254,rolling_mean_blend,True,32.142857142857146
동탄2동,기타 상품 소매,-9.97969524576167,0.0,0.02158273381294964,6,D18,중분류 직접 대응,202506,202507,20254,rolling_mean_blend,True,19.642857142857142
병점1동,기타 상품 소매,-9.97969524576167,0.0,0.02158273381294964,6,D18,중분류 직접 대응,202506,202507,20254,rolling_mean_blend,True,19.642857142857142
반월동,기타 상품 소매,-10.133839306826074,0.0,0.025179856115107913,7,D18,중분류 직접 대응,202506,202507,20254,rolling_mean_blend,True,14.285714285714285
진안동,기타 상품 소매,-10.58580998947993,0.0,0.039568345323741004,11,D18,중분류 직접 대응,202506,202507,20254,rolling_mean_blend,True,10.714285714285714
동탄7동,기타 상품 소매,-10.75286018612191,0.0,0.046762589928057555,13,D18,중분류 직접 대응,202506,202507,20254,rolling_mean_blend,True,7.142857142857142
동탄1동,기타 상품 소매,-11.078276646494983,0.0,0.06474820143884892,18,D18,중분류 직접 대응,202506,202507,20254,rolling_mean_blend,True,3.571428571428571
서신면,기타 생활용품 소매,1.223541684801896,0.012733505398941313,0.003745318352059925,1,D10|D18,중분류 직접 대응,202506,202507,20254,rolling_mean_blend,True,100.0
남양읍,기타 생활용품 소매,1.0852747430058374,0.14413412956337698,0.04868913857677903,13,D10|D18,중분류 직접 대응,202506,202507,20254,rolling_mean_blend,True,96.42857142857143
병점1동,기타 생활용품 소매,1.0578435695920405,0.021576063204871383,0.00749063670411985,2,D10|D18,중분류 직접 대응,202506,202507,20254,rolling_mean_blend,True,92.85714285714286
팔탄면,기타 생활용품 소매,0.8834211695575073,0.10872779796063636,0.0449438202247191,12,D10|D18,중분류 직접 대응,202506,202507,20254,rolling_mean_blend,True,89.28571428571429
비봉면,기타 생활용품 소매,0.846099587118216,0.03491577303899329,0.0149812734082397,4,D10|D18,중분류 직접 대응,202506,202507,20254,rolling_mean_blend,True,85.71428571428571
기배동,기타 생활용품 소매,0.773915633332689,0.01624266400835769,0.00749063670411985,2,D10|D18,중분류 직접 대응,202506,202507,20254,rolling_mean_blend,True,82.14285714285714
화산동,기타 생활용품 소매,0.7548710228353745,0.023903791693862076,0.011235955056179775,3,D10|D18,중분류 직접 대응,202506,202507,20254,rolling_mean_blend,True,78.57142857142857
우정읍,기타 생활용품 소매,0.7285142950035544,0.03880256898676103,0.018726591760299626,5,D10|D18,중분류 직접 대응,202506,202507,20254,rolling_mean_blend,True,75.0
봉담읍,기타 생활용품 소매,0.4380470924044419,0.15090551214129105,0.09737827715355805,26,D10|D18,중분류 직접 대응,202506,202507,20254,rolling_mean_blend,True,71.42857142857143
마도면,기타 생활용품 소매,0.17747173874955094,0.026836021340400838,0.02247191011235955,6,D10|D18,중분류 직접 대응,202506,202507,20254,rolling_mean_blend,True,67.85714285714286
송산면,기타 생활용품 소매,0.13281801235938376,0.04277325596959249,0.03745318352059925,10,D10|D18,중분류 직접 대응,202506,202507,20254,rolling_mean_blend,True,64.28571428571429
반월동,기타 생활용품 소매,0.08114491763922485,0.02437150143646114,0.02247191011235955,6,D10|D18,중분류 직접 대응,202506,202507,20254,rolling_mean_blend,True,60.71428571428571
매송면,기타 생활용품 소매,0.07664808968950443,0.012131114103851587,0.011235955056179775,3,D10|D18,중분류 직접 대응,202506,202507,20254,rolling_mean_blend,True,57.14285714285714
진안동,기타 생활용품 소매,0.007443417407716942,0.052826212111651207,0.052434456928838954,14,D10|D18,중분류 직접 대응,202506,202507,20254,rolling_mean_blend,True,53.57142857142857
정남면,기타 생활용품 소매,-0.021202751330350777,0.051334384467867825,0.052434456928838954,14,D10|D18,중분류 직접 대응,202506,202507,20254,rolling_mean_blend,True,50.0
새솔동,기타 생활용품 소매,-0.3782797692756088,0.005131061975445454,0.00749063670411985,2,D10|D18,중분류 직접 대응,202506,202507,20254,rolling_mean_blend,True,46.42857142857143
양감면,기타 생활용품 소매,-0.3999624270539401,0.015063608152147736,0.02247191011235955,6,D10|D18,중분류 직접 대응,202506,202507,20254,rolling_mean_blend,True,42.857142857142854
장안면,기타 생활용품 소매,-0.46535240939486744,0.02822047211502131,0.0449438202247191,12,D10|D18,중분류 직접 대응,202506,202507,20254,rolling_mean_blend,True,39.285714285714285
향남읍,기타 생활용품 소매,-0.5063602140620412,0.05417355654604036,0.0898876404494382,24,D10|D18,중분류 직접 대응,202506,202507,20254,rolling_mean_blend,True,35.714285714285715
병점2동,기타 생활용품 소매,-0.729704436166958,0.005415790433579298,0.011235955056179775,3,D10|D18,중분류 직접 대응,202506,202507,20254,rolling_mean_blend,True,32.142857142857146
동탄2동,기타 생활용품 소매,-0.7979617734732898,0.0050583910581406275,0.011235955056179775,3,D10|D18,중분류 직접 대응,202506,202507,20254,rolling_mean_blend,True,28.57142857142857
동탄1동,기타 생활용품 소매,-0.8910188415259463,0.02765587581179892,0.06741573033707865,18,D10|D18,중분류 직접 대응,202506,202507,20254,rolling_mean_blend,True,25.0
동탄7동,기타 생활용품 소매,-0.9076514425160334,0.01208841279766571,0.0299625468164794,8,D10|D18,중분류 직접 대응,202506,202507,20254,rolling_mean_blend,True,21.428571428571427
동탄8동,기타 생활용품 소매,-0.9276939052646239,0.014810805147992361,0.03745318352059925,10,D10|D18,중분류 직접 대응,202506,202507,20254,rolling_mean_blend,True,17.857142857142858
동탄5동,기타 생활용품 소매,-1.2478918362733753,0.029032825277211963,0.10112359550561797,27,D10|D18,중분류 직접 대응,202506,202507,20254,rolling_mean_blend,True,14.285714285714285
동탄3동,기타 생활용품 소매,-1.2509925457190074,0.012863132010617515,0.0449438202247191,12,D10|D18,중분류 직접 대응,202506,202507,20254,rolling_mean_blend,True,10.714285714285714
동탄6동,기타 생활용품 소매,-1.3064486687613992,0.01825410091085888,0.06741573033707865,18,D10|D18,중분류 직접 대응,202506,202507,20254,rolling_mean_blend,True,7.142857142857142
동탄9동,기타 생활용품 소매,-1.3380422588049434,0.002947114007725343,0.011235955056179775,3,D10|D18,중분류 직접 대응,202506,202507,20254,rolling_mean_blend,True,3.571428571428571
남양읍,기타 숙박,1.943231033187764,0.18868898906382434,0.02702702702702703,2,O01,중분류 직접 대응,202506,202507,20254,rolling_mean_blend,True,100.0
화산동,기타 숙박,1.104861745906393,0.08159139928053508,0.02702702702702703,2,O01,중분류 직접 대응,202506,202507,20254,rolling_mean_blend,True,91.66666666666666
우정읍,기타 숙박,0.9864685785425653,0.03624151080895583,0.013513513513513514,1,O01,중분류 직접 대응,202506,202507,20254,rolling_mean_blend,True,83.33333333333334
향남읍,기타 숙박,0.13853989650153906,0.17073731834662212,0.14864864864864866,11,O01,중분류 직접 대응,202506,202507,20254,rolling_mean_blend,True,75.0
동탄1동,기타 숙박,-0.07064154397932483,0.1385101242431537,0.14864864864864866,11,O01,중분류 직접 대응,202506,202507,20254,rolling_mean_blend,True,66.66666666666666
병점2동,기타 숙박,-0.3119684430727889,0.009891686432743772,0.013513513513513514,1,O01,중분류 직접 대응,202506,202507,20254,rolling_mean_blend,True,58.333333333333336
송산면,기타 숙박,-0.641479494986308,0.014229604198211687,0.02702702702702703,2,O01,중분류 직접 대응,202506,202507,20254,rolling_mean_blend,True,50.0
봉담읍,기타 숙박,-1.407636619724412,0.033069645930425155,0.13513513513513514,10,O01,중분류 직접 대응,202506,202507,20254,rolling_mean_blend,True,41.66666666666667
병점1동,기타 숙박,-2.209621340184347,0.010380128245699163,0.0945945945945946,7,O01,중분류 직접 대응,202506,202507,20254,rolling_mean_blend,True,33.33333333333333
진안동,기타 숙박,-2.9153459935598156,0.008053622838591784,0.14864864864864866,11,O01,중분류 직접 대응,202506,202507,20254,rolling_mean_blend,True,25.0
마도면,기타 숙박,-3.516942845167846,0.004813634612160715,0.16216216216216217,12,O01,중분류 직접 대응,202506,202507,20254,rolling_mean_blend,True,16.666666666666664
동탄2동,기타 숙박,-10.897758325708873,0.0,0.05405405405405406,4,O01,중분류 직접 대응,202506,202507,20254,rolling_mean_blend,True,8.333333333333332
동탄9동,기타 전문 과학,3.8347848269857607,0.5859119624952679,0.012658227848101266,1,F03,중분류 직접 대응,202506,202507,20254,rolling_mean_blend,True,100.0
봉담읍,기타 전문 과학,1.1374426158298139,0.07895863102074613,0.02531645569620253,2,F03,중분류 직접 대응,202506,202507,20254,rolling_mean_blend,True,93.75
동탄6동,기타 전문 과학,0.851995727128927,0.11870113222170504,0.05063291139240506,4,F03,중분류 직접 대응,202506,202507,20254,rolling_mean_blend,True,87.5
향남읍,기타 전문 과학,-0.611015550247633,0.03435393198038726,0.06329113924050633,5,F03,중분류 직접 대응,202506,202507,20254,rolling_mean_blend,True,81.25
서신면,기타 전문 과학,-0.6969844831649661,0.006304371821938742,0.012658227848101266,1,F03,중분류 직접 대응,202506,202507,20254,rolling_mean_blend,True,75.0
동탄1동,기타 전문 과학,-0.8659812344428051,0.05856935297676381,0.13924050632911392,11,F03,중분류 직접 대응,202506,202507,20254,rolling_mean_blend,True,68.75
팔탄면,기타 전문 과학,-1.3190154240564333,0.010153638783742612,0.0379746835443038,3,F03,중분류 직접 대응,202506,202507,20254,rolling_mean_blend,True,62.5
남양읍,기타 전문 과학,-1.4549232855353507,0.017727203274365555,0.0759493670886076,6,F03,중분류 직접 대응,202506,202507,20254,rolling_mean_blend,True,56.25
동탄2동,기타 전문 과학,-2.0254714793733464,0.0033391730830607614,0.02531645569620253,2,F03,중분류 직접 대응,202506,202507,20254,rolling_mean_blend,True,50.0
송산면,기타 전문 과학,-2.1259991739560595,0.0015094192320903807,0.012658227848101266,1,F03,중분류 직접 대응,202506,202507,20254,rolling_mean_blend,True,43.75
화산동,기타 전문 과학,-2.357327119011356,0.0023958778324131087,0.02531645569620253,2,F03,중분류 직접 대응,202506,202507,20254,rolling_mean_blend,True,37.5
반월동,기타 전문 과학,-2.5082856379531746,0.0020600353803230365,0.02531645569620253,2,F03,중분류 직접 대응,202506,202507,20254,rolling_mean_blend,True,31.25
동탄5동,기타 전문 과학,-3.2388537872844987,0.014888461103824921,0.379746835443038,30,F03,중분류 직접 대응,202506,202507,20254,rolling_mean_blend,True,25.0
비봉면,기타 전문 과학,-3.859024880458047,0.0007998522288324211,0.0379746835443038,3,F03,중분류 직접 대응,202506,202507,20254,rolling_mean_blend,True,18.75
우정읍,기타 전문 과학,-5.530648300951765,0.0001495135368814563,0.0379746835443038,3,F03,중분류 직접 대응,202506,202507,20254,rolling_mean_blend,True,12.5
동탄7동,기타 전문 과학,-6.352138737017435,6.519219727995605e-05,0.0379746835443038,3,F03,중분류 직접 대응,202506,202507,20254,rolling_mean_blend,True,6.25
서신면,담배 소매,0.6942020979165684,0.03707713077678685,0.018518518518518517,1,D02,중분류 직접 대응,202506,202507,20254,rolling_mean_blend,True,100.0
진안동,담배 소매,0.5415654759423906,0.09548379277667149,0.05555555555555555,3,D02,중분류 직접 대응,202506,202507,20254,rolling_mean_blend,True,94.11764705882352
봉담읍,담배 소매,0.31797502714561987,0.12725425763433612,0.09259259259259259,5,D02,중분류 직접 대응,202506,202507,20254,rolling_mean_blend,True,88.23529411764706
동탄1동,담배 소매,0.2914363869336998,0.1982741893604945,0.14814814814814814,8,D02,중분류 직접 대응,202506,202507,20254,rolling_mean_blend,True,82.35294117647058
새솔동,담배 소매,0.0047802401585723235,0.018607258194158524,0.018518518518518517,1,D02,중분류 직접 대응,202506,202507,20254,rolling_mean_blend,True,76.47058823529412
향남읍,담배 소매,-0.15732241764597102,0.09493635793595932,0.1111111111111111,6,D02,중분류 직접 대응,202506,202507,20254,rolling_mean_blend,True,70.58823529411765
동탄7동,담배 소매,-0.19456177347009707,0.04573289680943914,0.05555555555555555,3,D02,중분류 직접 대응,202506,202507,20254,rolling_mean_blend,True,64.70588235294117
우정읍,담배 소매,-0.27782327962273784,0.028052744953635494,0.037037037037037035,2,D02,중분류 직접 대응,202506,202507,20254,rolling_mean_blend,True,58.82352941176471
팔탄면,담배 소매,-0.33216711875486854,0.01328429935418825,0.018518518518518517,1,D02,중분류 직접 대응,202506,202507,20254,rolling_mean_blend,True,52.94117647058824
동탄6동,담배 소매,-0.5135220283920663,0.04432436404689943,0.07407407407407407,4,D02,중분류 직접 대응,202506,202507,20254,rolling_mean_blend,True,47.05882352941176
화산동,담배 소매,-0.6232739646489354,0.009928908527782524,0.018518518518518517,1,D02,중분류 직접 대응,202506,202507,20254,rolling_mean_blend,True,41.17647058823529
남양읍,담배 소매,-0.7733531359665532,0.03418191498760513,0.07407407407407407,4,D02,중분류 직접 대응,202506,202507,20254,rolling_mean_blend,True,35.294117647058826
동탄3동,담배 소매,-0.8159199833636324,0.03275738992154179,0.07407407407407407,4,D02,중분류 직접 대응,202506,202507,20254,rolling_mean_blend,True,29.411764705882355
동탄4동,담배 소매,-0.9332129286576102,0.007282505727713436,0.018518518518518517,1,D02,중분류 직접 대응,202506,202507,20254,rolling_mean_blend,True,23.52941176470588
동탄5동,담배 소매,-0.9430290810265135,0.036059239655266404,0.09259259259259259,5,D02,중분류 직접 대응,202506,202507,20254,rolling_mean_blend,True,17.647058823529413
병점1동,담배 소매,-0.9725864768121563,0.021005145633238218,0.05555555555555555,3,D02,중분류 직접 대응,202506,202507,20254,rolling_mean_blend,True,11.76470588235294
병점2동,담배 소매,-5.38778305088048,0.00016834154311792316,0.037037037037037035,2,D02,중분류 직접 대응,202506,202507,20254,rolling_mean_blend,True,5.88235294117647
봉담읍,도서관·사적지,1.1942565027919767,0.3667914674780773,0.1111111111111111,20,T01|T04,중분류 직접 대응,202506,202507,20254,rolling_mean_blend,True,100.0
동탄6동,도서관·사적지,0.31666267480453214,0.045751689261885976,0.03333333333333333,6,T01|T04,중분류 직접 대응,202506,202507,20254,rolling_mean_blend,True,95.65217391304348
동탄5동,도서관·사적지,-0.07667379945019201,0.051455033339242416,0.05555555555555555,10,T01|T04,중분류 직접 대응,202506,202507,20254,rolling_mean_blend,True,91.30434782608695
진안동,도서관·사적지,-0.3540692156368321,0.031191985751445474,0.044444444444444446,8,T01|T04,중분류 직접 대응,202506,202507,20254,rolling_mean_blend,True,86.95652173913044
향남읍,도서관·사적지,-0.3771052004074777,0.06477383375334468,0.09444444444444444,17,T01|T04,중분류 직접 대응,202506,202507,20254,rolling_mean_blend,True,82.6086956521739
동탄1동,도서관·사적지,-0.38033607576437506,0.09494851954581607,0.1388888888888889,25,T01|T04,중분류 직접 대응,202506,202507,20254,rolling_mean_blend,True,78.26086956521739
송산면,도서관·사적지,-0.47759133339936427,0.0034455960041148014,0.005555555555555556,1,T01|T04,중분류 직접 대응,202506,202507,20254,rolling_mean_blend,True,73.91304347826086
우정읍,도서관·사적지,-0.8705910394986663,0.009303952159456163,0.022222222222222223,4,T01|T04,중분류 직접 대응,202506,202507,20254,rolling_mean_blend,True,69.56521739130434
기배동,도서관·사적지,-0.8754796145514052,0.002314206298388348,0.005555555555555556,1,T01|T04,중분류 직접 대응,202506,202507,20254,rolling_mean_blend,True,65.21739130434783
반월동,도서관·사적지,-0.9429767267894488,0.012981615198702239,0.03333333333333333,6,T01|T04,중분류 직접 대응,202506,202507,20254,rolling_mean_blend,True,60.86956521739131
동탄7동,도서관·사적지,-1.3085068862073683,0.02101663250593386,0.07777777777777778,14,T01|T04,중분류 직접 대응,202506,202507,20254,rolling_mean_blend,True,56.52173913043478
동탄4동,도서관·사적지,-1.5279186030274252,0.0120540410625754,0.05555555555555555,10,T01|T04,중분류 직접 대응,202506,202507,20254,rolling_mean_blend,True,52.17391304347826
새솔동,도서관·사적지,-1.712019443068684,0.007018660450783591,0.03888888888888889,7,T01|T04,중분류 직접 대응,202506,202507,20254,rolling_mean_blend,True,47.82608695652174
동탄9동,도서관·사적지,-2.3416789543927887,0.0016018635695707539,0.016666666666666666,3,T01|T04,중분류 직접 대응,202506,202507,20254,rolling_mean_blend,True,43.47826086956522
동탄8동,도서관·사적지,-3.1788183193302175,0.00046165080295706594,0.011111111111111112,2,T01|T04,중분류 직접 대응,202506,202507,20254,rolling_mean_blend,True,39.130434782608695
남양읍,도서관·사적지,-4.132525718400386,0.0007120075647463168,0.044444444444444446,8,T01|T04,중분류 직접 대응,202506,202507,20254,rolling_mean_blend,True,34.78260869565217
장안면,도서관·사적지,-8.622733690876007,0.0,0.005555555555555556,1,T01|T04,중분류 직접 대응,202506,202507,20254,rolling_mean_blend,True,28.26086956521739
화산동,도서관·사적지,-8.622733690876007,0.0,0.005555555555555556,1,T01|T04,중분류 직접 대응,202506,202507,20254,rolling_mean_blend,True,28.26086956521739
병점2동,도서관·사적지,-9.315790883584253,0.0,0.011111111111111112,2,T01|T04,중분류 직접 대응,202506,202507,20254,rolling_mean_blend,True,21.73913043478261
동탄3동,도서관·사적지,-10.414343175852128,0.0,0.03333333333333333,6,T01|T04,중분류 직접 대응,202506,202507,20254,rolling_mean_blend,True,15.217391304347828
마도면,도서관·사적지,-10.414343175852128,0.0,0.03333333333333333,6,T01|T04,중분류 직접 대응,202506,202507,20254,rolling_mean_blend,True,15.217391304347828
병점1동,도서관·사적지,-10.819798284210286,0.0,0.05,9,T01|T04,중분류 직접 대응,202506,202507,20254,rolling_mean_blend,True,8.695652173913043
동탄2동,도서관·사적지,-11.18751691059359,0.0,0.07222222222222222,13,T01|T04,중분류 직접 대응,202506,202507,20254,rolling_mean_blend,True,4.3478260869565215
봉담읍,동남아시아,1.4058456333576097,0.0832474585712653,0.02040816326530612,3,Q04,중분류 직접 대응,202506,202507,20254,rolling_mean_blend,True,100.0
진안동,동남아시아,1.3610880394085154,0.13267075147911278,0.034013605442176874,5,Q04,중분류 직접 대응,202506,202507,20254,rolling_mean_blend,True,95.45454545454545
화산동,동남아시아,1.3112980402446697,0.025247524582670062,0.006802721088435374,1,Q04,중분류 직접 대응,202506,202507,20254,rolling_mean_blend,True,90.9090909090909
새솔동,동남아시아,0.8240700649170891,0.015509849492447372,0.006802721088435374,1,Q04,중분류 직접 대응,202506,202507,20254,rolling_mean_blend,True,86.36363636363636
팔탄면,동남아시아,0.6952745189137797,0.027269836986919583,0.013605442176870748,2,Q04,중분류 직접 대응,202506,202507,20254,rolling_mean_blend,True,81.81818181818183
동탄4동,동남아시아,0.579024833735293,0.024276942056301497,0.013605442176870748,2,Q04,중분류 직접 대응,202506,202507,20254,rolling_mean_blend,True,77.27272727272727
동탄2동,동남아시아,0.5458458409964333,0.011742683509621236,0.006802721088435374,1,Q04,중분류 직접 대응,202506,202507,20254,rolling_mean_blend,True,72.72727272727273
동탄3동,동남아시아,0.410328227536657,0.01025433347148464,0.006802721088435374,1,Q04,중분류 직접 대응,202506,202507,20254,rolling_mean_blend,True,68.18181818181817
송산면,동남아시아,0.08610757328328372,0.014828982014124567,0.013605442176870748,2,Q04,중분류 직접 대응,202506,202507,20254,rolling_mean_blend,True,63.63636363636363
동탄7동,동남아시아,0.013409970499487363,0.06205105150547536,0.061224489795918366,9,Q04,중분류 직접 대응,202506,202507,20254,rolling_mean_blend,True,59.09090909090909
동탄1동,동남아시아,-0.04674708011530322,0.11685653422056694,0.12244897959183673,18,Q04,중분류 직접 대응,202506,202507,20254,rolling_mean_blend,True,54.54545454545454
남양읍,동남아시아,-0.13583489308827246,0.08314146886654922,0.09523809523809523,14,Q04,중분류 직접 대응,202506,202507,20254,rolling_mean_blend,True,50.0
장안면,동남아시아,-0.21628195163028457,0.010959100141015194,0.013605442176870748,2,Q04,중분류 직접 대응,202506,202507,20254,rolling_mean_blend,True,45.45454545454545
병점1동,동남아시아,-0.31357571834916376,0.01491460919108304,0.02040816326530612,3,Q04,중분류 직접 대응,202506,202507,20254,rolling_mean_blend,True,40.909090909090914
병점2동,동남아시아,-0.3878771797376663,0.004615295306304814,0.006802721088435374,1,Q04,중분류 직접 대응,202506,202507,20254,rolling_mean_blend,True,36.36363636363637
동탄5동,동남아시아,-0.44673479812497835,0.0435175675373917,0.06802721088435375,10,Q04,중분류 직접 대응,202506,202507,20254,rolling_mean_blend,True,31.818181818181817
동탄9동,동남아시아,-0.508338462293296,0.024550383298839212,0.04081632653061224,6,Q04,중분류 직접 대응,202506,202507,20254,rolling_mean_blend,True,27.27272727272727
양감면,동남아시아,-0.7113402324457551,0.006679568826672005,0.013605442176870748,2,Q04,중분류 직접 대응,202506,202507,20254,rolling_mean_blend,True,22.727272727272727
정남면,동남아시아,-0.747707544100645,0.016103237886295894,0.034013605442176874,5,Q04,중분류 직접 대응,202506,202507,20254,rolling_mean_blend,True,18.181818181818183
향남읍,동남아시아,-0.8555462261765691,0.12433405776699968,0.2925170068027211,43,Q04,중분류 직접 대응,202506,202507,20254,rolling_mean_blend,True,13.636363636363635
동탄6동,동남아시아,-0.8650661335590074,0.028640489589038906,0.06802721088435375,10,Q04,중분류 직접 대응,202506,202507,20254,rolling_mean_blend,True,9.090909090909092
우정읍,동남아시아,-1.0035449116900408,0.014961719629524072,0.04081632653061224,6,Q04,중분류 직접 대응,202506,202507,20254,rolling_mean_blend,True,4.545454545454546
향남읍,모터사이클 소매,-1.648339914323904,0.016726930864934316,0.08695652173913043,2,D12|D13,중분류 직접 대응,202506,202507,20254,rolling_mean_blend,True,100.0
남양읍,모터사이클 소매,-1.6661704468841358,0.01643130635246108,0.08695652173913043,2,D12|D13,중분류 직접 대응,202506,202507,20254,rolling_mean_blend,True,92.85714285714286
동탄3동,모터사이클 소매,-1.8000913348223349,0.007185417082332387,0.043478260869565216,1,D12|D13,중분류 직접 대응,202506,202507,20254,rolling_mean_blend,True,85.71428571428571
진안동,모터사이클 소매,-1.8957781695287517,0.006529646175282228,0.043478260869565216,1,D12|D13,중분류 직접 대응,202506,202507,20254,rolling_mean_blend,True,78.57142857142857
반월동,모터사이클 소매,-2.079257533821724,0.005434907766419382,0.043478260869565216,1,D12|D13,중분류 직접 대응,202506,202507,20254,rolling_mean_blend,True,71.42857142857143
비봉면,모터사이클 소매,-2.5604825602795,0.0033585314085521592,0.043478260869565216,1,D12|D13,중분류 직접 대응,202506,202507,20254,rolling_mean_blend,True,64.28571428571429
마도면,모터사이클 소매,-2.6879741818027427,0.002956398157624656,0.043478260869565216,1,D12|D13,중분류 직접 대응,202506,202507,20254,rolling_mean_blend,True,57.14285714285714
동탄5동,모터사이클 소매,-2.9205521649277926,0.007029999368711554,0.13043478260869565,3,D12|D13,중분류 직접 대응,202506,202507,20254,rolling_mean_blend,True,50.0
봉담읍,모터사이클 소매,-3.2034107035316186,0.007063982015982287,0.17391304347826086,4,D12|D13,중분류 직접 대응,202506,202507,20254,rolling_mean_blend,True,42.857142857142854
동탄6동,모터사이클 소매,-3.365460648127802,0.0015010388442030361,0.043478260869565216,1,D12|D13,중분류 직접 대응,202506,202507,20254,rolling_mean_blend,True,35.714285714285715
동탄7동,모터사이클 소매,-3.619743191962056,0.0011637900670544447,0.043478260869565216,1,D12|D13,중분류 직접 대응,202506,202507,20254,rolling_mean_blend,True,28.57142857142857
동탄1동,모터사이클 소매,-3.799350364972145,0.0029188453524449623,0.13043478260869565,3,D12|D13,중분류 직접 대응,202506,202507,20254,rolling_mean_blend,True,21.428571428571427
서신면,모터사이클 소매,-4.228135512142901,0.0006329079975468583,0.043478260869565216,1,D12|D13,중분류 직접 대응,202506,202507,20254,rolling_mean_blend,True,14.285714285714285
병점2동,모터사이클 소매,-4.245415291993394,0.0006220483036791255,0.043478260869565216,1,D12|D13,중분류 직접 대응,202506,202507,20254,rolling_mean_blend,True,7.142857142857142
우정읍,모터사이클 수리,0.6510929885626477,0.05992703131763113,0.03125,1,F10,중분류 직접 대응,202506,202507,20254,rolling_mean_blend,True,100.0
향남읍,모터사이클 수리,0.5047072342366281,0.10353193667765326,0.0625,2,F10,중분류 직접 대응,202506,202507,20254,rolling_mean_blend,True,94.11764705882352
팔탄면,모터사이클 수리,0.3307053956204534,0.0869972455391704,0.0625,2,F10,중분류 직접 대응,202506,202507,20254,rolling_mean_blend,True,88.23529411764706
동탄5동,모터사이클 수리,0.2808153922695302,0.08276339434216165,0.0625,2,F10,중분류 직접 대응,202506,202507,20254,rolling_mean_blend,True,82.35294117647058
동탄1동,모터사이클 수리,0.25151572196159633,0.0401869459082724,0.03125,1,F10,중분류 직접 대응,202506,202507,20254,rolling_mean_blend,True,76.47058823529412
반월동,모터사이클 수리,0.1391415878865271,0.035915362211036875,0.03125,1,F10,중분류 직접 대응,202506,202507,20254,rolling_mean_blend,True,70.58823529411765
동탄3동,모터사이클 수리,0.0951521324058435,0.03436966737614241,0.03125,1,F10,중분류 직접 대응,202506,202507,20254,rolling_mean_blend,True,64.70588235294117
정남면,모터사이클 수리,0.06046931087346422,0.03319803092677529,0.03125,1,F10,중분류 직접 대응,202506,202507,20254,rolling_mean_blend,True,58.82352941176471
동탄6동,모터사이클 수리,-0.03239476475559736,0.03025385328903623,0.03125,1,F10,중분류 직접 대응,202506,202507,20254,rolling_mean_blend,True,52.94117647058824
화산동,모터사이클 수리,-0.10342617175076388,0.02817935781638797,0.03125,1,F10,중분류 직접 대응,202506,202507,20254,rolling_mean_blend,True,47.05882352941176
남양읍,모터사이클 수리,-0.17525732720485424,0.07867868612522327,0.09375,3,F10,중분류 직접 대응,202506,202507,20254,rolling_mean_blend,True,41.17647058823529
송산면,모터사이클 수리,-0.42875569068231495,0.02035337110195563,0.03125,1,F10,중분류 직접 대응,202506,202507,20254,rolling_mean_blend,True,35.294117647058826
봉담읍,모터사이클 수리,-0.7923797946611387,0.05659520551603889,0.125,4,F10,중분류 직접 대응,202506,202507,20254,rolling_mean_blend,True,29.411764705882355
진안동,모터사이클 수리,-1.2016551401588667,0.06577657379786321,0.21875,7,F10,중분류 직접 대응,202506,202507,20254,rolling_mean_blend,True,23.52941176470588
마도면,모터사이클 수리,-1.4281638386683235,0.014983535729595687,0.0625,2,F10,중분류 직접 대응,202506,202507,20254,rolling_mean_blend,True,17.647058823529413
서신면,모터사이클 수리,-2.0776275890256484,0.003912467410002724,0.03125,1,F10,중분류 직접 대응,202506,202507,20254,rolling_mean_blend,True,11.76470588235294
병점1동,모터사이클 수리,-3.871599636278611,0.0006498030216903301,0.03125,1,F10,중분류 직접 대응,202506,202507,20254,rolling_mean_blend,True,5.88235294117647
동탄6동,법무관련 ,0.466233190320192,0.11870113222170504,0.07446808510638298,14,F03,중분류 직접 대응,202506,202507,20254,rolling_mean_blend,True,100.0
동탄1동,법무관련 ,0.45297832467336213,0.05856935297676381,0.03723404255319149,7,F03,중분류 직접 대응,202506,202507,20254,rolling_mean_blend,True,95.23809523809523
서신면,법무관련 ,0.1699006417474113,0.006304371821938742,0.005319148936170213,1,F03,중분류 직접 대응,202506,202507,20254,rolling_mean_blend,True,90.47619047619048
봉담읍,법무관련 ,0.1326595870771512,0.07895863102074613,0.06914893617021277,13,F03,중분류 직접 대응,202506,202507,20254,rolling_mean_blend,True,85.71428571428571
동탄4동,법무관련 ,0.09628925886073046,0.005856896366673103,0.005319148936170213,1,F03,중분류 직접 대응,202506,202507,20254,rolling_mean_blend,True,80.95238095238095
양감면,법무관련 ,-0.35767463071268335,0.011158750932310665,0.015957446808510637,3,F03,중분류 직접 대응,202506,202507,20254,rolling_mean_blend,True,76.19047619047619
향남읍,법무관련 ,-0.9677921303940207,0.03435393198038726,0.09042553191489362,17,F03,중분류 직접 대응,202506,202507,20254,rolling_mean_blend,True,71.42857142857143
동탄3동,법무관련 ,-1.0388737473626477,0.007528140778083649,0.02127659574468085,4,F03,중분류 직접 대응,202506,202507,20254,rolling_mean_blend,True,66.66666666666666
새솔동,법무관련 ,-1.1834122237973064,0.003257093695944863,0.010638297872340425,2,F03,중분류 직접 대응,202506,202507,20254,rolling_mean_blend,True,61.904761904761905
병점1동,법무관련 ,-1.1984678175169354,0.0176493896954284,0.05851063829787234,11,F03,중분류 직접 대응,202506,202507,20254,rolling_mean_blend,True,57.14285714285714
마도면,법무관련 ,-1.4656468914871066,0.0024559177097361884,0.010638297872340425,2,F03,중분류 직접 대응,202506,202507,20254,rolling_mean_blend,True,52.38095238095239
진안동,법무관련 ,-1.6103039515174231,0.009565379637912489,0.047872340425531915,9,F03,중분류 직접 대응,202506,202507,20254,rolling_mean_blend,True,47.61904761904761
반월동,법무관련 ,-1.6413460239526283,0.0020600353803230365,0.010638297872340425,2,F03,중분류 직접 대응,202506,202507,20254,rolling_mean_blend,True,42.857142857142854
남양읍,법무관련 ,-1.740605413218711,0.017727203274365555,0.10106382978723404,19,F03,중분류 직접 대응,202506,202507,20254,rolling_mean_blend,True,38.095238095238095
팔탄면,법무관련 ,-1.91834651093421,0.010153638783742612,0.06914893617021277,13,F03,중분류 직접 대응,202506,202507,20254,rolling_mean_blend,True,33.33333333333333
송산면,법무관련 ,-2.645267426728893,0.0015094192320903807,0.02127659574468085,4,F03,중분류 직접 대응,202506,202507,20254,rolling_mean_blend,True,28.57142857142857
동탄5동,법무관련 ,-2.921906995889057,0.014888461103824921,0.2765957446808511,52,F03,중분류 직접 대응,202506,202507,20254,rolling_mean_blend,True,23.809523809523807
비봉면,법무관련 ,-2.9920671018116956,0.0007998522288324211,0.015957446808510637,3,F03,중분류 직접 대응,202506,202507,20254,rolling_mean_blend,True,19.047619047619047
정남면,법무관련 ,-3.0544500354493254,0.000751419122962591,0.015957446808510637,3,F03,중분류 직접 대응,202506,202507,20254,rolling_mean_blend,True,14.285714285714285
우정읍,법무관련 ,-4.951356928949536,0.0001495135368814563,0.02127659574468085,4,F03,중분류 직접 대응,202506,202507,20254,rolling_mean_blend,True,9.523809523809524
동탄7동,법무관련 ,-5.772847365015205,6.519219727995605e-05,0.02127659574468085,4,F03,중분류 직접 대응,202506,202507,20254,rolling_mean_blend,True,4.761904761904762
동탄6동,병원,1.6255651958520667,0.10811663766991596,0.02127659574468085,1,S03|S04|S05,중분류 직접 대응,202506,202507,20254,rolling_mean_blend,True,100.0
동탄7동,병원,1.527756711678193,0.09804251275631429,0.02127659574468085,1,S03|S04|S05,중분류 직접 대응,202506,202507,20254,rolling_mean_blend,True,95.45454545454545
동탄1동,병원,1.440188101540297,0.2694600179400834,0.06382978723404255,3,S03|S04|S05,중분류 직접 대응,202506,202507,20254,rolling_mean_blend,True,90.9090909090909
동탄5동,병원,0.6458337678665923,0.04058764891060102,0.02127659574468085,1,S03|S04|S05,중분류 직접 대응,202506,202507,20254,rolling_mean_blend,True,86.36363636363636
반월동,병원,0.23108545268739097,0.026808066401092956,0.02127659574468085,1,S03|S04|S05,중분류 직접 대응,202506,202507,20254,rolling_mean_blend,True,81.81818181818183
동탄2동,병원,0.15444974262132755,0.024830286705783716,0.02127659574468085,1,S03|S04|S05,중분류 직접 대응,202506,202507,20254,rolling_mean_blend,True,77.27272727272727
봉담읍,병원,0.15075908572234428,0.07421611012050686,0.06382978723404255,3,S03|S04|S05,중분류 직접 대응,202506,202507,20254,rolling_mean_blend,True,72.72727272727273
동탄3동,병원,-0.06812101165852051,0.019875411253979576,0.02127659574468085,1,S03|S04|S05,중분류 직접 대응,202506,202507,20254,rolling_mean_blend,True,68.18181818181817
병점1동,병원,-0.2186367538475986,0.03419612594044947,0.0425531914893617,2,S03|S04|S05,중분류 직접 대응,202506,202507,20254,rolling_mean_blend,True,63.63636363636363
화산동,병원,-0.32397304227094564,0.015388441138393386,0.02127659574468085,1,S03|S04|S05,중분류 직접 대응,202506,202507,20254,rolling_mean_blend,True,59.09090909090909
향남읍,병원,-0.5248418319204161,0.08811751842763199,0.14893617021276595,7,S03|S04|S05,중분류 직접 대응,202506,202507,20254,rolling_mean_blend,True,54.54545454545454
동탄9동,병원,-0.6249686922925917,0.03416622803921903,0.06382978723404255,3,S03|S04|S05,중분류 직접 대응,202506,202507,20254,rolling_mean_blend,True,50.0
새솔동,병원,-0.6449045272352921,0.011163623339896438,0.02127659574468085,1,S03|S04|S05,중분류 직접 대응,202506,202507,20254,rolling_mean_blend,True,45.45454545454545
남양읍,병원,-0.9300883281945906,0.05875752285623288,0.14893617021276595,7,S03|S04|S05,중분류 직접 대응,202506,202507,20254,rolling_mean_blend,True,40.909090909090914
진안동,병원,-1.4010145667898304,0.02620636355172921,0.10638297872340426,5,S03|S04|S05,중분류 직접 대응,202506,202507,20254,rolling_mean_blend,True,36.36363636363637
우정읍,병원,-1.6238103638219157,0.008388391522674088,0.0425531914893617,2,S03|S04|S05,중분류 직접 대응,202506,202507,20254,rolling_mean_blend,True,31.818181818181817
동탄8동,병원,-2.014947836037231,0.002835885626675042,0.02127659574468085,1,S03|S04|S05,중분류 직접 대응,202506,202507,20254,rolling_mean_blend,True,27.27272727272727
정남면,병원,-2.3509364367547425,0.0020263271273223524,0.02127659574468085,1,S03|S04|S05,중분류 직접 대응,202506,202507,20254,rolling_mean_blend,True,22.727272727272727
팔탄면,병원,-2.3799684842047975,0.0019683158377784716,0.02127659574468085,1,S03|S04|S05,중분류 직접 대응,202506,202507,20254,rolling_mean_blend,True,18.181818181818183
마도면,병원,-3.3528409502432654,0.0014877508420748512,0.0425531914893617,2,S03|S04|S05,중분류 직접 대응,202506,202507,20254,rolling_mean_blend,True,13.636363636363635
서신면,병원,-3.535665848768365,0.0006190152697602273,0.02127659574468085,1,S03|S04|S05,중분류 직접 대응,202506,202507,20254,rolling_mean_blend,True,9.090909090909092
양감면,병원,-5.268931851534852,0.00010856063098196253,0.02127659574468085,1,S03|S04|S05,중분류 직접 대응,202506,202507,20254,rolling_mean_blend,True,4.545454545454546
동탄9동,본사·경영 컨설팅,5.92154882976895,0.5859119624952679,0.0015698587127158557,2,F03,중분류 직접 대응,202506,202507,20254,rolling_mean_blend,True,100.0
봉담읍,본사·경영 컨설팅,0.973478593794561,0.07895863102074613,0.029827315541601257,38,F03,중분류 직접 대응,202506,202507,20254,rolling_mean_blend,True,96.55172413793103
동탄4동,본사·경영 컨설팅,0.9109152493036966,0.005856896366673103,0.002354788069073783,3,F03,중분류 직접 대응,202506,202507,20254,rolling_mean_blend,True,93.10344827586206
양감면,본사·경영 컨설팅,0.4571090730870462,0.011158750932310665,0.00706436420722135,9,F03,중분류 직접 대응,202506,202507,20254,rolling_mean_blend,True,89.65517241379311
동탄6동,본사·경영 컨설팅,0.4337983431328034,0.11870113222170504,0.07692307692307693,98,F03,중분류 직접 대응,202506,202507,20254,rolling_mean_blend,True,86.20689655172413
향남읍,본사·경영 컨설팅,0.313131431219506,0.03435393198038726,0.02511773940345369,32,F03,중분류 직접 대응,202506,202507,20254,rolling_mean_blend,True,82.75862068965517
서신면,본사·경영 컨설팅,0.13747136488446274,0.006304371821938742,0.005494505494505495,7,F03,중분류 직접 대응,202506,202507,20254,rolling_mean_blend,True,79.3103448275862
병점1동,본사·경영 컨설팅,-0.3211088810682528,0.0176493896954284,0.02433281004709576,31,F03,중분류 직접 대응,202506,202507,20254,rolling_mean_blend,True,75.86206896551724
동탄2동,본사·경영 컨설팅,-0.34378759595027475,0.0033391730830607614,0.004709576138147566,6,F03,중분류 직접 대응,202506,202507,20254,rolling_mean_blend,True,72.41379310344827
팔탄면,본사·경영 컨설팅,-0.3844138482867114,0.010153638783742612,0.014913657770800628,19,F03,중분류 직접 대응,202506,202507,20254,rolling_mean_blend,True,68.96551724137932
동탄3동,본사·경영 컨설팅,-0.5117258581149423,0.007528140778083649,0.012558869701726845,16,F03,중분류 직접 대응,202506,202507,20254,rolling_mean_blend,True,65.51724137931035
진안동,본사·경영 컨설팅,-0.544166714758267,0.009565379637912489,0.016483516483516484,21,F03,중분류 직접 대응,202506,202507,20254,rolling_mean_blend,True,62.06896551724138
남양읍,본사·경영 컨설팅,-0.5462759783249909,0.017727203274365555,0.030612244897959183,39,F03,중분류 직접 대응,202506,202507,20254,rolling_mean_blend,True,58.620689655172406
기배동,본사·경영 컨설팅,-0.5534651596764559,0.0018047681941682713,0.0031397174254317113,4,F03,중분류 직접 대응,202506,202507,20254,rolling_mean_blend,True,55.172413793103445
새솔동,본사·경영 컨설팅,-0.6562969533538258,0.003257093695944863,0.006279434850863423,8,F03,중분류 직접 대응,202506,202507,20254,rolling_mean_blend,True,51.724137931034484
동탄1동,본사·경영 컨설팅,-0.9025524776850137,0.05856935297676381,0.14442700156985872,184,F03,중분류 직접 대응,202506,202507,20254,rolling_mean_blend,True,48.275862068965516
마도면,본사·경영 컨설팅,-0.938531621043626,0.0024559177097361884,0.006279434850863423,8,F03,중분류 직접 대응,202506,202507,20254,rolling_mean_blend,True,44.827586206896555
동탄8동,본사·경영 컨설팅,-1.2318782184062438,0.0013732828129563379,0.004709576138147566,6,F03,중분류 직접 대응,202506,202507,20254,rolling_mean_blend,True,41.37931034482759
화산동,본사·경영 컨설팅,-1.716959737991165,0.0023958778324131087,0.013343799058084773,17,F03,중분류 직접 대응,202506,202507,20254,rolling_mean_blend,True,37.93103448275862
비봉면,본사·경영 컨설팅,-1.7718890551600897,0.0007998522288324211,0.004709576138147566,6,F03,중분류 직접 대응,202506,202507,20254,rolling_mean_blend,True,34.48275862068966
장안면,본사·경영 컨설팅,-1.8046570499812598,0.0027112118842002575,0.016483516483516484,21,F03,중분류 직접 대응,202506,202507,20254,rolling_mean_blend,True,31.03448275862069
송산면,본사·경영 컨설팅,-2.235893726580622,0.0015094192320903807,0.0141287284144427,18,F03,중분류 직접 대응,202506,202507,20254,rolling_mean_blend,True,27.586206896551722
반월동,본사·경영 컨설팅,-2.401969734564264,0.0020600353803230365,0.022762951334379906,29,F03,중분류 직접 대응,202506,202507,20254,rolling_mean_blend,True,24.137931034482758
정남면,본사·경영 컨설팅,-3.1334005695484213,0.000751419122962591,0.01726844583987441,22,F03,중분류 직접 대응,202506,202507,20254,rolling_mean_blend,True,20.689655172413794
동탄5동,본사·경영 컨설팅,-3.1774850075744205,0.014888461103824921,0.35714285714285715,455,F03,중분류 직접 대응,202506,202507,20254,rolling_mean_blend,True,17.24137931034483
우정읍,본사·경영 컨설팅,-3.7311414746328517,0.0001495135368814563,0.006279434850863423,8,F03,중분류 직접 대응,202506,202507,20254,rolling_mean_blend,True,13.793103448275861
동탄7동,본사·경영 컨설팅,-7.40029404869627,6.519219727995605e-05,0.10832025117739404,138,F03,중분류 직접 대응,202506,202507,20254,rolling_mean_blend,True,10.344827586206897
매송면,본사·경영 컨설팅,-8.862959844705898,0.0,0.00706436420722135,9,F03,중분류 직접 대응,202506,202507,20254,rolling_mean_blend,True,6.896551724137931
병점2동,본사·경영 컨설팅,-9.661389693357398,0.0,0.015698587127158554,20,F03,중분류 직접 대응,202506,202507,20254,rolling_mean_blend,True,3.4482758620689653
새솔동,부동산 서비스,3.180604862523894,0.5387089478369577,0.022388059701492536,60,F04,중분류 직접 대응,202506,202507,20254,rolling_mean_blend,True,100.0
봉담읍,부동산 서비스,1.1457585752965855,0.20535459144104473,0.06529850746268656,175,F04,중분류 직접 대응,202506,202507,20254,rolling_mean_blend,True,96.55172413793103
향남읍,부동산 서비스,0.7688371023992436,0.1513310646433288,0.07014925373134329,188,F04,중분류 직접 대응,202506,202507,20254,rolling_mean_blend,True,93.10344827586206
비봉면,부동산 서비스,0.2588115120395324,0.027551492456300855,0.02126865671641791,57,F04,중분류 직접 대응,202506,202507,20254,rolling_mean_blend,True,89.65517241379311
진안동,부동산 서비스,0.1356218561753858,0.04657929188420306,0.04067164179104477,109,F04,중분류 직접 대응,202506,202507,20254,rolling_mean_blend,True,86.20689655172413
장안면,부동산 서비스,0.09649864049563558,0.024245316588183966,0.022014925373134327,59,F04,중분류 직접 대응,202506,202507,20254,rolling_mean_blend,True,82.75862068965517
화산동,부동산 서비스,-2.3535928403977686,0.0016656156052396612,0.01753731343283582,47,F04,중분류 직접 대응,202506,202507,20254,rolling_mean_blend,True,79.3103448275862
남양읍,부동산 서비스,-3.2119710420127894,0.00301982630463351,0.075,201,F04,중분류 직접 대응,202506,202507,20254,rolling_mean_blend,True,75.86206896551724
동탄1동,부동산 서비스,-3.815710507908411,0.0015438532401077262,0.07014925373134329,188,F04,중분류 직접 대응,202506,202507,20254,rolling_mean_blend,True,72.41379310344827
매송면,부동산 서비스,-8.917804749036165,0.0,0.007462686567164179,20,F04,중분류 직접 대응,202506,202507,20254,rolling_mean_blend,True,68.96551724137932
기배동,부동산 서비스,-9.25423870433997,0.0,0.010447761194029851,28,F04,중분류 직접 대응,202506,202507,20254,rolling_mean_blend,True,65.51724137931035
병점2동,부동산 서비스,-9.323225195464875,0.0,0.011194029850746268,30,F04,중분류 직접 대응,202506,202507,20254,rolling_mean_blend,True,62.06896551724138
서신면,부동산 서비스,-9.448377829498533,0.0,0.012686567164179104,34,F04,중분류 직접 대응,202506,202507,20254,rolling_mean_blend,True,58.620689655172406
동탄2동,부동산 서비스,-9.532928826912928,0.0,0.013805970149253732,37,F04,중분류 직접 대응,202506,202507,20254,rolling_mean_blend,True,53.44827586206896
양감면,부동산 서비스,-9.532928826912928,0.0,0.013805970149253732,37,F04,중분류 직접 대응,202506,202507,20254,rolling_mean_blend,True,53.44827586206896
동탄9동,부동산 서비스,-9.559595168014683,0.0,0.014179104477611941,38,F04,중분류 직접 대응,202506,202507,20254,rolling_mean_blend,True,48.275862068965516
반월동,부동산 서비스,-9.728660528011886,0.0,0.016791044776119403,45,F04,중분류 직접 대응,202506,202507,20254,rolling_mean_blend,True,44.827586206896555
동탄8동,부동산 서비스,-9.750638140120934,0.0,0.017164179104477612,46,F04,중분류 직접 대응,202506,202507,20254,rolling_mean_blend,True,41.37931034482759
동탄4동,부동산 서비스,-9.929320395777435,0.0,0.020522388059701493,55,F04,중분류 직접 대응,202506,202507,20254,rolling_mean_blend,True,37.93103448275862
우정읍,부동산 서비스,-10.032856282093825,0.0,0.022761194029850745,61,F04,중분류 직접 대응,202506,202507,20254,rolling_mean_blend,True,34.48275862068966
병점1동,부동산 서비스,-10.21243463726265,0.0,0.027238805970149254,73,F04,중분류 직접 대응,202506,202507,20254,rolling_mean_blend,True,31.03448275862069
마도면,부동산 서비스,-10.226039793223967,0.0,0.027611940298507463,74,F04,중분류 직접 대응,202506,202507,20254,rolling_mean_blend,True,27.586206896551722
동탄3동,부동산 서비스,-10.252707087281868,0.0,0.028358208955223882,76,F04,중분류 직접 대응,202506,202507,20254,rolling_mean_blend,True,24.137931034482758
정남면,부동산 서비스,-10.517085404934628,0.0,0.036940298507462686,99,F04,중분류 직접 대응,202506,202507,20254,rolling_mean_blend,True,20.689655172413794
동탄7동,부동산 서비스,-10.575924358100693,0.0,0.03917910447761194,105,F04,중분류 직접 대응,202506,202507,20254,rolling_mean_blend,True,17.24137931034483
송산면,부동산 서비스,-10.827233114552607,0.0,0.05037313432835821,135,F04,중분류 직접 대응,202506,202507,20254,rolling_mean_blend,True,13.793103448275861
동탄6동,부동산 서비스,-10.834613075883619,0.0,0.050746268656716415,136,F04,중분류 직접 대응,202506,202507,20254,rolling_mean_blend,True,10.344827586206897
팔탄면,부동산 서비스,-10.925902776820255,0.0,0.05559701492537313,149,F04,중분류 직접 대응,202506,202507,20254,rolling_mean_blend,True,6.896551724137931
동탄5동,부동산 서비스,-11.683998294876991,0.0,0.11865671641791045,318,F04,중분류 직접 대응,202506,202507,20254,rolling_mean_blend,True,3.4482758620689653
반월동,비알코올 ,0.8511670575938043,0.0727137709354361,0.031042128603104215,56,Q11|Q13,중분류 직접 대응,202506,202507,20254,rolling_mean_blend,True,100.0
매송면,비알코올 ,0.6793933213805211,0.01312301648983923,0.0066518847006651885,12,Q11|Q13,중분류 직접 대응,202506,202507,20254,rolling_mean_blend,True,96.55172413793103
동탄9동,비알코올 ,0.5119916629400634,0.02682424109697092,0.01607538802660754,29,Q11|Q13,중분류 직접 대응,202506,202507,20254,rolling_mean_blend,True,93.10344827586206
병점1동,비알코올 ,0.4820897369042514,0.026931691023881887,0.01662971175166297,30,Q11|Q13,중분류 직접 대응,202506,202507,20254,rolling_mean_blend,True,89.65517241379311
동탄7동,비알코올 ,0.45574502829673497,0.10055214783080856,0.06374722838137473,115,Q11|Q13,중분류 직접 대응,202506,202507,20254,rolling_mean_blend,True,86.20689655172413
동탄4동,비알코올 ,0.36770087085031444,0.030425930302946057,0.02106430155210643,38,Q11|Q13,중분류 직접 대응,202506,202507,20254,rolling_mean_blend,True,82.75862068965517
진안동,비알코올 ,0.3081069723655127,0.043752633651057575,0.03215077605321508,58,Q11|Q13,중분류 직접 대응,202506,202507,20254,rolling_mean_blend,True,79.3103448275862
화산동,비알코올 ,0.2816281024786632,0.02718190679352929,0.020509977827051,37,Q11|Q13,중분류 직접 대응,202506,202507,20254,rolling_mean_blend,True,75.86206896551724
동탄1동,비알코올 ,0.2412475285285133,0.12488496382341455,0.09811529933481153,177,Q11|Q13,중분류 직접 대응,202506,202507,20254,rolling_mean_blend,True,72.41379310344827
동탄6동,비알코올 ,0.17509046207758652,0.0832100594226611,0.06984478935698447,126,Q11|Q13,중분류 직접 대응,202506,202507,20254,rolling_mean_blend,True,68.96551724137932
병점2동,비알코올 ,0.04951676344811625,0.012231773233336907,0.01164079822616408,21,Q11|Q13,중분류 직접 대응,202506,202507,20254,rolling_mean_blend,True,65.51724137931035
정남면,비알코올 ,0.03846078496663751,0.019009977775311708,0.018292682926829267,33,Q11|Q13,중분류 직접 대응,202506,202507,20254,rolling_mean_blend,True,62.06896551724138
동탄8동,비알코올 ,0.014540541414728787,0.020810397388079094,0.020509977827051,37,Q11|Q13,중분류 직접 대응,202506,202507,20254,rolling_mean_blend,True,58.620689655172406
동탄2동,비알코올 ,-0.020028919330521783,0.02444990517932099,0.024944567627494457,45,Q11|Q13,중분류 직접 대응,202506,202507,20254,rolling_mean_blend,True,55.172413793103445
새솔동,비알코올 ,-0.11779204023370368,0.02069445493629519,0.02328159645232816,42,Q11|Q13,중분류 직접 대응,202506,202507,20254,rolling_mean_blend,True,51.724137931034484
봉담읍,비알코올 ,-0.18776855946862567,0.0702921764681363,0.08481152993348115,153,Q11|Q13,중분류 직접 대응,202506,202507,20254,rolling_mean_blend,True,48.275862068965516
기배동,비알코올 ,-0.20030935315177703,0.005897938044612539,0.007206208425720621,13,Q11|Q13,중분류 직접 대응,202506,202507,20254,rolling_mean_blend,True,44.827586206896555
향남읍,비알코올 ,-0.25180902854786075,0.07584301483701208,0.0975609756097561,176,Q11|Q13,중분류 직접 대응,202506,202507,20254,rolling_mean_blend,True,41.37931034482759
서신면,비알코올 ,-0.28978000759288747,0.021158195267161624,0.02827050997782705,51,Q11|Q13,중분류 직접 대응,202506,202507,20254,rolling_mean_blend,True,37.93103448275862
동탄3동,비알코올 ,-0.3121418161843124,0.0190674997556585,0.026053215077605323,47,Q11|Q13,중분류 직접 대응,202506,202507,20254,rolling_mean_blend,True,34.48275862068966
남양읍,비알코올 ,-0.41799031909832607,0.04634822403016021,0.07039911308203992,127,Q11|Q13,중분류 직접 대응,202506,202507,20254,rolling_mean_blend,True,31.03448275862069
동탄5동,비알코올 ,-0.4239864016108455,0.06566059311098345,0.10033259423503325,181,Q11|Q13,중분류 직접 대응,202506,202507,20254,rolling_mean_blend,True,27.586206896551722
비봉면,비알코올 ,-0.4863108761512062,0.007498281021933642,0.012195121951219513,22,Q11|Q13,중분류 직접 대응,202506,202507,20254,rolling_mean_blend,True,24.137931034482758
양감면,비알코올 ,-0.6573277370601638,0.002872214155730472,0.005543237250554324,10,Q11|Q13,중분류 직접 대응,202506,202507,20254,rolling_mean_blend,True,20.689655172413794
팔탄면,비알코올 ,-0.728349451673301,0.010970052272411244,0.022727272727272728,41,Q11|Q13,중분류 직접 대응,202506,202507,20254,rolling_mean_blend,True,17.24137931034483
송산면,비알코올 ,-0.7743184678676671,0.010477139937162315,0.022727272727272728,41,Q11|Q13,중분류 직접 대응,202506,202507,20254,rolling_mean_blend,True,13.793103448275861
우정읍,비알코올 ,-0.8958899779157864,0.012445874972000412,0.03048780487804878,55,Q11|Q13,중분류 직접 대응,202506,202507,20254,rolling_mean_blend,True,10.344827586206897
장안면,비알코올 ,-1.1176982483473865,0.003081111105598352,0.009423503325942351,17,Q11|Q13,중분류 직접 대응,202506,202507,20254,rolling_mean_blend,True,6.896551724137931
마도면,비알코올 ,-1.5843047951380052,0.0015908151385495362,0.007760532150776054,14,Q11|Q13,중분류 직접 대응,202506,202507,20254,rolling_mean_blend,True,3.4482758620689653
화산동,사무 지원,1.7912097425202025,0.13629369093402666,0.022727272727272728,1,F14,중분류 직접 대응,202506,202507,20254,rolling_mean_blend,True,100.0
향남읍,사무 지원,1.3834652647532442,0.27195978008739796,0.06818181818181818,3,F14,중분류 직접 대응,202506,202507,20254,rolling_mean_blend,True,94.11764705882352
남양읍,사무 지원,-0.5756886564347015,0.012779505314726665,0.022727272727272728,1,F14,중분류 직접 대응,202506,202507,20254,rolling_mean_blend,True,88.23529411764706
동탄4동,사무 지원,-1.0655605250627185,0.007829678178076362,0.022727272727272728,1,F14,중분류 직접 대응,202506,202507,20254,rolling_mean_blend,True,82.35294117647058
팔탄면,사무 지원,-1.1609413124674508,0.014235278249132082,0.045454545454545456,2,F14,중분류 직접 대응,202506,202507,20254,rolling_mean_blend,True,76.47058823529412
동탄7동,사무 지원,-1.3643690518757414,0.011614794577777447,0.045454545454545456,2,F14,중분류 직접 대응,202506,202507,20254,rolling_mean_blend,True,70.58823529411765
동탄1동,사무 지원,-1.9202944215772897,0.01998511986802308,0.13636363636363635,6,F14,중분류 직접 대응,202506,202507,20254,rolling_mean_blend,True,64.70588235294117
봉담읍,사무 지원,-2.1054761892045026,0.016606530854050217,0.13636363636363635,6,F14,중분류 직접 대응,202506,202507,20254,rolling_mean_blend,True,58.82352941176471
병점2동,사무 지원,-2.212099429720621,0.0074630127412487115,0.06818181818181818,3,F14,중분류 직접 대응,202506,202507,20254,rolling_mean_blend,True,52.94117647058824
반월동,사무 지원,-3.2633335345398398,0.000868598306656702,0.022727272727272728,1,F14,중분류 직접 대응,202506,202507,20254,rolling_mean_blend,True,47.05882352941176
동탄5동,사무 지원,-3.665806945481639,0.005232017993205994,0.20454545454545456,9,F14,중분류 직접 대응,202506,202507,20254,rolling_mean_blend,True,41.17647058823529
진안동,사무 지원,-5.393372398067598,0.0002056688401759988,0.045454545454545456,2,F14,중분류 직접 대응,202506,202507,20254,rolling_mean_blend,True,35.294117647058826
정남면,사무 지원,-5.497574928878326,0.00018521746836101124,0.045454545454545456,2,F14,중분류 직접 대응,202506,202507,20254,rolling_mean_blend,True,29.411764705882355
동탄2동,사무 지원,-10.03136492307804,0.0,0.022727272727272728,1,F14,중분류 직접 대응,202506,202507,20254,rolling_mean_blend,True,17.647058823529413
송산면,사무 지원,-10.03136492307804,0.0,0.022727272727272728,1,F14,중분류 직접 대응,202506,202507,20254,rolling_mean_blend,True,17.647058823529413
장안면,사무 지원,-10.03136492307804,0.0,0.022727272727272728,1,F14,중분류 직접 대응,202506,202507,20254,rolling_mean_blend,True,17.647058823529413
우정읍,사무 지원,-10.724490104363962,0.0,0.045454545454545456,2,F14,중분류 직접 대응,202506,202507,20254,rolling_mean_blend,True,5.88235294117647
장안면,사진 촬영,1.495288859460726,0.018062670586239574,0.004048582995951417,1,F01,중분류 직접 대응,202506,202507,20254,rolling_mean_blend,True,100.0
동탄9동,사진 촬영,1.3984210320395623,0.03278687057085127,0.008097165991902834,2,F01,중분류 직접 대응,202506,202507,20254,rolling_mean_blend,True,96.29629629629629
동탄8동,사진 촬영,1.1087242225414702,0.061347975767396146,0.020242914979757085,5,F01,중분류 직접 대응,202506,202507,20254,rolling_mean_blend,True,92.5925925925926
서신면,사진 촬영,0.861910061266394,0.03834434401820355,0.016194331983805668,4,F01,중분류 직접 대응,202506,202507,20254,rolling_mean_blend,True,88.88888888888889
비봉면,사진 촬영,0.6209197575738352,0.007533810401818097,0.004048582995951417,1,F01,중분류 직접 대응,202506,202507,20254,rolling_mean_blend,True,85.18518518518519
송산면,사진 촬영,0.6137251843725857,0.014958743095844242,0.008097165991902834,2,F01,중분류 직접 대응,202506,202507,20254,rolling_mean_blend,True,81.48148148148148
동탄4동,사진 촬영,0.5467058611772115,0.027977291691491324,0.016194331983805668,4,F01,중분류 직접 대응,202506,202507,20254,rolling_mean_blend,True,77.77777777777779
동탄3동,사진 촬영,0.5122083429859657,0.05405646792647445,0.032388663967611336,8,F01,중분류 직접 대응,202506,202507,20254,rolling_mean_blend,True,74.07407407407408
팔탄면,사진 촬영,0.49476495503662155,0.019921037199987838,0.012145748987854251,3,F01,중분류 직접 대응,202506,202507,20254,rolling_mean_blend,True,70.37037037037037
진안동,사진 촬영,0.4083809508437828,0.04263475955572878,0.02834008097165992,7,F01,중분류 직접 대응,202506,202507,20254,rolling_mean_blend,True,66.66666666666666
동탄1동,사진 촬영,0.16231148617320112,0.1476237529062456,0.12550607287449392,31,F01,중분류 직접 대응,202506,202507,20254,rolling_mean_blend,True,62.96296296296296
반월동,사진 촬영,0.15799183040975653,0.018966270376041126,0.016194331983805668,4,F01,중분류 직접 대응,202506,202507,20254,rolling_mean_blend,True,59.25925925925925
정남면,사진 촬영,0.14327277055190651,0.004672399178578836,0.004048582995951417,1,F01,중분류 직접 대응,202506,202507,20254,rolling_mean_blend,True,55.55555555555556
기배동,사진 촬영,-0.1039933555991468,0.003648610889355315,0.004048582995951417,1,F01,중분류 직접 대응,202506,202507,20254,rolling_mean_blend,True,51.85185185185185
병점2동,사진 촬영,-0.16972296918291283,0.023915997707832908,0.02834008097165992,7,F01,중분류 직접 대응,202506,202507,20254,rolling_mean_blend,True,48.148148148148145
동탄5동,사진 촬영,-0.18659888322124726,0.16461136353807557,0.19838056680161945,49,F01,중분류 직접 대응,202506,202507,20254,rolling_mean_blend,True,44.44444444444444
봉담읍,사진 촬영,-0.19251897507284166,0.06345202994961445,0.07692307692307693,19,F01,중분류 직접 대응,202506,202507,20254,rolling_mean_blend,True,40.74074074074074
화산동,사진 촬영,-0.24733996158186375,0.012645532791620676,0.016194331983805668,4,F01,중분류 직접 대응,202506,202507,20254,rolling_mean_blend,True,37.03703703703704
매송면,사진 촬영,-0.34946842013142976,0.005708715486292176,0.008097165991902834,2,F01,중분류 직접 대응,202506,202507,20254,rolling_mean_blend,True,33.33333333333333
동탄2동,사진 촬영,-0.5469593667665335,0.02108606031164377,0.03643724696356275,9,F01,중분류 직접 대응,202506,202507,20254,rolling_mean_blend,True,29.629629629629626
향남읍,사진 촬영,-0.7245456520370138,0.039233870847045355,0.08097165991902834,20,F01,중분류 직접 대응,202506,202507,20254,rolling_mean_blend,True,25.925925925925924
동탄7동,사진 촬영,-0.9083521802024938,0.031013869204082244,0.07692307692307693,19,F01,중분류 직접 대응,202506,202507,20254,rolling_mean_blend,True,22.22222222222222
새솔동,사진 촬영,-0.9476210774757019,0.006277317145399996,0.016194331983805668,4,F01,중분류 직접 대응,202506,202507,20254,rolling_mean_blend,True,18.51851851851852
동탄6동,사진 촬영,-1.0528834089836299,0.025427459852262406,0.0728744939271255,18,F01,중분류 직접 대응,202506,202507,20254,rolling_mean_blend,True,14.814814814814813
남양읍,사진 촬영,-1.0881399478644014,0.015000417874197128,0.044534412955465584,11,F01,중분류 직접 대응,202506,202507,20254,rolling_mean_blend,True,11.11111111111111
우정읍,사진 촬영,-1.134277534479153,0.00520830014250373,0.016194331983805668,4,F01,중분류 직접 대응,202506,202507,20254,rolling_mean_blend,True,7.4074074074074066
병점1동,사진 촬영,-1.333339951879141,0.007469578390706723,0.02834008097165992,7,F01,중분류 직접 대응,202506,202507,20254,rolling_mean_blend,True,3.7037037037037033
기배동,산업용품 대여,3.4554897256485493,0.14080310204157465,0.0044444444444444444,1,F13,중분류 직접 대응,202506,202507,20254,rolling_mean_blend,True,100.0
병점2동,산업용품 대여,3.3849858119734275,0.13121773498306127,0.0044444444444444444,1,F13,중분류 직접 대응,202506,202507,20254,rolling_mean_blend,True,96.0
동탄3동,산업용품 대여,1.9524111795508488,0.06263409415705558,0.008888888888888889,2,F13,중분류 직접 대응,202506,202507,20254,rolling_mean_blend,True,92.0
동탄1동,산업용품 대여,1.4929466771394289,0.1186751699044756,0.02666666666666667,6,F13,중분류 직접 대응,202506,202507,20254,rolling_mean_blend,True,88.0
장안면,산업용품 대여,1.3199923708358012,0.0998265518779769,0.02666666666666667,6,F13,중분류 직접 대응,202506,202507,20254,rolling_mean_blend,True,84.0
화산동,산업용품 대여,0.6913763891924637,0.044366808708596266,0.022222222222222223,5,F13,중분류 직접 대응,202506,202507,20254,rolling_mean_blend,True,80.0
비봉면,산업용품 대여,0.21472882128195908,0.044072265068495015,0.035555555555555556,8,F13,중분류 직접 대응,202506,202507,20254,rolling_mean_blend,True,76.0
진안동,산업용품 대여,-0.2448338972312638,0.020875371059380574,0.02666666666666667,6,F13,중분류 직접 대응,202506,202507,20254,rolling_mean_blend,True,72.0
동탄5동,산업용품 대여,-0.2962467622184739,0.06940277539316461,0.09333333333333334,21,F13,중분류 직접 대응,202506,202507,20254,rolling_mean_blend,True,68.0
향남읍,산업용품 대여,-0.3794323601862025,0.054739660759416914,0.08,18,F13,중분류 직접 대응,202506,202507,20254,rolling_mean_blend,True,64.0
남양읍,산업용품 대여,-0.6131105686355879,0.04574000358087255,0.08444444444444445,19,F13,중분류 직접 대응,202506,202507,20254,rolling_mean_blend,True,60.0
봉담읍,산업용품 대여,-0.819150360439269,0.027427371043858804,0.06222222222222222,14,F13,중분류 직접 대응,202506,202507,20254,rolling_mean_blend,True,56.00000000000001
동탄7동,산업용품 대여,-0.8784600825352111,0.001845736022938615,0.0044444444444444444,1,F13,중분류 직접 대응,202506,202507,20254,rolling_mean_blend,True,52.0
송산면,산업용품 대여,-1.0031270693325507,0.01303868596447361,0.035555555555555556,8,F13,중분류 직접 대응,202506,202507,20254,rolling_mean_blend,True,48.0
정남면,산업용품 대여,-1.1177294693704771,0.02034732926100585,0.06222222222222222,14,F13,중분류 직접 대응,202506,202507,20254,rolling_mean_blend,True,44.0
동탄6동,산업용품 대여,-1.2165218169385104,0.005266119714349704,0.017777777777777778,4,F13,중분류 직접 대응,202506,202507,20254,rolling_mean_blend,True,40.0
반월동,산업용품 대여,-1.2271886761279664,0.005210234678816196,0.017777777777777778,4,F13,중분류 직접 대응,202506,202507,20254,rolling_mean_blend,True,36.0
팔탄면,산업용품 대여,-1.4926835859489782,0.0379601539198673,0.1688888888888889,38,F13,중분류 직접 대응,202506,202507,20254,rolling_mean_blend,True,32.0
서신면,산업용품 대여,-2.661313236954799,0.0027933267942070717,0.04,9,F13,중분류 직접 대응,202506,202507,20254,rolling_mean_blend,True,28.000000000000004
새솔동,산업용품 대여,-8.39963513045115,0.0,0.0044444444444444444,1,F13,중분류 직접 대응,202506,202507,20254,rolling_mean_blend,True,24.0
동탄2동,산업용품 대여,-9.092669829992149,0.0,0.008888888888888889,2,F13,중분류 직접 대응,202506,202507,20254,rolling_mean_blend,True,20.0
매송면,산업용품 대여,-10.191207124284801,0.0,0.02666666666666667,6,F13,중분류 직접 대응,202506,202507,20254,rolling_mean_blend,True,14.000000000000002
양감면,산업용품 대여,-10.191207124284801,0.0,0.02666666666666667,6,F13,중분류 직접 대응,202506,202507,20254,rolling_mean_blend,True,14.000000000000002
마도면,산업용품 대여,-10.884335555372076,0.0,0.05333333333333334,12,F13,중분류 직접 대응,202506,202507,20254,rolling_mean_blend,True,8.0
우정읍,산업용품 대여,-10.964376820763922,0.0,0.057777777777777775,13,F13,중분류 직접 대응,202506,202507,20254,rolling_mean_blend,True,4.0
병점2동,서양식,1.47081008563963,0.013153684546672262,0.0030211480362537764,1,Q07,중분류 직접 대응,202506,202507,20254,rolling_mean_blend,True,100.0
서신면,서양식,1.3346393459182788,0.022955219831004313,0.006042296072507553,2,Q07,중분류 직접 대응,202506,202507,20254,rolling_mean_blend,True,96.55172413793103
팔탄면,서양식,0.9006777455437909,0.007437324295520789,0.0030211480362537764,1,Q07,중분류 직접 대응,202506,202507,20254,rolling_mean_blend,True,93.10344827586206
동탄1동,서양식,0.6476048370173418,0.2886653047176686,0.1510574018126888,50,Q07,중분류 직접 대응,202506,202507,20254,rolling_mean_blend,True,89.65517241379311
진안동,서양식,0.593067729665977,0.04920256044797955,0.027190332326283987,9,Q07,중분류 직접 대응,202506,202507,20254,rolling_mean_blend,True,86.20689655172413
화산동,서양식,0.5922727060351214,0.021850874718538776,0.012084592145015106,4,Q07,중분류 직접 대응,202506,202507,20254,rolling_mean_blend,True,82.75862068965517
동탄9동,서양식,0.5569142504914252,0.03690996228231158,0.021148036253776436,7,Q07,중분류 직접 대응,202506,202507,20254,rolling_mean_blend,True,79.3103448275862
동탄6동,서양식,0.5344841092150536,0.17014188848986916,0.09969788519637462,33,Q07,중분류 직접 대응,202506,202507,20254,rolling_mean_blend,True,75.86206896551724
장안면,서양식,0.11875798663182859,0.0034022329091189484,0.0030211480362537764,1,Q07,중분류 직접 대응,202506,202507,20254,rolling_mean_blend,True,72.41379310344827
동탄4동,서양식,0.0706758975076581,0.019454453871948555,0.01812688821752266,6,Q07,중분류 직접 대응,202506,202507,20254,rolling_mean_blend,True,68.96551724137932
동탄8동,서양식,-0.05492252008606649,0.005719333171066256,0.006042296072507553,2,Q07,중분류 직접 대응,202506,202507,20254,rolling_mean_blend,True,65.51724137931035
마도면,서양식,-0.07431775071699959,0.0028046916836686883,0.0030211480362537764,1,Q07,중분류 직접 대응,202506,202507,20254,rolling_mean_blend,True,62.06896551724138
동탄7동,서양식,-0.08872913127822944,0.09676205816482458,0.10574018126888217,35,Q07,중분류 직접 대응,202506,202507,20254,rolling_mean_blend,True,58.620689655172406
봉담읍,서양식,-0.1260359390727605,0.0612579261373946,0.06948640483383686,23,Q07,중분류 직접 대응,202506,202507,20254,rolling_mean_blend,True,55.172413793103445
송산면,서양식,-0.5304485346723132,0.005331984284895887,0.00906344410876133,3,Q07,중분류 직접 대응,202506,202507,20254,rolling_mean_blend,True,51.724137931034484
동탄2동,서양식,-0.553297961467864,0.017372692461130306,0.030211480362537766,10,Q07,중분류 직접 대응,202506,202507,20254,rolling_mean_blend,True,48.275862068965516
향남읍,서양식,-0.5809961199627396,0.07435303488720628,0.13293051359516617,44,Q07,중분류 직접 대응,202506,202507,20254,rolling_mean_blend,True,44.827586206896555
반월동,서양식,-0.6838991147514275,0.009147156862706545,0.01812688821752266,6,Q07,중분류 직접 대응,202506,202507,20254,rolling_mean_blend,True,41.37931034482759
남양읍,서양식,-0.6840870625766047,0.03048594820878808,0.06042296072507553,20,Q07,중분류 직접 대응,202506,202507,20254,rolling_mean_blend,True,37.93103448275862
새솔동,서양식,-0.7697519904526303,0.009793709047838817,0.021148036253776436,7,Q07,중분류 직접 대응,202506,202507,20254,rolling_mean_blend,True,34.48275862068966
양감면,서양식,-1.0305545136756116,0.0021553027317347748,0.006042296072507553,2,Q07,중분류 직접 대응,202506,202507,20254,rolling_mean_blend,True,31.03448275862069
동탄5동,서양식,-1.105419604594059,0.03300650271846492,0.09969788519637462,33,Q07,중분류 직접 대응,202506,202507,20254,rolling_mean_blend,True,27.586206896551722
동탄3동,서양식,-1.198853196626498,0.00364328728707401,0.012084592145015106,4,Q07,중분류 직접 대응,202506,202507,20254,rolling_mean_blend,True,24.137931034482758
정남면,서양식,-1.2021980028541162,0.004539072635771727,0.015105740181268883,5,Q07,중분류 직접 대응,202506,202507,20254,rolling_mean_blend,True,20.689655172413794
병점1동,서양식,-1.589523582008833,0.0073958005923752505,0.03625377643504532,12,Q07,중분류 직접 대응,202506,202507,20254,rolling_mean_blend,True,17.24137931034483
우정읍,서양식,-1.9171030742610151,0.0026643848700428855,0.01812688821752266,6,Q07,중분류 직접 대응,202506,202507,20254,rolling_mean_blend,True,13.793103448275861
비봉면,서양식,-2.63926386885722,0.00021482313632463745,0.0030211480362537764,1,Q07,중분류 직접 대응,202506,202507,20254,rolling_mean_blend,True,10.344827586206897
기배동,서양식,-3.5149431120981216,0.00017878500805921634,0.006042296072507553,2,Q07,중분류 직접 대응,202506,202507,20254,rolling_mean_blend,True,6.896551724137931
매송면,서양식,-8.013723127818796,0.0,0.0030211480362537764,1,Q07,중분류 직접 대응,202506,202507,20254,rolling_mean_blend,True,3.4482758620689653
동탄9동,섬유·의복·신발 소매,1.5740640361249343,0.05299444306237701,0.01097972972972973,13,D09|D15,중분류 직접 대응,202506,202507,20254,rolling_mean_blend,True,100.0
동탄7동,섬유·의복·신발 소매,1.2416222072328142,0.12570568809330626,0.036317567567567564,43,D09|D15,중분류 직접 대응,202506,202507,20254,rolling_mean_blend,True,96.55172413793103
정남면,섬유·의복·신발 소매,0.876196791842739,0.03651446205714357,0.015202702702702704,18,D09|D15,중분류 직접 대응,202506,202507,20254,rolling_mean_blend,True,93.10344827586206
비봉면,섬유·의복·신발 소매,0.8132660724424531,0.009525164972728659,0.004222972972972973,5,D09|D15,중분류 직접 대응,202506,202507,20254,rolling_mean_blend,True,89.65517241379311
남양읍,섬유·의복·신발 소매,0.6475889646903249,0.11620598930739352,0.060810810810810814,72,D09|D15,중분류 직접 대응,202506,202507,20254,rolling_mean_blend,True,86.20689655172413
기배동,섬유·의복·신발 소매,0.5236403107421891,0.008555562713716694,0.005067567567567568,6,D09|D15,중분류 직접 대응,202506,202507,20254,rolling_mean_blend,True,82.75862068965517
동탄8동,섬유·의복·신발 소매,0.4302572957917388,0.014286166156154988,0.009290540540540541,11,D09|D15,중분류 직접 대응,202506,202507,20254,rolling_mean_blend,True,79.3103448275862
봉담읍,섬유·의복·신발 소매,0.3074305155524988,0.17228832168609606,0.1266891891891892,150,D09|D15,중분류 직접 대응,202506,202507,20254,rolling_mean_blend,True,75.86206896551724
동탄1동,섬유·의복·신발 소매,0.18724311292229634,0.12120335666891728,0.10050675675675676,119,D09|D15,중분류 직접 대응,202506,202507,20254,rolling_mean_blend,True,72.41379310344827
진안동,섬유·의복·신발 소매,0.16252703190574633,0.04272707274895421,0.036317567567567564,43,D09|D15,중분류 직접 대응,202506,202507,20254,rolling_mean_blend,True,68.96551724137932
양감면,섬유·의복·신발 소매,0.08751759112147198,0.003687461273306462,0.0033783783783783786,4,D09|D15,중분류 직접 대응,202506,202507,20254,rolling_mean_blend,True,65.51724137931035
장안면,섬유·의복·신발 소매,-0.05898134076204318,0.006369701910245591,0.006756756756756757,8,D09|D15,중분류 직접 대응,202506,202507,20254,rolling_mean_blend,True,62.06896551724138
화산동,섬유·의복·신발 소매,-0.09592580348373214,0.01764874530422235,0.019425675675675675,23,D09|D15,중분류 직접 대응,202506,202507,20254,rolling_mean_blend,True,58.620689655172406
마도면,섬유·의복·신발 소매,-0.10714973170385401,0.0045525562219668105,0.005067567567567568,6,D09|D15,중분류 직접 대응,202506,202507,20254,rolling_mean_blend,True,55.172413793103445
동탄4동,섬유·의복·신발 소매,-0.13879174278886006,0.022054159562822077,0.02533783783783784,30,D09|D15,중분류 직접 대응,202506,202507,20254,rolling_mean_blend,True,51.724137931034484
팔탄면,섬유·의복·신발 소매,-0.2834468103646855,0.007633366520481217,0.010135135135135136,12,D09|D15,중분류 직접 대응,202506,202507,20254,rolling_mean_blend,True,48.275862068965516
향남읍,섬유·의복·신발 소매,-0.37218191142392004,0.07276455963823414,0.10557432432432433,125,D09|D15,중분류 직접 대응,202506,202507,20254,rolling_mean_blend,True,44.827586206896555
서신면,섬유·의복·신발 소매,-0.42142950001718127,0.004986965383112396,0.007601351351351352,9,D09|D15,중분류 직접 대응,202506,202507,20254,rolling_mean_blend,True,41.37931034482759
새솔동,섬유·의복·신발 소매,-0.4383801020145467,0.00871694967295642,0.013513513513513514,16,D09|D15,중분류 직접 대응,202506,202507,20254,rolling_mean_blend,True,37.93103448275862
동탄5동,섬유·의복·신발 소매,-0.489182572251012,0.04505204705935166,0.07347972972972973,87,D09|D15,중분류 직접 대응,202506,202507,20254,rolling_mean_blend,True,34.48275862068966
반월동,섬유·의복·신발 소매,-0.5086713216825378,0.01218799267010292,0.02027027027027027,24,D09|D15,중분류 직접 대응,202506,202507,20254,rolling_mean_blend,True,31.03448275862069
동탄3동,섬유·의복·신발 소매,-0.5783560918848919,0.011841189725641464,0.021114864864864864,25,D09|D15,중분류 직접 대응,202506,202507,20254,rolling_mean_blend,True,27.586206896551722
병점2동,섬유·의복·신발 소매,-0.7584179200141881,0.008702974963000891,0.018581081081081082,22,D09|D15,중분류 직접 대응,202506,202507,20254,rolling_mean_blend,True,24.137931034482758
매송면,섬유·의복·신발 소매,-0.876134833433297,0.0021094968911475704,0.005067567567567568,6,D09|D15,중분류 직접 대응,202506,202507,20254,rolling_mean_blend,True,20.689655172413794
동탄6동,섬유·의복·신발 소매,-1.131276156141412,0.04359679268589909,0.13513513513513514,160,D09|D15,중분류 직접 대응,202506,202507,20254,rolling_mean_blend,True,17.24137931034483
우정읍,섬유·의복·신발 소매,-1.3935207039970507,0.008174752522136492,0.032939189189189186,39,D09|D15,중분류 직접 대응,202506,202507,20254,rolling_mean_blend,True,13.793103448275861
동탄2동,섬유·의복·신발 소매,-1.4501464198065028,0.005743780482976916,0.024493243243243243,29,D09|D15,중분류 직접 대응,202506,202507,20254,rolling_mean_blend,True,10.344827586206897
병점1동,섬유·의복·신발 소매,-1.5240529242990697,0.010485834138243123,0.04814189189189189,57,D09|D15,중분류 직접 대응,202506,202507,20254,rolling_mean_blend,True,6.896551724137931
송산면,섬유·의복·신발 소매,-1.617806209240539,0.0036844459073641866,0.018581081081081082,22,D09|D15,중분류 직접 대응,202506,202507,20254,rolling_mean_blend,True,3.4482758620689653
동탄7동,세탁,1.5027766441271062,0.13397545784056017,0.02981029810298103,11,F06,중분류 직접 대응,202506,202507,20254,rolling_mean_blend,True,100.0
동탄9동,세탁,1.2109750665329544,0.018196156853090725,0.005420054200542005,2,F06,중분류 직접 대응,202506,202507,20254,rolling_mean_blend,True,96.42857142857143
동탄1동,세탁,0.6991299250901402,0.1254103104754448,0.06233062330623306,23,F06,중분류 직접 대응,202506,202507,20254,rolling_mean_blend,True,92.85714285714286
팔탄면,세탁,0.6334034806390936,0.015318053749170654,0.008130081300813009,3,F06,중분류 직접 대응,202506,202507,20254,rolling_mean_blend,True,89.28571428571429
반월동,세탁,0.5306775585600116,0.04607343246357845,0.02710027100271003,10,F06,중분류 직접 대응,202506,202507,20254,rolling_mean_blend,True,85.71428571428571
병점1동,세탁,0.4175579142200992,0.028801996046206445,0.018970189701897018,7,F06,중분류 직접 대응,202506,202507,20254,rolling_mean_blend,True,82.14285714285714
동탄8동,세탁,0.3800798400728535,0.0277424932984212,0.018970189701897018,7,F06,중분류 직접 대응,202506,202507,20254,rolling_mean_blend,True,78.57142857142857
동탄4동,세탁,0.34714746536731744,0.03067847198413289,0.02168021680216802,8,F06,중분류 직접 대응,202506,202507,20254,rolling_mean_blend,True,75.0
동탄6동,세탁,0.30648090247040094,0.0736391402424269,0.05420054200542006,20,F06,중분류 직접 대응,202506,202507,20254,rolling_mean_blend,True,71.42857142857143
동탄5동,세탁,0.2523947762700089,0.07325011138028953,0.056910569105691054,21,F06,중분류 직접 대응,202506,202507,20254,rolling_mean_blend,True,67.85714285714286
새솔동,세탁,0.16024571573204566,0.01590531277626893,0.013550135501355014,5,F06,중분류 직접 대응,202506,202507,20254,rolling_mean_blend,True,64.28571428571429
동탄3동,세탁,0.1317188676303553,0.052556749329052285,0.04607046070460705,17,F06,중분류 직접 대응,202506,202507,20254,rolling_mean_blend,True,60.71428571428571
향남읍,세탁,-0.26030275879249243,0.0772904824826218,0.1002710027100271,37,F06,중분류 직접 대응,202506,202507,20254,rolling_mean_blend,True,57.14285714285714
동탄2동,세탁,-0.26874933005286694,0.028998917678195037,0.037940379403794036,14,F06,중분류 직접 대응,202506,202507,20254,rolling_mean_blend,True,53.57142857142857
진안동,세탁,-0.2941519026377158,0.05654330108778581,0.07588075880758807,28,F06,중분류 직접 대응,202506,202507,20254,rolling_mean_blend,True,50.0
화산동,세탁,-0.2974881661600206,0.0322027289986095,0.04336043360433604,16,F06,중분류 직접 대응,202506,202507,20254,rolling_mean_blend,True,46.42857142857143
남양읍,세탁,-0.446558456818536,0.04161436222497706,0.06504065040650407,24,F06,중분류 직접 대응,202506,202507,20254,rolling_mean_blend,True,42.857142857142854
봉담읍,세탁,-0.7128117011957635,0.06510226896307404,0.13279132791327913,49,F06,중분류 직접 대응,202506,202507,20254,rolling_mean_blend,True,39.285714285714285
병점2동,세탁,-0.7359970494870877,0.012981256983265224,0.02710027100271003,10,F06,중분류 직접 대응,202506,202507,20254,rolling_mean_blend,True,35.714285714285715
우정읍,세탁,-0.9539420081925061,0.011482892994660151,0.02981029810298103,11,F06,중분류 직접 대응,202506,202507,20254,rolling_mean_blend,True,32.142857142857146
마도면,세탁,-1.2592258891374208,0.0030765054582368003,0.01084010840108401,4,F06,중분류 직접 대응,202506,202507,20254,rolling_mean_blend,True,28.57142857142857
송산면,세탁,-1.431695934861845,0.003236412532883651,0.013550135501355014,5,F06,중분류 직접 대응,202506,202507,20254,rolling_mean_blend,True,25.0
기배동,세탁,-1.5851999620954658,0.004996932112272834,0.024390243902439025,9,F06,중분류 직접 대응,202506,202507,20254,rolling_mean_blend,True,21.428571428571427
정남면,세탁,-1.7973130218426623,0.007635051596156291,0.04607046070460705,17,F06,중분류 직접 대응,202506,202507,20254,rolling_mean_blend,True,17.857142857142858
비봉면,세탁,-2.2955542169035135,0.0010907599475469337,0.01084010840108401,4,F06,중분류 직접 대응,202506,202507,20254,rolling_mean_blend,True,14.285714285714285
매송면,세탁,-2.3738079541512542,0.0007562104657435914,0.008130081300813009,3,F06,중분류 직접 대응,202506,202507,20254,rolling_mean_blend,True,10.714285714285714
양감면,세탁,-5.338795553628701,2.5030007934738728e-05,0.005420054200542005,2,F06,중분류 직접 대응,202506,202507,20254,rolling_mean_blend,True,7.142857142857142
서신면,세탁,-8.59804557746566,0.0,0.005420054200542005,2,F06,중분류 직접 대응,202506,202507,20254,rolling_mean_blend,True,3.571428571428571
동탄7동,수의,0.9195848120060219,0.16721809351145522,0.06666666666666667,5,S01,중분류 직접 대응,202506,202507,20254,rolling_mean_blend,True,100.0
동탄6동,수의,0.8295486927585365,0.061128865148626,0.02666666666666667,2,S01,중분류 직접 대응,202506,202507,20254,rolling_mean_blend,True,94.73684210526315
팔탄면,수의,0.5367353855341115,0.04561174763431962,0.02666666666666667,2,S01,중분류 직접 대응,202506,202507,20254,rolling_mean_blend,True,89.47368421052632
동탄1동,수의,0.4532195942205367,0.18880493154532701,0.12,9,S01,중분류 직접 대응,202506,202507,20254,rolling_mean_blend,True,84.21052631578947
반월동,수의,0.08927804292867016,0.0145785550103429,0.013333333333333334,1,S01,중분류 직접 대응,202506,202507,20254,rolling_mean_blend,True,78.94736842105263
동탄3동,수의,-0.051781776989655845,0.03798139173012653,0.04,3,S01,중분류 직접 대응,202506,202507,20254,rolling_mean_blend,True,73.68421052631578
봉담읍,수의,-0.09104992282078214,0.0973836070113259,0.10666666666666667,8,S01,중분류 직접 대응,202506,202507,20254,rolling_mean_blend,True,68.42105263157895
남양읍,수의,-0.09747312933396829,0.04837999866417553,0.05333333333333334,4,S01,중분류 직접 대응,202506,202507,20254,rolling_mean_blend,True,63.1578947368421
동탄5동,수의,-0.1594855181561307,0.04547090934343328,0.05333333333333334,4,S01,중분류 직접 대응,202506,202507,20254,rolling_mean_blend,True,57.89473684210527
진안동,수의,-0.1997436851444111,0.04367665269152474,0.05333333333333334,4,S01,중분류 직접 대응,202506,202507,20254,rolling_mean_blend,True,52.63157894736842
정남면,수의,-0.28678184914283406,0.01000875696178715,0.013333333333333334,1,S01,중분류 직접 대응,202506,202507,20254,rolling_mean_blend,True,47.368421052631575
동탄4동,수의,-0.3036652135979572,0.029524055451546793,0.04,3,S01,중분류 직접 대응,202506,202507,20254,rolling_mean_blend,True,42.10526315789473
새솔동,수의,-0.35376883057071606,0.018720695054473525,0.02666666666666667,2,S01,중분류 직접 대응,202506,202507,20254,rolling_mean_blend,True,36.84210526315789
병점1동,수의,-0.5002790368659128,0.02425406391779037,0.04,3,S01,중분류 직접 대응,202506,202507,20254,rolling_mean_blend,True,31.57894736842105
동탄9동,수의,-0.6546386211614427,0.020784712104955513,0.04,3,S01,중분류 직접 대응,202506,202507,20254,rolling_mean_blend,True,26.31578947368421
향남읍,수의,-0.720172196901577,0.07137752540716023,0.14666666666666667,11,S01,중분류 직접 대응,202506,202507,20254,rolling_mean_blend,True,21.052631578947366
동탄2동,수의,-0.9432308313748597,0.010382531214165668,0.02666666666666667,2,S01,중분류 직접 대응,202506,202507,20254,rolling_mean_blend,True,15.789473684210526
우정읍,수의,-2.5278594725064067,0.007449853251403161,0.09333333333333334,7,S01,중분류 직접 대응,202506,202507,20254,rolling_mean_blend,True,10.526315789473683
송산면,수의,-2.7325016338982215,0.0008664829068585028,0.013333333333333334,1,S01,중분류 직접 대응,202506,202507,20254,rolling_mean_blend,True,5.263157894736842
동탄9동,스포츠 서비스,1.6892293080645673,0.0898850055817124,0.016597510373443983,16,O03|T03,중분류 직접 대응,202506,202507,20254,rolling_mean_blend,True,100.0
화산동,스포츠 서비스,1.548341326989291,0.10734868413556783,0.022821576763485476,22,O03|T03,중분류 직접 대응,202506,202507,20254,rolling_mean_blend,True,96.55172413793103
팔탄면,스포츠 서비스,1.5102889309493088,0.15031187313122243,0.03319502074688797,32,O03|T03,중분류 직접 대응,202506,202507,20254,rolling_mean_blend,True,93.10344827586206
서신면,스포츠 서비스,0.7180407488115859,0.008508984024038393,0.004149377593360996,4,O03|T03,중분류 직접 대응,202506,202507,20254,rolling_mean_blend,True,89.65517241379311
동탄7동,스포츠 서비스,0.28426786075617255,0.04962314754886226,0.03734439834024896,36,O03|T03,중분류 직접 대응,202506,202507,20254,rolling_mean_blend,True,86.20689655172413
기배동,스포츠 서비스,0.13833466521700188,0.017868817478916534,0.015560165975103735,15,O03|T03,중분류 직접 대응,202506,202507,20254,rolling_mean_blend,True,82.75862068965517
동탄4동,스포츠 서비스,0.041165611310547245,0.04107570298773454,0.03941908713692946,38,O03|T03,중분류 직접 대응,202506,202507,20254,rolling_mean_blend,True,79.3103448275862
동탄5동,스포츠 서비스,-0.020768269559753364,0.05791327470023434,0.05912863070539419,57,O03|T03,중분류 직접 대응,202506,202507,20254,rolling_mean_blend,True,75.86206896551724
반월동,스포츠 서비스,-0.06962411020073145,0.04741121261200954,0.0508298755186722,49,O03|T03,중분류 직접 대응,202506,202507,20254,rolling_mean_blend,True,72.41379310344827
동탄3동,스포츠 서비스,-0.20529626486066643,0.020275482475365782,0.024896265560165973,24,O03|T03,중분류 직접 대응,202506,202507,20254,rolling_mean_blend,True,68.96551724137932
봉담읍,스포츠 서비스,-0.21252874660546295,0.0746469034778516,0.09232365145228216,89,O03|T03,중분류 직접 대응,202506,202507,20254,rolling_mean_blend,True,65.51724137931035
남양읍,스포츠 서비스,-0.2796150478626845,0.047058349727972265,0.06224066390041494,60,O03|T03,중분류 직접 대응,202506,202507,20254,rolling_mean_blend,True,62.06896551724138
동탄1동,스포츠 서비스,-0.3357511736378375,0.06673424286189679,0.09336099585062241,90,O03|T03,중분류 직접 대응,202506,202507,20254,rolling_mean_blend,True,58.620689655172406
동탄6동,스포츠 서비스,-0.40969855045242115,0.03305445243260591,0.04979253112033195,48,O03|T03,중분류 직접 대응,202506,202507,20254,rolling_mean_blend,True,55.172413793103445
향남읍,스포츠 서비스,-0.5662057996276506,0.06830903534475379,0.12033195020746888,116,O03|T03,중분류 직접 대응,202506,202507,20254,rolling_mean_blend,True,51.724137931034484
진안동,스포츠 서비스,-0.5926407311580322,0.03957186787360424,0.07157676348547717,69,O03|T03,중분류 직접 대응,202506,202507,20254,rolling_mean_blend,True,48.275862068965516
동탄8동,스포츠 서비스,-0.5994345613080646,0.011392122631949313,0.02074688796680498,20,O03|T03,중분류 직접 대응,202506,202507,20254,rolling_mean_blend,True,44.827586206896555
동탄2동,스포츠 서비스,-0.6427283583645258,0.007636434973814573,0.014522821576763486,14,O03|T03,중분류 직접 대응,202506,202507,20254,rolling_mean_blend,True,41.37931034482759
병점1동,스포츠 서비스,-0.6922461455923264,0.017650252004005502,0.035269709543568464,34,O03|T03,중분류 직접 대응,202506,202507,20254,rolling_mean_blend,True,37.93103448275862
매송면,스포츠 서비스,-0.8758890820743471,0.0017275972377770198,0.004149377593360996,4,O03|T03,중분류 직접 대응,202506,202507,20254,rolling_mean_blend,True,34.48275862068966
새솔동,스포츠 서비스,-0.951834163802958,0.014815979503671613,0.038381742738589214,37,O03|T03,중분류 직접 대응,202506,202507,20254,rolling_mean_blend,True,31.03448275862069
정남면,스포츠 서비스,-0.966021385056666,0.0055266832394025595,0.014522821576763486,14,O03|T03,중분류 직접 대응,202506,202507,20254,rolling_mean_blend,True,27.586206896551722
장안면,스포츠 서비스,-0.9692344054865525,0.003934787808256727,0.01037344398340249,10,O03|T03,중분류 직접 대응,202506,202507,20254,rolling_mean_blend,True,24.137931034482758
송산면,스포츠 서비스,-1.0454844757144581,0.003645839846162412,0.01037344398340249,10,O03|T03,중분류 직접 대응,202506,202507,20254,rolling_mean_blend,True,20.689655172413794
양감면,스포츠 서비스,-1.2609960737473913,0.0023509151296303658,0.008298755186721992,8,O03|T03,중분류 직접 대응,202506,202507,20254,rolling_mean_blend,True,17.24137931034483
병점2동,스포츠 서비스,-1.294528448584524,0.00369465957921038,0.013485477178423237,13,O03|T03,중분류 직접 대응,202506,202507,20254,rolling_mean_blend,True,13.793103448275861
우정읍,스포츠 서비스,-1.4566169886771874,0.004350289803539771,0.01867219917012448,18,O03|T03,중분류 직접 대응,202506,202507,20254,rolling_mean_blend,True,10.344827586206897
비봉면,스포츠 서비스,-1.498291221248777,0.002085951619182283,0.00933609958506224,9,O03|T03,중분류 직접 대응,202506,202507,20254,rolling_mean_blend,True,6.896551724137931
마도면,스포츠 서비스,-1.6509521641605602,0.0015914502290489472,0.008298755186721992,8,O03|T03,중분류 직접 대응,202506,202507,20254,rolling_mean_blend,True,3.4482758620689653
비봉면,시계·귀금속 소매,1.0219510584105058,0.0334790160881637,0.012048192771084338,1,D15,중분류 직접 대응,202506,202507,20254,rolling_mean_blend,True,100.0
남양읍,시계·귀금속 소매,0.6060443750698247,0.1325188371713683,0.07228915662650602,6,D15,중분류 직접 대응,202506,202507,20254,rolling_mean_blend,True,94.73684210526315
정남면,시계·귀금속 소매,0.43543331551850917,0.03724470612625557,0.024096385542168676,2,D15,중분류 직접 대응,202506,202507,20254,rolling_mean_blend,True,89.47368421052632
향남읍,시계·귀금속 소매,0.4126822535157294,0.14562604124099693,0.0963855421686747,8,D15,중분류 직접 대응,202506,202507,20254,rolling_mean_blend,True,84.21052631578947
동탄7동,시계·귀금속 소매,0.18876566306268033,0.0727567075791265,0.060240963855421686,5,D15,중분류 직접 대응,202506,202507,20254,rolling_mean_blend,True,78.94736842105263
진안동,시계·귀금속 소매,0.037514084148293804,0.050035056034644795,0.04819277108433735,4,D15,중분류 직접 대응,202506,202507,20254,rolling_mean_blend,True,73.68421052631578
동탄4동,시계·귀금속 소매,-0.04768738399203174,0.034461343740336964,0.03614457831325301,3,D15,중분류 직접 대응,202506,202507,20254,rolling_mean_blend,True,68.42105263157895
동탄1동,시계·귀금속 소매,-0.1562680248915675,0.10305165170817424,0.12048192771084337,10,D15,중분류 직접 대응,202506,202507,20254,rolling_mean_blend,True,63.1578947368421
화산동,시계·귀금속 소매,-0.1807401690988051,0.01005588524203882,0.012048192771084338,1,D15,중분류 직접 대응,202506,202507,20254,rolling_mean_blend,True,57.89473684210527
봉담읍,시계·귀금속 소매,-0.25837649934499296,0.09304849582965699,0.12048192771084337,10,D15,중분류 직접 대응,202506,202507,20254,rolling_mean_blend,True,52.63157894736842
우정읍,시계·귀금속 소매,-0.3144453763302896,0.026392275183537713,0.03614457831325301,3,D15,중분류 직접 대응,202506,202507,20254,rolling_mean_blend,True,47.368421052631575
병점1동,시계·귀금속 소매,-0.38897050324328086,0.06532538968406283,0.0963855421686747,8,D15,중분류 직접 대응,202506,202507,20254,rolling_mean_blend,True,42.10526315789473
동탄5동,시계·귀금속 소매,-0.5866442632138364,0.02680392177231675,0.04819277108433735,4,D15,중분류 직접 대응,202506,202507,20254,rolling_mean_blend,True,36.84210526315789
동탄6동,시계·귀금속 소매,-0.7527567312989555,0.03405244636661807,0.07228915662650602,6,D15,중분류 직접 대응,202506,202507,20254,rolling_mean_blend,True,31.57894736842105
동탄2동,시계·귀금속 소매,-0.8380980957567078,0.005210665987809744,0.012048192771084338,1,D15,중분류 직접 대응,202506,202507,20254,rolling_mean_blend,True,26.31578947368421
반월동,시계·귀금속 소매,-1.2368845881826585,0.0104915978087009,0.03614457831325301,3,D15,중분류 직접 대응,202506,202507,20254,rolling_mean_blend,True,21.052631578947366
새솔동,시계·귀금속 소매,-1.3755209267672548,0.012177947608708778,0.04819277108433735,4,D15,중분류 직접 대응,202506,202507,20254,rolling_mean_blend,True,15.789473684210526
병점2동,시계·귀금속 소매,-1.9422465273159115,0.001726631059626402,0.012048192771084338,1,D15,중분류 직접 대응,202506,202507,20254,rolling_mean_blend,True,10.526315789473683
송산면,시계·귀금속 소매,-3.2353388510991214,0.0014212153691886022,0.03614457831325301,3,D15,중분류 직접 대응,202506,202507,20254,rolling_mean_blend,True,5.263157894736842
동탄8동,시설관리,1.4761430667526347,0.028983740374657004,0.006622516556291391,1,F14,중분류 직접 대응,202506,202507,20254,rolling_mean_blend,True,100.0
화산동,시설관리,1.4148758324708044,0.13629369093402666,0.033112582781456956,5,F14,중분류 직접 대응,202506,202507,20254,rolling_mean_blend,True,96.15384615384616
향남읍,시설관리,1.0761143076057502,0.27195978008739796,0.09271523178807947,14,F14,중분류 직접 대응,202506,202507,20254,rolling_mean_blend,True,92.3076923076923
새솔동,시설관리,0.799668616597791,0.04420261970459981,0.019867549668874173,3,F14,중분류 직접 대응,202506,202507,20254,rolling_mean_blend,True,88.46153846153845
봉담읍,시설관리,0.22615813851669625,0.016606530854050217,0.013245033112582781,2,F14,중분류 직접 대응,202506,202507,20254,rolling_mean_blend,True,84.61538461538461
남양읍,시설관리,-0.44121707524077336,0.012779505314726665,0.019867549668874173,3,F14,중분류 직접 대응,202506,202507,20254,rolling_mean_blend,True,80.76923076923077
팔탄면,시설관리,-1.3141423457545442,0.014235278249132082,0.052980132450331126,8,F14,중분류 직접 대응,202506,202507,20254,rolling_mean_blend,True,76.92307692307693
동탄7동,시설관리,-1.3840413889123542,0.011614794577777447,0.046357615894039736,7,F14,중분류 직접 대응,202506,202507,20254,rolling_mean_blend,True,73.07692307692307
동탄1동,시설관리,-1.8398843426494085,0.01998511986802308,0.12582781456953643,19,F14,중분류 직접 대응,202506,202507,20254,rolling_mean_blend,True,69.23076923076923
병점2동,시설관리,-1.9598426880984416,0.0074630127412487115,0.052980132450331126,8,F14,중분류 직접 대응,202506,202507,20254,rolling_mean_blend,True,65.38461538461539
서신면,시설관리,-2.6049967391525333,0.0014673529401624215,0.019867549668874173,3,F14,중분류 직접 대응,202506,202507,20254,rolling_mean_blend,True,61.53846153846154
동탄5동,시설관리,-3.454369141221778,0.005232017993205994,0.16556291390728478,25,F14,중분류 직접 대응,202506,202507,20254,rolling_mean_blend,True,57.692307692307686
반월동,시설관리,-4.109659749112853,0.000868598306656702,0.052980132450331126,8,F14,중분류 직접 대응,202506,202507,20254,rolling_mean_blend,True,53.84615384615385
동탄6동,시설관리,-4.841686110306564,0.00020811340683772063,0.026490066225165563,4,F14,중분류 직접 대응,202506,202507,20254,rolling_mean_blend,True,50.0
정남면,시설관리,-4.957647656071091,0.00018521746836101124,0.026490066225165563,4,F14,중분류 직접 대응,202506,202507,20254,rolling_mean_blend,True,46.15384615384615
진안동,시설관리,-5.076581126831075,0.0002056688401759988,0.033112582781456956,5,F14,중분류 직접 대응,202506,202507,20254,rolling_mean_blend,True,42.30769230769231
기배동,시설관리,-8.798381709749997,0.0,0.006622516556291391,1,F14,중분류 직접 대응,202506,202507,20254,rolling_mean_blend,True,34.61538461538461
송산면,시설관리,-8.798381709749997,0.0,0.006622516556291391,1,F14,중분류 직접 대응,202506,202507,20254,rolling_mean_blend,True,34.61538461538461
장안면,시설관리,-8.798381709749997,0.0,0.006622516556291391,1,F14,중분류 직접 대응,202506,202507,20254,rolling_mean_blend,True,34.61538461538461
양감면,시설관리,-9.491453398859313,0.0,0.013245033112582781,2,F14,중분류 직접 대응,202506,202507,20254,rolling_mean_blend,True,26.923076923076923
동탄2동,시설관리,-9.896893341884113,0.0,0.019867549668874173,3,F14,중분류 직접 대응,202506,202507,20254,rolling_mean_blend,True,21.153846153846153
병점1동,시설관리,-9.896893341884113,0.0,0.019867549668874173,3,F14,중분류 직접 대응,202506,202507,20254,rolling_mean_blend,True,21.153846153846153
동탄3동,시설관리,-10.184562831556727,0.0,0.026490066225165563,4,F14,중분류 직접 대응,202506,202507,20254,rolling_mean_blend,True,15.384615384615385
마도면,시설관리,-10.407698833127439,0.0,0.033112582781456956,5,F14,중분류 직접 대응,202506,202507,20254,rolling_mean_blend,True,11.538461538461538
비봉면,시설관리,-10.590015356727397,0.0,0.039735099337748346,6,F14,중분류 직접 대응,202506,202507,20254,rolling_mean_blend,True,5.769230769230769
우정읍,시설관리,-10.590015356727397,0.0,0.039735099337748346,6,F14,중분류 직접 대응,202506,202507,20254,rolling_mean_blend,True,5.769230769230769
동탄1동,시장 조사,-0.8916234832392501,0.05856935297676381,0.14285714285714285,1,F03,중분류 직접 대응,202506,202507,20254,rolling_mean_blend,True,100.0
팔탄면,시장 조사,-2.6439215057889145,0.010153638783742612,0.14285714285714285,1,F03,중분류 직접 대응,202506,202507,20254,rolling_mean_blend,True,75.0
동탄5동,시장 조사,-3.647487586822545,0.014888461103824921,0.5714285714285714,4,F03,중분류 직접 대응,202506,202507,20254,rolling_mean_blend,True,50.0
동탄7동,시장 조사,-7.677044818749916,6.519219727995605e-05,0.14285714285714285,1,F03,중분류 직접 대응,202506,202507,20254,rolling_mean_blend,True,25.0
팔탄면,식료품 소매,1.3525428431227235,0.0931508393165639,0.02408637873754153,29,D08,중분류 직접 대응,202506,202507,20254,rolling_mean_blend,True,100.0
진안동,식료품 소매,1.1907797615672315,0.13115094133527366,0.03986710963455149,48,D08,중분류 직접 대응,202506,202507,20254,rolling_mean_blend,True,96.55172413793103
기배동,식료품 소매,1.1204874076058684,0.022923275323393236,0.007475083056478406,9,D08,중분류 직접 대응,202506,202507,20254,rolling_mean_blend,True,93.10344827586206
동탄5동,식료품 소매,1.0676901335113076,0.13770392579728838,0.0473421926910299,57,D08,중분류 직접 대응,202506,202507,20254,rolling_mean_blend,True,89.65517241379311
매송면,식료품 소매,0.7062167898523171,0.015147867688546004,0.007475083056478406,9,D08,중분류 직접 대응,202506,202507,20254,rolling_mean_blend,True,86.20689655172413
화산동,식료품 소매,0.2254722815080736,0.023934662390235582,0.01910299003322259,23,D08,중분류 직접 대응,202506,202507,20254,rolling_mean_blend,True,82.75862068965517
동탄9동,식료품 소매,0.15905864634942782,0.021422886231311028,0.018272425249169437,22,D08,중분류 직접 대응,202506,202507,20254,rolling_mean_blend,True,79.3103448275862
새솔동,식료품 소매,0.09397902588481064,0.023722651963485584,0.02159468438538206,26,D08,중분류 직접 대응,202506,202507,20254,rolling_mean_blend,True,75.86206896551724
마도면,식료품 소매,0.025810757437140317,0.017045653048049603,0.016611295681063124,20,D08,중분류 직접 대응,202506,202507,20254,rolling_mean_blend,True,72.41379310344827
송산면,식료품 소매,-0.023271950052350606,0.043818768258793064,0.044850498338870434,54,D08,중분류 직접 대응,202506,202507,20254,rolling_mean_blend,True,68.96551724137932
동탄7동,식료품 소매,-0.11335499772250708,0.03485303365349245,0.03903654485049834,47,D08,중분류 직접 대응,202506,202507,20254,rolling_mean_blend,True,65.51724137931035
동탄4동,식료품 소매,-0.1434894676563332,0.015110271991965707,0.01744186046511628,21,D08,중분류 직접 대응,202506,202507,20254,rolling_mean_blend,True,62.06896551724138
봉담읍,식료품 소매,-0.16863634653203768,0.06595724546019652,0.07807308970099668,94,D08,중분류 직접 대응,202506,202507,20254,rolling_mean_blend,True,58.620689655172406
남양읍,식료품 소매,-0.2022920437032524,0.04206384741448313,0.05149501661129568,62,D08,중분류 직접 대응,202506,202507,20254,rolling_mean_blend,True,55.172413793103445
향남읍,식료품 소매,-0.21220446255170605,0.09471800059321894,0.11710963455149502,141,D08,중분류 직접 대응,202506,202507,20254,rolling_mean_blend,True,51.724137931034484
동탄1동,식료품 소매,-0.2686702703366683,0.031743753510317906,0.04152823920265781,50,D08,중분류 직접 대응,202506,202507,20254,rolling_mean_blend,True,48.275862068965516
동탄8동,식료품 소매,-0.2909648848718676,0.011175623535764852,0.014950166112956811,18,D08,중분류 직접 대응,202506,202507,20254,rolling_mean_blend,True,44.827586206896555
비봉면,식료품 소매,-0.36142318706789567,0.013887087548613994,0.019933554817275746,24,D08,중분류 직접 대응,202506,202507,20254,rolling_mean_blend,True,41.37931034482759
정남면,식료품 소매,-0.36365780065543407,0.02828982993841437,0.040697674418604654,49,D08,중분류 직접 대응,202506,202507,20254,rolling_mean_blend,True,37.93103448275862
동탄2동,식료품 소매,-0.391484904404517,0.013475800753167145,0.019933554817275746,24,D08,중분류 직접 대응,202506,202507,20254,rolling_mean_blend,True,34.48275862068966
양감면,식료품 소매,-0.47694639217953594,0.009278827010198209,0.014950166112956811,18,D08,중분류 직접 대응,202506,202507,20254,rolling_mean_blend,True,31.03448275862069
병점2동,식료품 소매,-0.5448990115911894,0.006742607151457683,0.011627906976744186,14,D08,중분류 직접 대응,202506,202507,20254,rolling_mean_blend,True,27.586206896551722
우정읍,식료품 소매,-0.5735712388806822,0.021997024032849873,0.03903654485049834,47,D08,중분류 직접 대응,202506,202507,20254,rolling_mean_blend,True,24.137931034482758
반월동,식료품 소매,-0.6526711080337402,0.014269915581730207,0.027408637873754152,33,D08,중분류 직접 대응,202506,202507,20254,rolling_mean_blend,True,20.689655172413794
동탄3동,식료품 소매,-1.107052319498974,0.007686117246847293,0.023255813953488372,28,D08,중분류 직접 대응,202506,202507,20254,rolling_mean_blend,True,17.24137931034483
서신면,식료품 소매,-1.1220781241592435,0.04137571651469379,0.1270764119601329,153,D08,중분류 직접 대응,202506,202507,20254,rolling_mean_blend,True,13.793103448275861
병점1동,식료품 소매,-1.1295315082145498,0.007246819046957468,0.022425249169435217,27,D08,중분류 직접 대응,202506,202507,20254,rolling_mean_blend,True,10.344827586206897
동탄6동,식료품 소매,-1.224382293608906,0.00805576736843145,0.027408637873754152,33,D08,중분류 직접 대응,202506,202507,20254,rolling_mean_blend,True,6.896551724137931
장안면,식료품 소매,-2.2735226259517316,0.002051240294258963,0.019933554817275746,24,D08,중분류 직접 대응,202506,202507,20254,rolling_mean_blend,True,3.4482758620689653
우정읍,식물 소매,2.207486619653848,0.20599462128722798,0.022653721682847898,7,D18,중분류 직접 대응,202506,202507,20254,rolling_mean_blend,True,100.0
장안면,식물 소매,1.9453773991162442,0.06793096465648996,0.009708737864077669,3,D18,중분류 직접 대응,202506,202507,20254,rolling_mean_blend,True,96.42857142857143
송산면,식물 소매,1.739342991727316,0.1105600615684208,0.019417475728155338,6,D18,중분류 직접 대응,202506,202507,20254,rolling_mean_blend,True,92.85714285714286
정남면,식물 소매,1.1990065269319177,0.1073427735808736,0.032362459546925564,10,D18,중분류 직접 대응,202506,202507,20254,rolling_mean_blend,True,89.28571428571429
팔탄면,식물 소매,1.123229160868848,0.059706290439372915,0.019417475728155338,6,D18,중분류 직접 대응,202506,202507,20254,rolling_mean_blend,True,85.71428571428571
봉담읍,식물 소매,0.7785729011097594,0.14099543785633467,0.06472491909385113,20,D18,중분류 직접 대응,202506,202507,20254,rolling_mean_blend,True,82.14285714285714
서신면,식물 소매,0.7337148421831406,0.040443869997828924,0.019417475728155338,6,D18,중분류 직접 대응,202506,202507,20254,rolling_mean_blend,True,78.57142857142857
비봉면,식물 소매,0.6129424891885079,0.04181632729437694,0.022653721682847898,7,D18,중분류 직접 대응,202506,202507,20254,rolling_mean_blend,True,75.0
남양읍,식물 소매,0.5680893749993341,0.09709837100261398,0.05501618122977346,17,D18,중분류 직접 대응,202506,202507,20254,rolling_mean_blend,True,71.42857142857143
향남읍,식물 소매,-0.04087925751531664,0.1087315975452004,0.11326860841423948,35,D18,중분류 직접 대응,202506,202507,20254,rolling_mean_blend,True,67.85714285714286
병점2동,식물 소매,-1.3962693412683262,0.0056064661551500595,0.022653721682847898,7,D18,중분류 직접 대응,202506,202507,20254,rolling_mean_blend,True,64.28571428571429
화산동,식물 소매,-2.1513996128204904,0.00602222255248967,0.05177993527508091,16,D18,중분류 직접 대응,202506,202507,20254,rolling_mean_blend,True,60.71428571428571
동탄8동,식물 소매,-2.9162885785089605,0.0003494374990537229,0.006472491909385114,2,D18,중분류 직접 대응,202506,202507,20254,rolling_mean_blend,True,57.14285714285714
동탄6동,식물 소매,-3.4691090899932995,0.002518834177762129,0.08090614886731391,25,D18,중분류 직접 대응,202506,202507,20254,rolling_mean_blend,True,53.57142857142857
동탄5동,식물 소매,-5.642414426056736,0.0002972294860558745,0.08414239482200647,26,D18,중분류 직접 대응,202506,202507,20254,rolling_mean_blend,True,50.0
기배동,식물 소매,-8.082478233335861,0.0,0.003236245954692557,1,D18,중분류 직접 대응,202506,202507,20254,rolling_mean_blend,True,46.42857142857143
마도면,식물 소매,-8.775470949692577,0.0,0.006472491909385114,2,D18,중분류 직접 대응,202506,202507,20254,rolling_mean_blend,True,42.857142857142854
동탄4동,식물 소매,-9.468540889202792,0.0,0.012944983818770227,4,D18,중분류 직접 대응,202506,202507,20254,rolling_mean_blend,True,37.5
병점1동,식물 소매,-9.468540889202792,0.0,0.012944983818770227,4,D18,중분류 직접 대응,202506,202507,20254,rolling_mean_blend,True,37.5
동탄9동,식물 소매,-9.691668991591088,0.0,0.016181229773462782,5,D18,중분류 직접 대응,202506,202507,20254,rolling_mean_blend,True,30.357142857142854
새솔동,식물 소매,-9.691668991591088,0.0,0.016181229773462782,5,D18,중분류 직접 대응,202506,202507,20254,rolling_mean_blend,True,30.357142857142854
동탄2동,식물 소매,-10.028123572004718,0.0,0.022653721682847898,7,D18,중분류 직접 대응,202506,202507,20254,rolling_mean_blend,True,25.0
동탄3동,식물 소매,-10.161649447000439,0.0,0.025889967637540454,8,D18,중분류 직접 대응,202506,202507,20254,rolling_mean_blend,True,19.642857142857142
매송면,식물 소매,-10.161649447000439,0.0,0.025889967637540454,8,D18,중분류 직접 대응,202506,202507,20254,rolling_mean_blend,True,19.642857142857142
반월동,식물 소매,-10.384785273583178,0.0,0.032362459546925564,10,D18,중분류 직접 대응,202506,202507,20254,rolling_mean_blend,True,14.285714285714285
동탄7동,식물 소매,-10.972558205482015,0.0,0.05825242718446602,18,D18,중분류 직접 대응,202506,202507,20254,rolling_mean_blend,True,10.714285714285714
진안동,식물 소매,-11.126706432967412,0.0,0.06796116504854369,21,D18,중분류 직접 대응,202506,202507,20254,rolling_mean_blend,True,7.142857142857142
동탄1동,식물 소매,-11.217676931688041,0.0,0.0744336569579288,23,D18,중분류 직접 대응,202506,202507,20254,rolling_mean_blend,True,3.571428571428571
송산면,안경·정밀기기 소매,2.885247031084513,0.1105600615684208,0.006172839506172839,1,D18,중분류 직접 대응,202506,202507,20254,rolling_mean_blend,True,100.0
우정읍,안경·정밀기기 소매,2.1213611086268878,0.20599462128722798,0.024691358024691357,4,D18,중분류 직접 대응,202506,202507,20254,rolling_mean_blend,True,96.0
팔탄면,안경·정밀기기 소매,1.57606700982584,0.059706290439372915,0.012345679012345678,2,D18,중분류 직접 대응,202506,202507,20254,rolling_mean_blend,True,92.0
정남면,안경·정밀기기 소매,1.469542717483419,0.1073427735808736,0.024691358024691357,4,D18,중분류 직접 대응,202506,202507,20254,rolling_mean_blend,True,88.0
비봉면,안경·정밀기기 소매,1.2199236611817132,0.04181632729437694,0.012345679012345678,2,D18,중분류 직접 대응,202506,202507,20254,rolling_mean_blend,True,84.0
남양읍,안경·정밀기기 소매,0.45297466083275995,0.09709837100261398,0.06172839506172839,10,D18,중분류 직접 대응,202506,202507,20254,rolling_mean_blend,True,80.0
향남읍,안경·정밀기기 소매,0.3037708719188387,0.1087315975452004,0.08024691358024691,13,D18,중분류 직접 대응,202506,202507,20254,rolling_mean_blend,True,76.0
봉담읍,안경·정밀기기 소매,0.23819492502337405,0.14099543785633467,0.1111111111111111,18,D18,중분류 직접 대응,202506,202507,20254,rolling_mean_blend,True,72.0
화산동,안경·정밀기기 소매,-0.024698506811971492,0.00602222255248967,0.006172839506172839,1,D18,중분류 직접 대응,202506,202507,20254,rolling_mean_blend,True,68.0
병점2동,안경·정밀기기 소매,-1.7055303039047303,0.0056064661551500595,0.030864197530864196,5,D18,중분류 직접 대응,202506,202507,20254,rolling_mean_blend,True,64.0
동탄6동,안경·정밀기기 소매,-3.3808859965637206,0.002518834177762129,0.07407407407407407,12,D18,중분류 직접 대응,202506,202507,20254,rolling_mean_blend,True,60.0
동탄8동,안경·정밀기기 소매,-3.5619600288278943,0.0003494374990537229,0.012345679012345678,2,D18,중분류 직접 대응,202506,202507,20254,rolling_mean_blend,True,56.00000000000001
동탄5동,안경·정밀기기 소매,-5.738111946199743,0.0002972294860558745,0.09259259259259259,15,D18,중분류 직접 대응,202506,202507,20254,rolling_mean_blend,True,52.0
매송면,안경·정밀기기 소매,-8.728076209611308,0.0,0.006172839506172839,1,D18,중분류 직접 대응,202506,202507,20254,rolling_mean_blend,True,48.0
기배동,안경·정밀기기 소매,-9.826580509942053,0.0,0.018518518518518517,3,D18,중분류 직접 대응,202506,202507,20254,rolling_mean_blend,True,44.0
동탄9동,안경·정밀기기 소매,-10.114249083031678,0.0,0.024691358024691357,4,D18,중분류 직접 대응,202506,202507,20254,rolling_mean_blend,True,38.0
새솔동,안경·정밀기기 소매,-10.114249083031678,0.0,0.024691358024691357,4,D18,중분류 직접 대응,202506,202507,20254,rolling_mean_blend,True,38.0
동탄2동,안경·정밀기기 소매,-10.337384534641123,0.0,0.030864197530864196,5,D18,중분류 직접 대응,202506,202507,20254,rolling_mean_blend,True,32.0
동탄4동,안경·정밀기기 소매,-10.519700691595451,0.0,0.037037037037037035,6,D18,중분류 직접 대응,202506,202507,20254,rolling_mean_blend,True,26.0
병점1동,안경·정밀기기 소매,-10.519700691595451,0.0,0.037037037037037035,6,D18,중분류 직접 대응,202506,202507,20254,rolling_mean_blend,True,26.0
반월동,안경·정밀기기 소매,-10.673847514376554,0.0,0.043209876543209874,7,D18,중분류 직접 대응,202506,202507,20254,rolling_mean_blend,True,20.0
진안동,안경·정밀기기 소매,-10.807376014206698,0.0,0.04938271604938271,8,D18,중분류 직접 대응,202506,202507,20254,rolling_mean_blend,True,16.0
동탄1동,안경·정밀기기 소매,-10.92515679990611,0.0,0.05555555555555555,9,D18,중분류 직접 대응,202506,202507,20254,rolling_mean_blend,True,10.0
동탄3동,안경·정밀기기 소매,-10.92515679990611,0.0,0.05555555555555555,9,D18,중분류 직접 대응,202506,202507,20254,rolling_mean_blend,True,10.0
동탄7동,안경·정밀기기 소매,-11.125824222694543,0.0,0.06790123456790123,11,D18,중분류 직접 대응,202506,202507,20254,rolling_mean_blend,True,4.0
송산면,애완동물·용품 소매,2.559869624373268,0.1105600615684208,0.008547008547008548,2,D18,중분류 직접 대응,202506,202507,20254,rolling_mean_blend,True,100.0
우정읍,애완동물·용품 소매,2.4890678896431604,0.20599462128722798,0.017094017094017096,4,D18,중분류 직접 대응,202506,202507,20254,rolling_mean_blend,True,96.55172413793103
정남면,애완동물·용품 소매,1.4318038894409493,0.1073427735808736,0.02564102564102564,6,D18,중분류 직접 대응,202506,202507,20254,rolling_mean_blend,True,93.10344827586206
장안면,애완동물·용품 소매,1.1565878096011593,0.06793096465648996,0.021367521367521368,5,D18,중분류 직접 대응,202506,202507,20254,rolling_mean_blend,True,89.65517241379311
서신면,애완동물·용품 소매,1.1488153629188043,0.040443869997828924,0.01282051282051282,3,D18,중분류 직접 대응,202506,202507,20254,rolling_mean_blend,True,86.20689655172413
비봉면,애완동물·용품 소매,0.6713919072476383,0.04181632729437694,0.021367521367521368,5,D18,중분류 직접 대응,202506,202507,20254,rolling_mean_blend,True,82.75862068965517
봉담읍,애완동물·용품 소매,0.5005564895188097,0.14099543785633467,0.08547008547008547,20,D18,중분류 직접 대응,202506,202507,20254,rolling_mean_blend,True,79.3103448275862
팔탄면,애완동물·용품 소매,0.4397693902325544,0.059706290439372915,0.038461538461538464,9,D18,중분류 직접 대응,202506,202507,20254,rolling_mean_blend,True,75.86206896551724
병점2동,애완동물·용품 소매,0.27143081550354825,0.0056064661551500595,0.004273504273504274,1,D18,중분류 직접 대응,202506,202507,20254,rolling_mean_blend,True,72.41379310344827
남양읍,애완동물·용품 소매,0.07876715330241969,0.09709837100261398,0.08974358974358974,21,D18,중분류 직접 대응,202506,202507,20254,rolling_mean_blend,True,68.96551724137932
향남읍,애완동물·용품 소매,-0.05938806166693053,0.1087315975452004,0.11538461538461539,27,D18,중분류 직접 대응,202506,202507,20254,rolling_mean_blend,True,65.51724137931035
양감면,애완동물·용품 소매,-1.0280083550796004,0.004585494900748324,0.01282051282051282,3,D18,중분류 직접 대응,202506,202507,20254,rolling_mean_blend,True,62.06896551724138
화산동,애완동물·용품 소매,-1.0431645992160699,0.00602222255248967,0.017094017094017096,4,D18,중분류 직접 대응,202506,202507,20254,rolling_mean_blend,True,58.620689655172406
동탄6동,애완동물·용품 소매,-2.830849559461797,0.002518834177762129,0.042735042735042736,10,D18,중분류 직접 대응,202506,202507,20254,rolling_mean_blend,True,55.172413793103445
동탄8동,애완동물·용품 소매,-4.11049178276197,0.0003494374990537229,0.021367521367521368,5,D18,중분류 직접 대응,202506,202507,20254,rolling_mean_blend,True,51.724137931034484
동탄5동,애완동물·용품 소매,-5.606777459910611,0.0002972294860558745,0.0811965811965812,19,D18,중분류 직접 대응,202506,202507,20254,rolling_mean_blend,True,48.275862068965516
매송면,애완동물·용품 소매,-8.360423415232843,0.0,0.004273504273504274,1,D18,중분류 직접 대응,202506,202507,20254,rolling_mean_blend,True,44.827586206896555
동탄2동,애완동물·용품 소매,-9.053453616322551,0.0,0.008547008547008548,2,D18,중분류 직접 대응,202506,202507,20254,rolling_mean_blend,True,41.37931034482759
기배동,애완동물·용품 소매,-9.45887972823284,0.0,0.01282051282051282,3,D18,중분류 직접 대응,202506,202507,20254,rolling_mean_blend,True,34.48275862068966
동탄4동,애완동물·용품 소매,-9.45887972823284,0.0,0.01282051282051282,3,D18,중분류 직접 대응,202506,202507,20254,rolling_mean_blend,True,34.48275862068966
반월동,애완동물·용품 소매,-9.45887972823284,0.0,0.01282051282051282,3,D18,중분류 직접 대응,202506,202507,20254,rolling_mean_blend,True,34.48275862068966
마도면,애완동물·용품 소매,-9.746542302015405,0.0,0.017094017094017096,4,D18,중분류 직접 대응,202506,202507,20254,rolling_mean_blend,True,27.586206896551722
동탄9동,애완동물·용품 소매,-10.151987911074148,0.0,0.02564102564102564,6,D18,중분류 직접 대응,202506,202507,20254,rolling_mean_blend,True,24.137931034482758
동탄3동,애완동물·용품 소매,-10.439660233858636,0.0,0.03418803418803419,8,D18,중분류 직접 대응,202506,202507,20254,rolling_mean_blend,True,18.96551724137931
병점1동,애완동물·용품 소매,-10.439660233858636,0.0,0.03418803418803419,8,D18,중분류 직접 대응,202506,202507,20254,rolling_mean_blend,True,18.96551724137931
새솔동,애완동물·용품 소매,-10.557440019604797,0.0,0.038461538461538464,9,D18,중분류 직접 대응,202506,202507,20254,rolling_mean_blend,True,13.793103448275861
진안동,애완동물·용품 소매,-10.662797935326843,0.0,0.042735042735042736,10,D18,중분류 직접 대응,202506,202507,20254,rolling_mean_blend,True,10.344827586206897
동탄1동,애완동물·용품 소매,-11.068255243587103,0.0,0.0641025641025641,15,D18,중분류 직접 대응,202506,202507,20254,rolling_mean_blend,True,6.896551724137931
동탄7동,애완동물·용품 소매,-11.250574200418239,0.0,0.07692307692307693,18,D18,중분류 직접 대응,202506,202507,20254,rolling_mean_blend,True,3.4482758620689653
남양읍,여행사·보조,1.8823298608283154,0.30411628255603756,0.046296296296296294,5,F12,중분류 직접 대응,202506,202507,20254,rolling_mean_blend,True,100.0
정남면,여행사·보조,1.6907686129390476,0.05022338466034831,0.009259259259259259,1,F12,중분류 직접 대응,202506,202507,20254,rolling_mean_blend,True,95.23809523809523
화산동,여행사·보조,1.5239780217199985,0.1275160857621388,0.027777777777777776,3,F12,중분류 직접 대응,202506,202507,20254,rolling_mean_blend,True,90.47619047619048
진안동,여행사·보조,0.3981891523756814,0.04136509120702566,0.027777777777777776,3,F12,중분류 직접 대응,202506,202507,20254,rolling_mean_blend,True,85.71428571428571
새솔동,여행사·보조,0.3841363645870795,0.02719205461195172,0.018518518518518517,2,F12,중분류 직접 대응,202506,202507,20254,rolling_mean_blend,True,80.95238095238095
병점1동,여행사·보조,0.23431176391423722,0.011704324338311606,0.009259259259259259,1,F12,중분류 직접 대응,202506,202507,20254,rolling_mean_blend,True,76.19047619047619
동탄6동,여행사·보조,0.07473975874276044,0.05986694857340015,0.05555555555555555,6,F12,중분류 직접 대응,202506,202507,20254,rolling_mean_blend,True,71.42857142857143
향남읍,여행사·보조,-0.06595074823978869,0.07801468380362944,0.08333333333333333,9,F12,중분류 직접 대응,202506,202507,20254,rolling_mean_blend,True,66.66666666666666
팔탄면,여행사·보조,-0.6214262569287012,0.009947273057347309,0.018518518518518517,2,F12,중분류 직접 대응,202506,202507,20254,rolling_mean_blend,True,61.904761904761905
양감면,여행사·보조,-0.7539130684942077,0.013069519461105093,0.027777777777777776,3,F12,중분류 직접 대응,202506,202507,20254,rolling_mean_blend,True,57.14285714285714
동탄5동,여행사·보조,-0.9224481754074437,0.08098070288831302,0.2037037037037037,22,F12,중분류 직접 대응,202506,202507,20254,rolling_mean_blend,True,52.38095238095239
봉담읍,여행사·보조,-1.1503994660881989,0.02344452458345047,0.07407407407407407,8,F12,중분류 직접 대응,202506,202507,20254,rolling_mean_blend,True,47.61904761904761
송산면,여행사·보조,-1.218651788312346,0.008211197520758202,0.027777777777777776,3,F12,중분류 직접 대응,202506,202507,20254,rolling_mean_blend,True,42.857142857142854
병점2동,여행사·보조,-1.3639481391751331,0.007100629045112938,0.027777777777777776,3,F12,중분류 직접 대응,202506,202507,20254,rolling_mean_blend,True,38.095238095238095
동탄1동,여행사·보조,-1.4397429210976584,0.048274707952410886,0.2037037037037037,22,F12,중분류 직접 대응,202506,202507,20254,rolling_mean_blend,True,33.33333333333333
매송면,여행사·보조,-1.4465802486751838,0.004358010065066746,0.018518518518518517,2,F12,중분류 직접 대응,202506,202507,20254,rolling_mean_blend,True,28.57142857142857
동탄3동,여행사·보조,-6.652763768240475,1.094990772712248e-05,0.009259259259259259,1,F12,중분류 직접 대응,202506,202507,20254,rolling_mean_blend,True,23.809523809523807
기배동,여행사·보조,-9.133487325008474,0.0,0.009259259259259259,1,F12,중분류 직접 대응,202506,202507,20254,rolling_mean_blend,True,19.047619047619047
서신면,여행사·보조,-9.826580509942053,0.0,0.018518518518518517,2,F12,중분류 직접 대응,202506,202507,20254,rolling_mean_blend,True,11.904761904761903
장안면,여행사·보조,-9.826580509942053,0.0,0.018518518518518517,2,F12,중분류 직접 대응,202506,202507,20254,rolling_mean_blend,True,11.904761904761903
우정읍,여행사·보조,-11.079304908347778,0.0,0.06481481481481481,7,F12,중분류 직접 대응,202506,202507,20254,rolling_mean_blend,True,4.761904761904762
동탄6동,연료 소매,0.7149339367945572,0.035243313727408014,0.017241379310344827,7,F09,중분류 직접 대응,202506,202507,20254,rolling_mean_blend,True,100.0
송산면,연료 소매,0.6287803895970017,0.06928617169124805,0.03694581280788178,15,F09,중분류 직접 대응,202506,202507,20254,rolling_mean_blend,True,95.83333333333334
동탄8동,연료 소매,0.5410953022438331,0.04231321636189431,0.024630541871921183,10,F09,중분류 직접 대응,202506,202507,20254,rolling_mean_blend,True,91.66666666666666
진안동,연료 소매,0.5327121309107224,0.025176264474562393,0.014778325123152709,6,F09,중분류 직접 대응,202506,202507,20254,rolling_mean_blend,True,87.5
팔탄면,연료 소매,0.5030121605583359,0.2118039504623646,0.12807881773399016,52,F09,중분류 직접 대응,202506,202507,20254,rolling_mean_blend,True,83.33333333333334
병점2동,연료 소매,0.4536457505348295,0.0038775205815892457,0.0024630541871921183,1,F09,중분류 직접 대응,202506,202507,20254,rolling_mean_blend,True,79.16666666666666
동탄2동,연료 소매,0.4460720532851147,0.007695951432634119,0.0049261083743842365,2,F09,중분류 직접 대응,202506,202507,20254,rolling_mean_blend,True,75.0
매송면,연료 소매,0.43191537531548685,0.04552383390831422,0.029556650246305417,12,F09,중분류 직접 대응,202506,202507,20254,rolling_mean_blend,True,70.83333333333334
비봉면,연료 소매,0.4225441068737394,0.08268143075944258,0.054187192118226604,22,F09,중분류 직접 대응,202506,202507,20254,rolling_mean_blend,True,66.66666666666666
봉담읍,연료 소매,0.298820891797344,0.1062677859797707,0.07881773399014778,32,F09,중분류 직접 대응,202506,202507,20254,rolling_mean_blend,True,62.5
화산동,연료 소매,0.06688417791942622,0.03160120130915833,0.029556650246305417,12,F09,중분류 직접 대응,202506,202507,20254,rolling_mean_blend,True,58.333333333333336
기배동,연료 소매,0.031025431104621807,0.012703378014640505,0.012315270935960592,5,F09,중분류 직접 대응,202506,202507,20254,rolling_mean_blend,True,54.166666666666664
반월동,연료 소매,-0.01894575392551619,0.021751442561005144,0.022167487684729065,9,F09,중분류 직접 대응,202506,202507,20254,rolling_mean_blend,True,50.0
동탄5동,연료 소매,-0.08318954289733191,0.009065700646950002,0.009852216748768473,4,F09,중분류 직접 대응,202506,202507,20254,rolling_mean_blend,True,45.83333333333333
마도면,연료 소매,-0.08963986305662422,0.03602988016894331,0.03940886699507389,16,F09,중분류 직접 대응,202506,202507,20254,rolling_mean_blend,True,41.66666666666667
남양읍,연료 소매,-0.3374500727193253,0.07381912061921322,0.10344827586206896,42,F09,중분류 직접 대응,202506,202507,20254,rolling_mean_blend,True,37.5
동탄1동,연료 소매,-0.42659420821522037,0.008038179456253663,0.012315270935960592,5,F09,중분류 직접 대응,202506,202507,20254,rolling_mean_blend,True,33.33333333333333
우정읍,연료 소매,-0.643312899071955,0.033655337480649174,0.06403940886699508,26,F09,중분류 직접 대응,202506,202507,20254,rolling_mean_blend,True,29.166666666666668
정남면,연료 소매,-0.6672650806055181,0.04296931397044649,0.08374384236453201,34,F09,중분류 직접 대응,202506,202507,20254,rolling_mean_blend,True,25.0
장안면,연료 소매,-0.756735599660177,0.01617862684956856,0.034482758620689655,14,F09,중분류 직접 대응,202506,202507,20254,rolling_mean_blend,True,20.833333333333336
향남읍,연료 소매,-0.8293387507819595,0.04621254449957267,0.10591133004926108,43,F09,중분류 직접 대응,202506,202507,20254,rolling_mean_blend,True,16.666666666666664
서신면,연료 소매,-1.203857662571949,0.012562322834430158,0.04187192118226601,17,F09,중분류 직접 대응,202506,202507,20254,rolling_mean_blend,True,12.5
동탄3동,연료 소매,-1.237246532767815,0.004287695983651871,0.014778325123152709,6,F09,중분류 직접 대응,202506,202507,20254,rolling_mean_blend,True,8.333333333333332
양감면,연료 소매,-1.3448464538997038,0.008984768020665508,0.034482758620689655,14,F09,중분류 직접 대응,202506,202507,20254,rolling_mean_blend,True,4.166666666666666
매송면,오락용품 소매,1.3795720841672163,0.047092763636963665,0.011851851851851851,8,D05|D06|D14,중분류 직접 대응,202506,202507,20254,rolling_mean_blend,True,100.0
서신면,오락용품 소매,1.1031310932668703,0.04464774824452688,0.014814814814814815,10,D05|D06|D14,중분류 직접 대응,202506,202507,20254,rolling_mean_blend,True,96.55172413793103
동탄8동,오락용품 소매,1.0493322520404549,0.06769355504580851,0.023703703703703703,16,D05|D06|D14,중분류 직접 대응,202506,202507,20254,rolling_mean_blend,True,93.10344827586206
진안동,오락용품 소매,0.4169423422797435,0.06294099244636567,0.04148148148148148,28,D05|D06|D14,중분류 직접 대응,202506,202507,20254,rolling_mean_blend,True,89.65517241379311
송산면,오락용품 소매,0.30960747911855313,0.028267711998990735,0.02074074074074074,14,D05|D06|D14,중분류 직접 대응,202506,202507,20254,rolling_mean_blend,True,86.20689655172413
화산동,오락용품 소매,0.2814843950243203,0.02159447101958423,0.016296296296296295,11,D05|D06|D14,중분류 직접 대응,202506,202507,20254,rolling_mean_blend,True,82.75862068965517
반월동,오락용품 소매,0.21426796884158,0.03120354028244829,0.025185185185185185,17,D05|D06|D14,중분류 직접 대응,202506,202507,20254,rolling_mean_blend,True,79.3103448275862
동탄2동,오락용품 소매,0.1787150965461055,0.02657086328588271,0.022222222222222223,15,D05|D06|D14,중분류 직접 대응,202506,202507,20254,rolling_mean_blend,True,75.86206896551724
양감면,오락용품 소매,0.13380376022774831,0.008468057705593935,0.007407407407407408,5,D05|D06|D14,중분류 직접 대응,202506,202507,20254,rolling_mean_blend,True,72.41379310344827
봉담읍,오락용품 소매,0.02724625535709486,0.11265771847549075,0.10962962962962963,74,D05|D06|D14,중분류 직접 대응,202506,202507,20254,rolling_mean_blend,True,68.96551724137932
동탄9동,오락용품 소매,0.02512135437035643,0.01671089225436929,0.016296296296296295,11,D05|D06|D14,중분류 직접 대응,202506,202507,20254,rolling_mean_blend,True,65.51724137931035
동탄1동,오락용품 소매,-0.0267032349345964,0.09231643174818728,0.09481481481481481,64,D05|D06|D14,중분류 직접 대응,202506,202507,20254,rolling_mean_blend,True,62.06896551724138
동탄6동,오락용품 소매,-0.04568639699129703,0.05519746499255381,0.057777777777777775,39,D05|D06|D14,중분류 직접 대응,202506,202507,20254,rolling_mean_blend,True,58.620689655172406
남양읍,오락용품 소매,-0.05182533170317434,0.07314620778661295,0.07703703703703704,52,D05|D06|D14,중분류 직접 대응,202506,202507,20254,rolling_mean_blend,True,55.172413793103445
비봉면,오락용품 소매,-0.10040074910149925,0.012059569513575865,0.013333333333333334,9,D05|D06|D14,중분류 직접 대응,202506,202507,20254,rolling_mean_blend,True,51.724137931034484
동탄4동,오락용품 소매,-0.13188214501765091,0.027267031894182447,0.03111111111111111,21,D05|D06|D14,중분류 직접 대응,202506,202507,20254,rolling_mean_blend,True,48.275862068965516
동탄7동,오락용품 소매,-0.13336412423631125,0.036302243173438054,0.04148148148148148,28,D05|D06|D14,중분류 직접 대응,202506,202507,20254,rolling_mean_blend,True,44.827586206896555
병점2동,오락용품 소매,-0.17511735403502685,0.012434780290081038,0.014814814814814815,10,D05|D06|D14,중분류 직접 대응,202506,202507,20254,rolling_mean_blend,True,41.37931034482759
향남읍,오락용품 소매,-0.24436376587710565,0.05569419600465971,0.07111111111111111,48,D05|D06|D14,중분류 직접 대응,202506,202507,20254,rolling_mean_blend,True,37.93103448275862
병점1동,오락용품 소매,-0.27965920755314605,0.010080307384543066,0.013333333333333334,9,D05|D06|D14,중분류 직접 대응,202506,202507,20254,rolling_mean_blend,True,34.48275862068966
동탄3동,오락용품 소매,-0.28623815293772975,0.02670495008286192,0.035555555555555556,24,D05|D06|D14,중분류 직접 대응,202506,202507,20254,rolling_mean_blend,True,31.03448275862069
팔탄면,오락용품 소매,-0.4561528518991791,0.023470632415245017,0.037037037037037035,25,D05|D06|D14,중분류 직접 대응,202506,202507,20254,rolling_mean_blend,True,27.586206896551722
동탄5동,오락용품 소매,-0.5368584599546588,0.0640870771636854,0.10962962962962963,74,D05|D06|D14,중분류 직접 대응,202506,202507,20254,rolling_mean_blend,True,24.137931034482758
마도면,오락용품 소매,-0.6160865401539563,0.003999938470706415,0.007407407407407408,5,D05|D06|D14,중분류 직접 대응,202506,202507,20254,rolling_mean_blend,True,20.689655172413794
정남면,오락용품 소매,-0.6215109582347379,0.014323063526103116,0.02666666666666667,18,D05|D06|D14,중분류 직접 대응,202506,202507,20254,rolling_mean_blend,True,17.24137931034483
우정읍,오락용품 소매,-0.6375850146565014,0.008613218982492584,0.016296296296296295,11,D05|D06|D14,중분류 직접 대응,202506,202507,20254,rolling_mean_blend,True,13.793103448275861
새솔동,오락용품 소매,-0.8185432186464527,0.007840751912836385,0.017777777777777778,12,D05|D06|D14,중분류 직접 대응,202506,202507,20254,rolling_mean_blend,True,10.344827586206897
장안면,오락용품 소매,-0.9315406310136088,0.007002884020872723,0.017777777777777778,12,D05|D06|D14,중분류 직접 대응,202506,202507,20254,rolling_mean_blend,True,6.896551724137931
기배동,오락용품 소매,-1.5251794006498893,0.0016109362413376366,0.007407407407407408,5,D05|D06|D14,중분류 직접 대응,202506,202507,20254,rolling_mean_blend,True,3.4482758620689653
팔탄면,욕탕·신체관리,1.9245122876785965,0.18099695740666844,0.026415094339622643,7,F05|O02,중분류 직접 대응,202506,202507,20254,rolling_mean_blend,True,100.0
장안면,욕탕·신체관리,1.294611634628772,0.027546636967267713,0.007547169811320755,2,F05|O02,중분류 직접 대응,202506,202507,20254,rolling_mean_blend,True,96.15384615384616
동탄2동,욕탕·신체관리,1.2660393829113408,0.013386611987268562,0.0037735849056603774,1,F05|O02,중분류 직접 대응,202506,202507,20254,rolling_mean_blend,True,92.3076923076923
동탄8동,욕탕·신체관리,1.1990207379614042,0.012518797054686797,0.0037735849056603774,1,F05|O02,중분류 직접 대응,202506,202507,20254,rolling_mean_blend,True,88.46153846153845
동탄3동,욕탕·신체관리,0.7920541010684512,0.024996608796775573,0.011320754716981131,3,F05|O02,중분류 직접 대응,202506,202507,20254,rolling_mean_blend,True,84.61538461538461
동탄7동,욕탕·신체관리,0.7743985259301149,0.040931112020033564,0.018867924528301886,5,F05|O02,중분류 직접 대응,202506,202507,20254,rolling_mean_blend,True,80.76923076923077
동탄9동,욕탕·신체관리,0.550336014256861,0.03271461144777903,0.018867924528301886,5,F05|O02,중분류 직접 대응,202506,202507,20254,rolling_mean_blend,True,76.92307692307693
봉담읍,욕탕·신체관리,0.4531535673519138,0.13061131645402874,0.0830188679245283,22,F05|O02,중분류 직접 대응,202506,202507,20254,rolling_mean_blend,True,73.07692307692307
병점1동,욕탕·신체관리,0.3860876212613661,0.03886271658450003,0.026415094339622643,7,F05|O02,중분류 직접 대응,202506,202507,20254,rolling_mean_blend,True,69.23076923076923
진안동,욕탕·신체관리,0.3701696437158851,0.08196159333361117,0.05660377358490566,15,F05|O02,중분류 직접 대응,202506,202507,20254,rolling_mean_blend,True,65.38461538461539
동탄4동,욕탕·신체관리,0.3347785520986185,0.021096712325675598,0.01509433962264151,4,F05|O02,중분류 직접 대응,202506,202507,20254,rolling_mean_blend,True,61.53846153846154
반월동,욕탕·신체관리,0.18548083979145796,0.02271335727921054,0.018867924528301886,5,F05|O02,중분류 직접 대응,202506,202507,20254,rolling_mean_blend,True,57.692307692307686
동탄5동,욕탕·신체관리,-0.17491317551822003,0.028512176074015048,0.033962264150943396,9,F05|O02,중분류 직접 대응,202506,202507,20254,rolling_mean_blend,True,53.84615384615385
동탄1동,욕탕·신체관리,-0.31616085404000055,0.14853889166601555,0.2037735849056604,54,F05|O02,중분류 직접 대응,202506,202507,20254,rolling_mean_blend,True,50.0
동탄6동,욕탕·신체관리,-0.36929819246499684,0.059992306528025854,0.08679245283018867,23,F05|O02,중분류 직접 대응,202506,202507,20254,rolling_mean_blend,True,46.15384615384615
송산면,욕탕·신체관리,-0.49640637745267363,0.011484782734381105,0.018867924528301886,5,F05|O02,중분류 직접 대응,202506,202507,20254,rolling_mean_blend,True,42.30769230769231
남양읍,욕탕·신체관리,-0.7110806100231295,0.03150486676956848,0.06415094339622641,17,F05|O02,중분류 직접 대응,202506,202507,20254,rolling_mean_blend,True,38.46153846153847
새솔동,욕탕·신체관리,-0.7469074570468037,0.008939655485101512,0.018867924528301886,5,F05|O02,중분류 직접 대응,202506,202507,20254,rolling_mean_blend,True,34.61538461538461
병점2동,욕탕·신체관리,-1.0982204475478057,0.0150995888285019,0.045283018867924525,12,F05|O02,중분류 직접 대응,202506,202507,20254,rolling_mean_blend,True,30.76923076923077
향남읍,욕탕·신체관리,-1.1827415149858462,0.05434859587853849,0.17735849056603772,47,F05|O02,중분류 직접 대응,202506,202507,20254,rolling_mean_blend,True,26.923076923076923
기배동,욕탕·신체관리,-1.2190699939918588,0.00445974622888404,0.01509433962264151,4,F05|O02,중분류 직접 대응,202506,202507,20254,rolling_mean_blend,True,23.076923076923077
화산동,욕탕·신체관리,-2.103267854836036,0.0013808984141778801,0.011320754716981131,3,F05|O02,중분류 직접 대응,202506,202507,20254,rolling_mean_blend,True,19.230769230769234
우정읍,욕탕·신체관리,-2.2787374212777407,0.0011584997357557878,0.011320754716981131,3,F05|O02,중분류 직접 대응,202506,202507,20254,rolling_mean_blend,True,15.384615384615385
마도면,욕탕·신체관리,-2.867530393668148,0.00021354409818958534,0.0037735849056603774,1,F05|O02,중분류 직접 대응,202506,202507,20254,rolling_mean_blend,True,11.538461538461538
정남면,욕탕·신체관리,-5.068269328754377,9.399953645324698e-05,0.01509433962264151,4,F05|O02,중분류 직접 대응,202506,202507,20254,rolling_mean_blend,True,7.6923076923076925
양감면,욕탕·신체관리,-8.236045696871754,0.0,0.0037735849056603774,1,F05|O02,중분류 직접 대응,202506,202507,20254,rolling_mean_blend,True,3.8461538461538463
병점2동,운송장비 대여,1.8810833911384082,0.13121773498306127,0.02,2,F13,중분류 직접 대응,202506,202507,20254,rolling_mean_blend,True,100.0
장안면,운송장비 대여,1.607661943834433,0.0998265518779769,0.02,2,F13,중분류 직접 대응,202506,202507,20254,rolling_mean_blend,True,95.65217391304348
기배동,운송장비 대여,1.546138862677617,0.14080310204157465,0.03,3,F13,중분류 직접 대응,202506,202507,20254,rolling_mean_blend,True,91.30434782608695
동탄3동,운송장비 대여,1.1415434582568276,0.06263409415705558,0.02,2,F13,중분류 직접 대응,202506,202507,20254,rolling_mean_blend,True,86.95652173913044
화산동,운송장비 대여,0.7967319050877787,0.044366808708596266,0.02,2,F13,중분류 직접 대응,202506,202507,20254,rolling_mean_blend,True,82.6086956521739
비봉면,운송장비 대여,0.7900710920399789,0.044072265068495015,0.02,2,F13,중분류 직접 대응,202506,202507,20254,rolling_mean_blend,True,78.26086956521739
동탄1동,운송장비 대여,0.6820372936922133,0.1186751699044756,0.06,6,F13,중분류 직접 대응,202506,202507,20254,rolling_mean_blend,True,73.91304347826086
향남읍,운송장비 대여,0.3137023206081133,0.054739660759416914,0.04,4,F13,중분류 직접 대응,202506,202507,20254,rolling_mean_blend,True,69.56521739130434
송산면,운송장비 대여,0.26531238573512267,0.01303868596447361,0.01,1,F13,중분류 직접 대응,202506,202507,20254,rolling_mean_blend,True,65.21739130434783
병점1동,운송장비 대여,-0.06538862288926854,0.04683510511660706,0.05,5,F13,중분류 직접 대응,202506,202507,20254,rolling_mean_blend,True,60.86956521739131
동탄5동,운송장비 대여,-0.2598795148686655,0.06940277539316461,0.09,9,F13,중분류 직접 대응,202506,202507,20254,rolling_mean_blend,True,56.52173913043478
팔탄면,운송장비 대여,-0.4577978571596533,0.0379601539198673,0.06,6,F13,중분류 직접 대응,202506,202507,20254,rolling_mean_blend,True,52.17391304347826
정남면,운송장비 대여,-0.6759056454795157,0.02034732926100585,0.04,4,F13,중분류 직접 대응,202506,202507,20254,rolling_mean_blend,True,47.82608695652174
봉담읍,운송장비 대여,-0.7827833114967462,0.027427371043858804,0.06,6,F13,중분류 직접 대응,202506,202507,20254,rolling_mean_blend,True,43.47826086956522
남양읍,운송장비 대여,-0.8774943273164697,0.04574000358087255,0.11,11,F13,중분류 직접 대응,202506,202507,20254,rolling_mean_blend,True,39.130434782608695
진안동,운송장비 대여,-1.0557432806784792,0.020875371059380574,0.06,6,F13,중분류 직접 대응,202506,202507,20254,rolling_mean_blend,True,34.78260869565217
동탄6동,운송장비 대여,-2.0274207844243164,0.005266119714349704,0.04,4,F13,중분류 직접 대응,202506,202507,20254,rolling_mean_blend,True,30.434782608695656
반월동,운송장비 대여,-2.443544418562211,0.005210234678816196,0.06,6,F13,중분류 직접 대응,202506,202507,20254,rolling_mean_blend,True,26.08695652173913
서신면,운송장비 대여,-3.220918310814963,0.0027933267942070717,0.07,7,F13,중분류 직접 대응,202506,202507,20254,rolling_mean_blend,True,21.73913043478261
동탄9동,운송장비 대여,-9.90353755128617,0.0,0.02,2,F13,중분류 직접 대응,202506,202507,20254,rolling_mean_blend,True,17.391304347826086
마도면,운송장비 대여,-10.308985993422082,0.0,0.03,3,F13,중분류 직접 대응,202506,202507,20254,rolling_mean_blend,True,10.869565217391305
양감면,운송장비 대여,-10.308985993422082,0.0,0.03,3,F13,중분류 직접 대응,202506,202507,20254,rolling_mean_blend,True,10.869565217391305
우정읍,운송장비 대여,-10.596659732783579,0.0,0.04,4,F13,중분류 직접 대응,202506,202507,20254,rolling_mean_blend,True,4.3478260869565215
동탄9동,유원지·오락,0.8375828623343087,0.019008858743629002,0.008225616921269096,7,O04|T02|T04,중분류 직접 대응,202506,202507,20254,rolling_mean_blend,True,100.0
동탄7동,유원지·오락,0.6958616126636855,0.061271677838743224,0.03055229142185664,26,O04|T02|T04,중분류 직접 대응,202506,202507,20254,rolling_mean_blend,True,96.55172413793103
동탄6동,유원지·오락,0.6599308676107665,0.07502294783471049,0.038777908343125736,33,O04|T02|T04,중분류 직접 대응,202506,202507,20254,rolling_mean_blend,True,93.10344827586206
동탄1동,유원지·오락,0.6549762252577114,0.17871143403224107,0.09283196239717979,79,O04|T02|T04,중분류 직접 대응,202506,202507,20254,rolling_mean_blend,True,89.65517241379311
동탄4동,유원지·오락,0.5505417197688685,0.014265534976705848,0.008225616921269096,7,O04|T02|T04,중분류 직접 대응,202506,202507,20254,rolling_mean_blend,True,86.20689655172413
병점2동,유원지·오락,0.4795371229703965,0.03226918293728117,0.0199764982373678,17,O04|T02|T04,중분류 직접 대응,202506,202507,20254,rolling_mean_blend,True,82.75862068965517
진안동,유원지·오락,0.32276651570698217,0.1087232637640754,0.07873090481786134,67,O04|T02|T04,중분류 직접 대응,202506,202507,20254,rolling_mean_blend,True,79.3103448275862
병점1동,유원지·오락,0.226266170797007,0.033889696474835286,0.02702702702702703,23,O04|T02|T04,중분류 직접 대응,202506,202507,20254,rolling_mean_blend,True,75.86206896551724
봉담읍,유원지·오락,0.13934661267749993,0.10401099581106883,0.09048178613396005,77,O04|T02|T04,중분류 직접 대응,202506,202507,20254,rolling_mean_blend,True,72.41379310344827
동탄3동,유원지·오락,0.12430962628738433,0.021290217953049372,0.01880141010575793,16,O04|T02|T04,중분류 직접 대응,202506,202507,20254,rolling_mean_blend,True,68.96551724137932
반월동,유원지·오락,0.0638851904725583,0.027557457486934694,0.025851938895417155,22,O04|T02|T04,중분류 직접 대응,202506,202507,20254,rolling_mean_blend,True,65.51724137931035
송산면,유원지·오락,-0.012419339349927623,0.027854017148621367,0.0282021151586369,24,O04|T02|T04,중분류 직접 대응,202506,202507,20254,rolling_mean_blend,True,62.06896551724138
동탄5동,유원지·오락,-0.023371175321637457,0.02410678785482964,0.024676850763807285,21,O04|T02|T04,중분류 직접 대응,202506,202507,20254,rolling_mean_blend,True,58.620689655172406
정남면,유원지·오락,-0.09503474578577595,0.0352622644043457,0.038777908343125736,33,O04|T02|T04,중분류 직접 대응,202506,202507,20254,rolling_mean_blend,True,55.172413793103445
동탄2동,유원지·오락,-0.10440767545260482,0.006351425874685193,0.007050528789659225,6,O04|T02|T04,중분류 직접 대응,202506,202507,20254,rolling_mean_blend,True,51.724137931034484
마도면,유원지·오락,-0.20932072974112886,0.005718742078316315,0.007050528789659225,6,O04|T02|T04,중분류 직접 대응,202506,202507,20254,rolling_mean_blend,True,48.275862068965516
기배동,유원지·오락,-0.29594563054976225,0.009614440129588703,0.012925969447708578,11,O04|T02|T04,중분류 직접 대응,202506,202507,20254,rolling_mean_blend,True,44.827586206896555
화산동,유원지·오락,-0.3939789632676664,0.01347119037778723,0.0199764982373678,17,O04|T02|T04,중분류 직접 대응,202506,202507,20254,rolling_mean_blend,True,41.37931034482759
새솔동,유원지·오락,-0.43595035042545094,0.012157575317796692,0.01880141010575793,16,O04|T02|T04,중분류 직접 대응,202506,202507,20254,rolling_mean_blend,True,37.93103448275862
팔탄면,유원지·오락,-0.48409961044228983,0.02389657260127589,0.038777908343125736,33,O04|T02|T04,중분류 직접 대응,202506,202507,20254,rolling_mean_blend,True,34.48275862068966
비봉면,유원지·오락,-0.5151323930883144,0.0035097119626552433,0.005875440658049354,5,O04|T02|T04,중분류 직접 대응,202506,202507,20254,rolling_mean_blend,True,31.03448275862069
우정읍,유원지·오락,-0.6303231557393605,0.014389254547174204,0.02702702702702703,23,O04|T02|T04,중분류 직접 대응,202506,202507,20254,rolling_mean_blend,True,27.586206896551722
남양읍,유원지·오락,-0.6591551717488847,0.043765378875952304,0.0846063454759107,72,O04|T02|T04,중분류 직접 대응,202506,202507,20254,rolling_mean_blend,True,24.137931034482758
향남읍,유원지·오락,-0.6598525383990947,0.08443304249899228,0.16333725029377202,139,O04|T02|T04,중분류 직접 대응,202506,202507,20254,rolling_mean_blend,True,20.689655172413794
양감면,유원지·오락,-0.9004945555717487,0.0028645201512163417,0.007050528789659225,6,O04|T02|T04,중분류 직접 대응,202506,202507,20254,rolling_mean_blend,True,17.24137931034483
서신면,유원지·오락,-1.2646683089873563,0.01326992524272895,0.04700352526439483,40,O04|T02|T04,중분류 직접 대응,202506,202507,20254,rolling_mean_blend,True,13.793103448275861
매송면,유원지·오락,-1.9587045982068683,0.002153704021387868,0.01527614571092832,13,O04|T02|T04,중분류 직접 대응,202506,202507,20254,rolling_mean_blend,True,10.344827586206897
장안면,유원지·오락,-2.2112447909606745,0.000900342529711431,0.008225616921269096,7,O04|T02|T04,중분류 직접 대응,202506,202507,20254,rolling_mean_blend,True,6.896551724137931
동탄8동,유원지·오락,-3.114812639382355,0.0002598365296604207,0.005875440658049354,5,O04|T02|T04,중분류 직접 대응,202506,202507,20254,rolling_mean_blend,True,3.4482758620689653
팔탄면,음료 소매,1.2640237240683614,0.0931508393165639,0.02631578947368421,1,D08,중분류 직접 대응,202506,202507,20254,rolling_mean_blend,True,100.0
진안동,음료 소매,0.9130212089720461,0.13115094133527366,0.05263157894736842,2,D08,중분류 직접 대응,202506,202507,20254,rolling_mean_blend,True,94.44444444444444
동탄7동,음료 소매,0.2809617552603189,0.03485303365349245,0.02631578947368421,1,D08,중분류 직접 대응,202506,202507,20254,rolling_mean_blend,True,88.88888888888889
동탄5동,음료 소매,0.26864019671264533,0.13770392579728838,0.10526315789473684,4,D08,중분류 직접 대응,202506,202507,20254,rolling_mean_blend,True,83.33333333333334
동탄1동,음료 소매,0.18752034938116047,0.031743753510317906,0.02631578947368421,1,D08,중분류 직접 대응,202506,202507,20254,rolling_mean_blend,True,77.77777777777779
새솔동,음료 소매,-0.10373459489396647,0.023722651963485584,0.02631578947368421,1,D08,중분류 직접 대응,202506,202507,20254,rolling_mean_blend,True,72.22222222222221
향남읍,음료 소매,-0.10555836042004904,0.09471800059321894,0.10526315789473684,4,D08,중분류 직접 대응,202506,202507,20254,rolling_mean_blend,True,66.66666666666666
기배동,음료 소매,-0.13801071164798223,0.022923275323393236,0.02631578947368421,1,D08,중분류 직접 대응,202506,202507,20254,rolling_mean_blend,True,61.111111111111114
우정읍,음료 소매,-0.17925448589785614,0.021997024032849873,0.02631578947368421,1,D08,중분류 직접 대응,202506,202507,20254,rolling_mean_blend,True,55.55555555555556
봉담읍,음료 소매,-0.17977217723035924,0.06595724546019652,0.07894736842105263,3,D08,중분류 직접 대응,202506,202507,20254,rolling_mean_blend,True,50.0
마도면,음료 소매,-0.4342532362412147,0.017045653048049603,0.02631578947368421,1,D08,중분류 직접 대응,202506,202507,20254,rolling_mean_blend,True,44.44444444444444
정남면,음료 소매,-0.6207975779399366,0.02828982993841437,0.05263157894736842,2,D08,중분류 직접 대응,202506,202507,20254,rolling_mean_blend,True,38.88888888888889
화산동,음료 소매,-0.7879658026286176,0.023934662390235582,0.05263157894736842,2,D08,중분류 직접 대응,202506,202507,20254,rolling_mean_blend,True,33.33333333333333
남양읍,음료 소매,-0.9172605667090218,0.04206384741448313,0.10526315789473684,4,D08,중분류 직접 대응,202506,202507,20254,rolling_mean_blend,True,27.77777777777778
동탄2동,음료 소매,-1.362365555170038,0.013475800753167145,0.05263157894736842,2,D08,중분류 직접 대응,202506,202507,20254,rolling_mean_blend,True,22.22222222222222
동탄3동,음료 소매,-1.9237894567700717,0.007686117246847293,0.05263157894736842,2,D08,중분류 직접 대응,202506,202507,20254,rolling_mean_blend,True,16.666666666666664
동탄6동,음료 소매,-2.5699605751766432,0.00805576736843145,0.10526315789473684,4,D08,중분류 직접 대응,202506,202507,20254,rolling_mean_blend,True,11.11111111111111
장안면,음료 소매,-3.244403276717253,0.002051240294258963,0.05263157894736842,2,D08,중분류 직접 대응,202506,202507,20254,rolling_mean_blend,True,5.555555555555555
동탄9동,의약·화장품 소매,0.9277588585759301,0.02507496709443011,0.009915014164305949,7,D02|D16|S02,중분류 직접 대응,202506,202507,20254,rolling_mean_blend,True,100.0
동탄7동,의약·화장품 소매,0.66613156999729,0.07444951118787227,0.03824362606232295,27,D02|D16|S02,중분류 직접 대응,202506,202507,20254,rolling_mean_blend,True,96.55172413793103
동탄4동,의약·화장품 소매,0.5704019492030323,0.037585286283082865,0.021246458923512748,15,D02|D16|S02,중분류 직접 대응,202506,202507,20254,rolling_mean_blend,True,93.10344827586206
동탄6동,의약·화장품 소매,0.39676654081309337,0.10320647560656702,0.06940509915014165,49,D02|D16|S02,중분류 직접 대응,202506,202507,20254,rolling_mean_blend,True,89.65517241379311
동탄1동,의약·화장품 소매,0.31639997780779305,0.16909325018307325,0.12322946175637393,87,D02|D16|S02,중분류 직접 대응,202506,202507,20254,rolling_mean_blend,True,86.20689655172413
진안동,의약·화장품 소매,0.21377463887736903,0.0543750967209226,0.043909348441926344,31,D02|D16|S02,중분류 직접 대응,202506,202507,20254,rolling_mean_blend,True,82.75862068965517
서신면,의약·화장품 소매,0.16181950831094014,0.003330623317919652,0.0028328611898017,2,D02|D16|S02,중분류 직접 대응,202506,202507,20254,rolling_mean_blend,True,79.3103448275862
봉담읍,의약·화장품 소매,0.1334977746309842,0.09550482363089755,0.08356940509915015,59,D02|D16|S02,중분류 직접 대응,202506,202507,20254,rolling_mean_blend,True,75.86206896551724
기배동,의약·화장품 소매,0.07803182086870532,0.007657000855925642,0.007082152974504249,5,D02|D16|S02,중분류 직접 대응,202506,202507,20254,rolling_mean_blend,True,72.41379310344827
새솔동,의약·화장품 소매,0.010870783775037753,0.017182958557881756,0.0169971671388102,12,D02|D16|S02,중분류 직접 대응,202506,202507,20254,rolling_mean_blend,True,68.96551724137932
매송면,의약·화장품 소매,0.006935566108324635,0.00427887242502417,0.00424929178470255,3,D02|D16|S02,중분류 직접 대응,202506,202507,20254,rolling_mean_blend,True,65.51724137931035
향남읍,의약·화장품 소매,-0.022418225014057623,0.11634249974157568,0.11898016997167139,84,D02|D16|S02,중분류 직접 대응,202506,202507,20254,rolling_mean_blend,True,62.06896551724138
동탄2동,의약·화장품 소매,-0.05467626972205039,0.022798044891801702,0.024079320113314446,17,D02|D16|S02,중분류 직접 대응,202506,202507,20254,rolling_mean_blend,True,58.620689655172406
반월동,의약·화장품 소매,-0.22655279146269688,0.030490570361928315,0.03824362606232295,27,D02|D16|S02,중분류 직접 대응,202506,202507,20254,rolling_mean_blend,True,55.172413793103445
동탄3동,의약·화장품 소매,-0.24750112356912138,0.021011448636180693,0.026912181303116147,19,D02|D16|S02,중분류 직접 대응,202506,202507,20254,rolling_mean_blend,True,51.724137931034484
남양읍,의약·화장품 소매,-0.28953722865740206,0.05513815651047229,0.07365439093484419,52,D02|D16|S02,중분류 직접 대응,202506,202507,20254,rolling_mean_blend,True,48.275862068965516
화산동,의약·화장품 소매,-0.3023682476202497,0.013608600428303688,0.018413597733711047,13,D02|D16|S02,중분류 직접 대응,202506,202507,20254,rolling_mean_blend,True,44.827586206896555
병점1동,의약·화장품 소매,-0.3141411696271081,0.03621015080101048,0.049575070821529746,35,D02|D16|S02,중분류 직접 대응,202506,202507,20254,rolling_mean_blend,True,41.37931034482759
양감면,의약·화장품 소매,-0.3171311688038059,0.005157201515092989,0.007082152974504249,5,D02|D16|S02,중분류 직접 대응,202506,202507,20254,rolling_mean_blend,True,37.93103448275862
동탄5동,의약·화장품 소매,-0.43323593056801857,0.05326825278045696,0.0821529745042493,58,D02|D16|S02,중분류 직접 대응,202506,202507,20254,rolling_mean_blend,True,34.48275862068966
동탄8동,의약·화장품 소매,-0.5034345560734059,0.005136582378241621,0.0084985835694051,6,D02|D16|S02,중분류 직접 대응,202506,202507,20254,rolling_mean_blend,True,31.03448275862069
우정읍,의약·화장품 소매,-0.5554070699299688,0.012191612532638386,0.021246458923512748,15,D02|D16|S02,중분류 직접 대응,202506,202507,20254,rolling_mean_blend,True,27.586206896551722
비봉면,의약·화장품 소매,-0.6093985233725561,0.002309789202826698,0.00424929178470255,3,D02|D16|S02,중분류 직접 대응,202506,202507,20254,rolling_mean_blend,True,24.137931034482758
송산면,의약·화장품 소매,-0.6297128490289542,0.008300088452142243,0.015580736543909348,11,D02|D16|S02,중분류 직접 대응,202506,202507,20254,rolling_mean_blend,True,20.689655172413794
마도면,의약·화장품 소매,-0.9658986965476993,0.0037734412030184456,0.009915014164305949,7,D02|D16|S02,중분류 직접 대응,202506,202507,20254,rolling_mean_blend,True,17.24137931034483
정남면,의약·화장품 소매,-1.1344570727660535,0.005921073449379178,0.018413597733711047,13,D02|D16|S02,중분류 직접 대응,202506,202507,20254,rolling_mean_blend,True,13.793103448275861
팔탄면,의약·화장품 소매,-1.1935557758952642,0.007298742971853092,0.024079320113314446,17,D02|D16|S02,중분류 직접 대응,202506,202507,20254,rolling_mean_blend,True,10.344827586206897
병점2동,의약·화장품 소매,-1.2907100275248158,0.006622903750579705,0.024079320113314446,17,D02|D16|S02,중분류 직접 대응,202506,202507,20254,rolling_mean_blend,True,6.896551724137931
장안면,의약·화장품 소매,-1.6638696541068374,0.00268197452890091,0.014164305949008499,10,D02|D16|S02,중분류 직접 대응,202506,202507,20254,rolling_mean_blend,True,3.4482758620689653
동탄1동,의원,0.99213607516941,0.2485721389856195,0.09216589861751152,80,S03|S04,중분류 직접 대응,202506,202507,20254,rolling_mean_blend,True,100.0
동탄6동,의원,0.33009936953696584,0.11218638749266882,0.08064516129032258,70,S03|S04,중분류 직접 대응,202506,202507,20254,rolling_mean_blend,True,96.15384615384616
동탄7동,의원,0.2760929183284247,0.10173305019358127,0.0771889400921659,67,S03|S04,중분류 직접 대응,202506,202507,20254,rolling_mean_blend,True,92.3076923076923
동탄9동,의원,0.059327592898413106,0.035452320573203154,0.03341013824884793,29,S03|S04,중분류 직접 대응,202506,202507,20254,rolling_mean_blend,True,88.46153846153845
화산동,의원,0.05351352468732821,0.013369506420687115,0.012672811059907835,11,S03|S04,중분류 직접 대응,202506,202507,20254,rolling_mean_blend,True,84.61538461538461
동탄5동,의원,-0.06470887700307831,0.042115457955719304,0.044930875576036866,39,S03|S04,중분류 직접 대응,202506,202507,20254,rolling_mean_blend,True,80.76923076923077
동탄4동,의원,-0.07128557443055528,0.03754815411553286,0.04032258064516129,35,S03|S04,중분류 직접 대응,202506,202507,20254,rolling_mean_blend,True,76.92307692307693
남양읍,의원,-0.0742434257593102,0.060969286220162296,0.06566820276497695,57,S03|S04,중분류 직접 대응,202506,202507,20254,rolling_mean_blend,True,73.07692307692307
향남읍,의원,-0.19181265304306433,0.08749113670229461,0.10599078341013825,92,S03|S04,중분류 직접 대응,202506,202507,20254,rolling_mean_blend,True,69.23076923076923
반월동,의원,-0.2816367767079562,0.027817181425713752,0.03686635944700461,32,S03|S04,중분류 직접 대응,202506,202507,20254,rolling_mean_blend,True,65.38461538461539
병점1동,의원,-0.3120734256210821,0.0354155924440634,0.04838709677419355,42,S03|S04,중분류 직접 대응,202506,202507,20254,rolling_mean_blend,True,61.53846153846154
봉담읍,의원,-0.3723642351617499,0.07700776573410545,0.11175115207373272,97,S03|S04,중분류 직접 대응,202506,202507,20254,rolling_mean_blend,True,57.692307692307686
동탄2동,의원,-0.389043431269803,0.025764953720015926,0.038018433179723504,33,S03|S04,중분류 직접 대응,202506,202507,20254,rolling_mean_blend,True,53.84615384615385
진안동,의원,-0.5021573886185938,0.027192829147757672,0.044930875576036866,39,S03|S04,중분류 직접 대응,202506,202507,20254,rolling_mean_blend,True,50.0
동탄3동,의원,-0.6116145497361207,0.020623565776459064,0.038018433179723504,33,S03|S04,중분류 직접 대응,202506,202507,20254,rolling_mean_blend,True,46.15384615384615
병점2동,의원,-0.6235869954479312,0.008027459715734209,0.014976958525345621,13,S03|S04,중분류 직접 대응,202506,202507,20254,rolling_mean_blend,True,42.30769230769231
새솔동,의원,-0.7829475324314585,0.011583846860420008,0.02534562211981567,22,S03|S04,중분류 직접 대응,202506,202507,20254,rolling_mean_blend,True,38.46153846153847
마도면,의원,-0.8056010653117905,0.001543753080549192,0.0034562211981566822,3,S03|S04,중분류 직접 대응,202506,202507,20254,rolling_mean_blend,True,34.61538461538461
팔탄면,의원,-0.8134560917225476,0.0020424076075981836,0.004608294930875576,4,S03|S04,중분류 직접 대응,202506,202507,20254,rolling_mean_blend,True,30.76923076923077
우정읍,의원,-1.0687307624947913,0.00870414916782775,0.02534562211981567,22,S03|S04,중분류 직접 대응,202506,202507,20254,rolling_mean_blend,True,26.923076923076923
비봉면,의원,-1.1333777713731117,0.001482934684338327,0.004608294930875576,4,S03|S04,중분류 직접 대응,202506,202507,20254,rolling_mean_blend,True,23.076923076923077
송산면,의원,-1.1957998882079002,0.00522617898849578,0.01728110599078341,15,S03|S04,중분류 직접 대응,202506,202507,20254,rolling_mean_blend,True,19.230769230769234
정남면,의원,-1.3439463209425497,0.002102602570630502,0.008064516129032258,7,S03|S04,중분류 직접 대응,202506,202507,20254,rolling_mean_blend,True,15.384615384615385
동탄8동,의원,-1.3645903616612047,0.0029426346458384413,0.01152073732718894,10,S03|S04,중분류 직접 대응,202506,202507,20254,rolling_mean_blend,True,11.538461538461538
기배동,의원,-1.3755929390513992,0.002328190217575488,0.009216589861751152,8,S03|S04,중분류 직접 대응,202506,202507,20254,rolling_mean_blend,True,7.6923076923076925
서신면,의원,-1.9691935462069874,0.0006423163762197097,0.004608294930875576,4,S03|S04,중분류 직접 대응,202506,202507,20254,rolling_mean_blend,True,3.8461538461538463
동탄6동,이용·미용,0.5939095393643655,0.12091794722445895,0.06676613204028348,179,F02,중분류 직접 대응,202506,202507,20254,rolling_mean_blend,True,100.0
동탄1동,이용·미용,0.3352174955902824,0.13507884517360905,0.09660574412532637,259,F02,중분류 직접 대응,202506,202507,20254,rolling_mean_blend,True,96.55172413793103
동탄2동,이용·미용,0.26745322763193163,0.03362867047943203,0.025736665423349497,69,F02,중분류 직접 대응,202506,202507,20254,rolling_mean_blend,True,93.10344827586206
동탄4동,이용·미용,0.23537560510043085,0.03634288576440453,0.028720626631853787,77,F02,중분류 직접 대응,202506,202507,20254,rolling_mean_blend,True,89.65517241379311
동탄7동,이용·미용,0.10601152744208339,0.09330962542462415,0.08392390898918314,225,F02,중분류 직접 대응,202506,202507,20254,rolling_mean_blend,True,86.20689655172413
반월동,이용·미용,0.0802634451012528,0.025866789832934455,0.023871689668034317,64,F02,중분류 직접 대응,202506,202507,20254,rolling_mean_blend,True,82.75862068965517
향남읍,이용·미용,0.02274812350528242,0.10607852214705484,0.10369265199552406,278,F02,중분류 직접 대응,202506,202507,20254,rolling_mean_blend,True,79.3103448275862
동탄9동,이용·미용,0.01549661646398838,0.02538097790086564,0.024990675121223424,67,F02,중분류 직접 대응,202506,202507,20254,rolling_mean_blend,True,75.86206896551724
동탄8동,이용·미용,-0.0028410557024674274,0.01785297100158017,0.017903767251025736,48,F02,중분류 직접 대응,202506,202507,20254,rolling_mean_blend,True,72.41379310344827
봉담읍,이용·미용,-0.054450556298520365,0.08971995972890086,0.09474076837001119,254,F02,중분류 직접 대응,202506,202507,20254,rolling_mean_blend,True,68.96551724137932
동탄5동,이용·미용,-0.06527390332196224,0.061498894865127704,0.06564714658709436,176,F02,중분류 직접 대응,202506,202507,20254,rolling_mean_blend,True,65.51724137931035
병점1동,이용·미용,-0.14767957715765714,0.03893593421953189,0.04513241327862738,121,F02,중분류 직접 대응,202506,202507,20254,rolling_mean_blend,True,62.06896551724138
진안동,이용·미용,-0.15931830784895468,0.04739112766872283,0.05557627750839239,149,F02,중분류 직접 대응,202506,202507,20254,rolling_mean_blend,True,58.620689655172406
남양읍,이용·미용,-0.2078295588389117,0.05060096695100331,0.06229019022752704,167,F02,중분류 직접 대응,202506,202507,20254,rolling_mean_blend,True,55.172413793103445
동탄3동,이용·미용,-0.23720791880684572,0.029422663088480468,0.03729951510630362,100,F02,중분류 직접 대응,202506,202507,20254,rolling_mean_blend,True,51.724137931034484
비봉면,이용·미용,-0.3534104814258776,0.0034050566900990223,0.00484893696381947,13,F02,중분류 직접 대응,202506,202507,20254,rolling_mean_blend,True,48.275862068965516
병점2동,이용·미용,-0.45998393528365633,0.0195436015733207,0.030958597538232,83,F02,중분류 직접 대응,202506,202507,20254,rolling_mean_blend,True,44.827586206896555
팔탄면,이용·미용,-0.5346554686649972,0.004151600425486347,0.007086907870197687,19,F02,중분류 직접 대응,202506,202507,20254,rolling_mean_blend,True,41.37931034482759
기배동,이용·미용,-0.53831397000429,0.007837829922516831,0.013427825438269302,36,F02,중분류 직접 대응,202506,202507,20254,rolling_mean_blend,True,37.93103448275862
마도면,이용·미용,-0.6055807363543839,0.002442324094282167,0.004475941812756434,12,F02,중분류 직접 대응,202506,202507,20254,rolling_mean_blend,True,34.48275862068966
새솔동,이용·미용,-0.6694391366162492,0.018714757939399397,0.03655352480417755,98,F02,중분류 직접 대응,202506,202507,20254,rolling_mean_blend,True,31.03448275862069
화산동,이용·미용,-0.6941494974054513,0.009873968693652632,0.01976874300634092,53,F02,중분류 직접 대응,202506,202507,20254,rolling_mean_blend,True,27.586206896551722
우정읍,이용·미용,-0.7237701243087653,0.009224009469291316,0.019022752704214847,51,F02,중분류 직접 대응,202506,202507,20254,rolling_mean_blend,True,24.137931034482758
송산면,이용·미용,-0.7535958044145675,0.005792885497642061,0.012308839985080195,33,F02,중분류 직접 대응,202506,202507,20254,rolling_mean_blend,True,20.689655172413794
정남면,이용·미용,-0.7988862912885175,0.0030195669353553735,0.006713912719134651,18,F02,중분류 직접 대응,202506,202507,20254,rolling_mean_blend,True,17.24137931034483
매송면,이용·미용,-0.9390451890537738,0.0014578057313471477,0.003729951510630362,10,F02,중분류 직접 대응,202506,202507,20254,rolling_mean_blend,True,13.793103448275861
서신면,이용·미용,-1.0145724787869035,0.001351684070574045,0.003729951510630362,10,F02,중분류 직접 대응,202506,202507,20254,rolling_mean_blend,True,10.344827586206897
장안면,이용·미용,-1.1904053762276932,0.000566439429914335,0.001864975755315181,5,F02,중분류 직접 대응,202506,202507,20254,rolling_mean_blend,True,6.896551724137931
양감면,이용·미용,-1.4831902780603852,0.0005916880563877373,0.0026109660574412533,7,F02,중분류 직접 대응,202506,202507,20254,rolling_mean_blend,True,3.4482758620689653
동탄1동,인쇄·제품제작,2.1299125911995516,0.1476237529062456,0.017543859649122806,4,F01,중분류 직접 대응,202506,202507,20254,rolling_mean_blend,True,100.0
동탄8동,인쇄·제품제작,1.9449076520194555,0.061347975767396146,0.008771929824561403,2,F01,중분류 직접 대응,202506,202507,20254,rolling_mean_blend,True,96.29629629629629
동탄4동,인쇄·제품제작,1.8527912887051632,0.027977291691491324,0.0043859649122807015,1,F01,중분류 직접 대응,202506,202507,20254,rolling_mean_blend,True,92.5925925925926
동탄3동,인쇄·제품제작,1.8183768774532034,0.05405646792647445,0.008771929824561403,2,F01,중분류 직접 대응,202506,202507,20254,rolling_mean_blend,True,88.88888888888889
동탄2동,인쇄·제품제작,1.570021972952052,0.02108606031164377,0.0043859649122807015,1,F01,중분류 직접 대응,202506,202507,20254,rolling_mean_blend,True,85.18518518518519
서신면,인쇄·제품제작,1.4749622887438567,0.03834434401820355,0.008771929824561403,2,F01,중분류 직접 대응,202506,202507,20254,rolling_mean_blend,True,81.48148148148148
병점2동,인쇄·제품제작,1.0029185832281846,0.023915997707832908,0.008771929824561403,2,F01,중분류 직접 대응,202506,202507,20254,rolling_mean_blend,True,77.77777777777779
마도면,인쇄·제품제작,0.48923797339391334,0.0858465692505238,0.05263157894736842,12,F01,중분류 직접 대응,202506,202507,20254,rolling_mean_blend,True,74.07407407407408
송산면,인쇄·제품제작,0.12826486385324137,0.014958743095844242,0.013157894736842105,3,F01,중분류 직접 대응,202506,202507,20254,rolling_mean_blend,True,70.37037037037037
동탄5동,인쇄·제품제작,-0.0637014060782267,0.16461136353807557,0.17543859649122806,40,F01,중분류 직접 대응,202506,202507,20254,rolling_mean_blend,True,66.66666666666666
비봉면,인쇄·제품제작,-0.15213715466161792,0.007533810401818097,0.008771929824561403,2,F01,중분류 직접 대응,202506,202507,20254,rolling_mean_blend,True,62.96296296296296
병점1동,인쇄·제품제작,-0.16069839946804326,0.007469578390706723,0.008771929824561403,2,F01,중분류 직접 대응,202506,202507,20254,rolling_mean_blend,True,59.25925925925925
장안면,인쇄·제품제작,-0.19399039010674002,0.018062670586239574,0.021929824561403508,5,F01,중분류 직접 대응,202506,202507,20254,rolling_mean_blend,True,55.55555555555556
동탄6동,인쇄·제품제작,-0.3220106779066469,0.025427459852262406,0.03508771929824561,8,F01,중분류 직접 대응,202506,202507,20254,rolling_mean_blend,True,51.85185185185185
반월동,인쇄·제품제작,-0.32749223655641535,0.018966270376041126,0.02631578947368421,6,F01,중분류 직접 대응,202506,202507,20254,rolling_mean_blend,True,48.148148148148145
새솔동,인쇄·제품제작,-0.33456884999823955,0.006277317145399996,0.008771929824561403,2,F01,중분류 직접 대응,202506,202507,20254,rolling_mean_blend,True,44.44444444444444
봉담읍,인쇄·제품제작,-0.46361383258793093,0.06345202994961445,0.10087719298245613,23,F01,중분류 직접 대응,202506,202507,20254,rolling_mean_blend,True,40.74074074074074
우정읍,인쇄·제품제작,-0.5212253070016903,0.00520830014250373,0.008771929824561403,2,F01,중분류 직접 대응,202506,202507,20254,rolling_mean_blend,True,37.03703703703704
진안동,인쇄·제품제작,-0.5589430784136658,0.04263475955572878,0.07456140350877193,17,F01,중분류 직접 대응,202506,202507,20254,rolling_mean_blend,True,33.33333333333333
향남읍,인쇄·제품제작,-0.6420704919638047,0.039233870847045355,0.07456140350877193,17,F01,중분류 직접 대응,202506,202507,20254,rolling_mean_blend,True,29.629629629629626
매송면,인쇄·제품제작,-0.834928740650774,0.005708715486292176,0.013157894736842105,3,F01,중분류 직접 대응,202506,202507,20254,rolling_mean_blend,True,25.925925925925924
기배동,인쇄·제품제작,-0.8770502678345999,0.003648610889355315,0.008771929824561403,2,F01,중분류 직접 대응,202506,202507,20254,rolling_mean_blend,True,22.22222222222222
화산동,인쇄·제품제작,-1.3389425598982532,0.012645532791620676,0.04824561403508772,11,F01,중분류 직접 대응,202506,202507,20254,rolling_mean_blend,True,18.51851851851852
팔탄면,인쇄·제품제작,-1.6220872629481689,0.019921037199987838,0.10087719298245613,23,F01,중분류 직접 대응,202506,202507,20254,rolling_mean_blend,True,14.814814814814813
남양읍,인쇄·제품제작,-1.660649352928822,0.015000417874197128,0.07894736842105263,18,F01,중분류 직접 대응,202506,202507,20254,rolling_mean_blend,True,11.11111111111111
정남면,인쇄·제품제작,-2.501489863390386,0.004672399178578836,0.05701754385964912,13,F01,중분류 직접 대응,202506,202507,20254,rolling_mean_blend,True,7.4074074074074066
양감면,인쇄·제품제작,-3.6519203132309315,0.0005679133439430834,0.021929824561403508,5,F01,중분류 직접 대응,202506,202507,20254,rolling_mean_blend,True,3.7037037037037033
팔탄면,일반 교육,1.7241229561707136,0.0027031642709813577,0.00048123195380173246,1,R01|R02|R06|R07,중분류 직접 대응,202506,202507,20254,rolling_mean_blend,True,100.0
남양읍,일반 교육,0.6765366680539439,0.055850894100320715,0.028392685274302214,59,R01|R02|R06|R07,중분류 직접 대응,202506,202507,20254,rolling_mean_blend,True,96.42857142857143
반월동,일반 교육,0.5243539808500626,0.03821062931727107,0.022617901828681425,47,R01|R02|R06|R07,중분류 직접 대응,202506,202507,20254,rolling_mean_blend,True,92.85714285714286
장안면,일반 교육,0.46461366092353074,0.0022980879108827406,0.0014436958614051972,3,R01|R02|R06|R07,중분류 직접 대응,202506,202507,20254,rolling_mean_blend,True,89.28571428571429
화산동,일반 교육,0.40973590978912794,0.018848878627555504,0.012512030798845043,26,R01|R02|R06|R07,중분류 직접 대응,202506,202507,20254,rolling_mean_blend,True,85.71428571428571
기배동,일반 교육,0.33398799985707145,0.013441458941762527,0.009624639076034648,20,R01|R02|R06|R07,중분류 직접 대응,202506,202507,20254,rolling_mean_blend,True,82.14285714285714
동탄8동,일반 교육,0.24298627903448738,0.03252082839111508,0.02550529355149182,53,R01|R02|R06|R07,중분류 직접 대응,202506,202507,20254,rolling_mean_blend,True,78.57142857142857
동탄9동,일반 교육,0.11239683120737966,0.051155507265656375,0.04571703561116458,95,R01|R02|R06|R07,중분류 직접 대응,202506,202507,20254,rolling_mean_blend,True,75.0
동탄2동,일반 교육,0.09684978385856376,0.06998264389249197,0.06352261790182868,132,R01|R02|R06|R07,중분류 직접 대응,202506,202507,20254,rolling_mean_blend,True,71.42857142857143
봉담읍,일반 교육,0.08188930677913268,0.09610295451461211,0.08854667949951876,184,R01|R02|R06|R07,중분류 직접 대응,202506,202507,20254,rolling_mean_blend,True,67.85714285714286
동탄1동,일반 교육,0.006680535479511807,0.10851850988240648,0.10779595765158806,224,R01|R02|R06|R07,중분류 직접 대응,202506,202507,20254,rolling_mean_blend,True,64.28571428571429
동탄5동,일반 교육,-0.0034215456628539057,0.06714234603646246,0.06737247353224254,140,R01|R02|R06|R07,중분류 직접 대응,202506,202507,20254,rolling_mean_blend,True,60.71428571428571
비봉면,일반 교육,-0.015802103892776653,0.005210544012768573,0.0052935514918190565,11,R01|R02|R06|R07,중분류 직접 대응,202506,202507,20254,rolling_mean_blend,True,57.14285714285714
동탄3동,일반 교육,-0.018292052898608458,0.04252581479713963,0.04331087584215592,90,R01|R02|R06|R07,중분류 직접 대응,202506,202507,20254,rolling_mean_blend,True,53.57142857142857
병점2동,일반 교육,-0.040591433633781177,0.023104420374611582,0.02406159769008662,50,R01|R02|R06|R07,중분류 직접 대응,202506,202507,20254,rolling_mean_blend,True,50.0
매송면,일반 교육,-0.04118197523257693,0.0009235924559340713,0.0009624639076034649,2,R01|R02|R06|R07,중분류 직접 대응,202506,202507,20254,rolling_mean_blend,True,46.42857142857143
동탄6동,일반 교육,-0.04309113821691927,0.04010135146157744,0.04186717998075072,87,R01|R02|R06|R07,중분류 직접 대응,202506,202507,20254,rolling_mean_blend,True,42.857142857142854
동탄4동,일반 교육,-0.06439674055806253,0.08076812542900164,0.08614051973051011,179,R01|R02|R06|R07,중분류 직접 대응,202506,202507,20254,rolling_mean_blend,True,39.285714285714285
향남읍,일반 교육,-0.13309678981640302,0.07414181155855395,0.0846968238691049,176,R01|R02|R06|R07,중분류 직접 대응,202506,202507,20254,rolling_mean_blend,True,35.714285714285715
진안동,일반 교육,-0.15754068823185605,0.02425408006633367,0.028392685274302214,59,R01|R02|R06|R07,중분류 직접 대응,202506,202507,20254,rolling_mean_blend,True,32.142857142857146
동탄7동,일반 교육,-0.20509964948535706,0.09447067118121077,0.11597690086621752,241,R01|R02|R06|R07,중분류 직접 대응,202506,202507,20254,rolling_mean_blend,True,28.57142857142857
병점1동,일반 교육,-0.2219966368512375,0.02697971624797582,0.03368623676612127,70,R01|R02|R06|R07,중분류 직접 대응,202506,202507,20254,rolling_mean_blend,True,25.0
마도면,일반 교육,-0.25495322692509914,0.0007456389989770925,0.0009624639076034649,2,R01|R02|R06|R07,중분류 직접 대응,202506,202507,20254,rolling_mean_blend,True,21.428571428571427
서신면,일반 교육,-0.42135490450021595,0.0006311837673331642,0.0009624639076034649,2,R01|R02|R06|R07,중분류 직접 대응,202506,202507,20254,rolling_mean_blend,True,17.857142857142858
송산면,일반 교육,-0.47096334144051616,0.0030044389703114526,0.004812319538017324,10,R01|R02|R06|R07,중분류 직접 대응,202506,202507,20254,rolling_mean_blend,True,14.285714285714285
새솔동,일반 교육,-0.6887307721943154,0.01981734301090125,0.03946102021174206,82,R01|R02|R06|R07,중분류 직접 대응,202506,202507,20254,rolling_mean_blend,True,10.714285714285714
우정읍,일반 교육,-0.8612420430788192,0.0052874675835135505,0.012512030798845043,26,R01|R02|R06|R07,중분류 직접 대응,202506,202507,20254,rolling_mean_blend,True,7.142857142857142
정남면,일반 교육,-0.9845651824604105,0.0012578969323379769,0.003368623676612127,7,R01|R02|R06|R07,중분류 직접 대응,202506,202507,20254,rolling_mean_blend,True,3.571428571428571
화산동,일반 숙박,2.3060421955139825,0.08159139928053508,0.008130081300813009,3,O01,중분류 직접 대응,202506,202507,20254,rolling_mean_blend,True,100.0
동탄6동,일반 숙박,1.6008477841627227,0.02687243044366699,0.005420054200542005,2,O01,중분류 직접 대응,202506,202507,20254,rolling_mean_blend,True,95.45454545454545
남양읍,일반 숙박,1.4705349794257379,0.18868898906382434,0.04336043360433604,16,O01,중분류 직접 대응,202506,202507,20254,rolling_mean_blend,True,90.9090909090909
동탄7동,일반 숙박,1.3883597540490096,0.010865528891489186,0.0027100271002710027,1,O01,중분류 직접 대응,202506,202507,20254,rolling_mean_blend,True,86.36363636363636
동탄5동,일반 숙박,1.2885946115906155,0.039327122704091076,0.01084010840108401,4,O01,중분류 직접 대응,202506,202507,20254,rolling_mean_blend,True,81.81818181818183
정남면,일반 숙박,0.8442069110474854,0.05673625913293039,0.024390243902439025,9,O01,중분류 직접 대응,202506,202507,20254,rolling_mean_blend,True,77.27272727272727
향남읍,일반 숙박,0.7758648933429124,0.17073731834662212,0.07859078590785908,29,O01,중분류 직접 대응,202506,202507,20254,rolling_mean_blend,True,72.72727272727273
병점2동,일반 숙박,0.6015054414837899,0.009891686432743772,0.005420054200542005,2,O01,중분류 직접 대응,202506,202507,20254,rolling_mean_blend,True,68.18181818181817
팔탄면,일반 숙박,0.5197132248629396,0.07291321726990595,0.04336043360433604,16,O01,중분류 직접 대응,202506,202507,20254,rolling_mean_blend,True,63.63636363636363
동탄1동,일반 숙박,0.24510332783411612,0.1385101242431537,0.10840108401084012,40,O01,중분류 직접 대응,202506,202507,20254,rolling_mean_blend,True,59.09090909090909
봉담읍,일반 숙박,0.01675002476338261,0.033069645930425155,0.032520325203252036,12,O01,중분류 직접 대응,202506,202507,20254,rolling_mean_blend,True,54.54545454545454
양감면,일반 숙박,0.008160454508318211,0.00819670609444207,0.008130081300813009,3,O01,중분류 직접 대응,202506,202507,20254,rolling_mean_blend,True,50.0
병점1동,일반 숙박,-0.043355675785103,0.010380128245699163,0.01084010840108401,4,O01,중분류 직접 대응,202506,202507,20254,rolling_mean_blend,True,45.45454545454545
마도면,일반 숙박,-1.0348101876068498,0.004813634612160715,0.013550135501355014,5,O01,중분류 직접 대응,202506,202507,20254,rolling_mean_blend,True,40.909090909090914
매송면,일반 숙박,-1.07625952483691,0.002770626664133779,0.008130081300813009,3,O01,중분류 직접 대응,202506,202507,20254,rolling_mean_blend,True,36.36363636363637
우정읍,일반 숙박,-1.0956145524303285,0.03624151080895583,0.10840108401084012,40,O01,중분류 직접 대응,202506,202507,20254,rolling_mean_blend,True,31.818181818181817
송산면,일반 숙박,-1.174798813977488,0.014229604198211687,0.04607046070460705,17,O01,중분류 직접 대응,202506,202507,20254,rolling_mean_blend,True,27.27272727272727
진안동,일반 숙박,-1.308641260365268,0.008053622838591784,0.02981029810298103,11,O01,중분류 직접 대응,202506,202507,20254,rolling_mean_blend,True,22.727272727272727
장안면,일반 숙박,-1.520961872588031,0.0017756543969569415,0.008130081300813009,3,O01,중분류 직접 대응,202506,202507,20254,rolling_mean_blend,True,18.181818181818183
서신면,일반 숙박,-1.6704849867168254,0.07240602350428452,0.38482384823848237,142,O01,중분류 직접 대응,202506,202507,20254,rolling_mean_blend,True,13.636363636363635
비봉면,일반 숙박,-2.494703584565633,0.0008936181115611618,0.01084010840108401,4,O01,중분류 직접 대응,202506,202507,20254,rolling_mean_blend,True,9.090909090909092
동탄3동,일반 숙박,-2.951925302998583,0.0004237598252086408,0.008130081300813009,3,O01,중분류 직접 대응,202506,202507,20254,rolling_mean_blend,True,4.545454545454546
서신면,일식,3.8917056108149164,0.11642419543705967,0.0023752969121140144,1,Q10,중분류 직접 대응,202506,202507,20254,rolling_mean_blend,True,100.0
정남면,일식,2.3358159441577135,0.02456489996118568,0.0023752969121140144,1,Q10,중분류 직접 대응,202506,202507,20254,rolling_mean_blend,True,95.83333333333334
송산면,일식,2.0152890006993123,0.03564971149363937,0.004750593824228029,2,Q10,중분류 직접 대응,202506,202507,20254,rolling_mean_blend,True,91.66666666666666
동탄8동,일식,1.5001913294620037,0.01065086171891777,0.0023752969121140144,1,Q10,중분류 직접 대응,202506,202507,20254,rolling_mean_blend,True,87.5
우정읍,일식,1.1398472538902336,0.01485386405781315,0.004750593824228029,2,Q10,중분류 직접 대응,202506,202507,20254,rolling_mean_blend,True,83.33333333333334
마도면,일식,0.8770468338153137,0.005711119756089415,0.0023752969121140144,1,Q10,중분류 직접 대응,202506,202507,20254,rolling_mean_blend,True,79.16666666666666
반월동,일식,0.24834664561182854,0.03653911957616364,0.028503562945368172,12,Q10,중분류 직접 대응,202506,202507,20254,rolling_mean_blend,True,75.0
향남읍,일식,-0.014180476105627888,0.07493924241568735,0.07600950118764846,32,Q10,중분류 직접 대응,202506,202507,20254,rolling_mean_blend,True,70.83333333333334
동탄1동,일식,-0.04984064085031478,0.20564288049259533,0.2161520190023753,91,Q10,중분류 직접 대응,202506,202507,20254,rolling_mean_blend,True,66.66666666666666
진안동,일식,-0.11305901573125722,0.05303421327206177,0.05938242280285035,25,Q10,중분류 직접 대응,202506,202507,20254,rolling_mean_blend,True,62.5
병점1동,일식,-0.2069564302637399,0.005793554673679461,0.007125890736342043,3,Q10,중분류 직접 대응,202506,202507,20254,rolling_mean_blend,True,58.333333333333336
새솔동,일식,-0.28339426142413604,0.017891030244892872,0.023752969121140142,10,Q10,중분류 직접 대응,202506,202507,20254,rolling_mean_blend,True,54.166666666666664
봉담읍,일식,-0.35656814923704366,0.06485223131238825,0.09263657957244656,39,Q10,중분류 직접 대응,202506,202507,20254,rolling_mean_blend,True,50.0
동탄6동,일식,-0.37697628869873123,0.05865423265408278,0.0855106888361045,36,Q10,중분류 직접 대응,202506,202507,20254,rolling_mean_blend,True,45.83333333333333
동탄3동,일식,-0.43651578715705247,0.009210348823211919,0.014251781472684086,6,Q10,중분류 직접 대응,202506,202507,20254,rolling_mean_blend,True,41.66666666666667
병점2동,일식,-0.4675831914999136,0.00595225934934491,0.009501187648456057,4,Q10,중분류 직접 대응,202506,202507,20254,rolling_mean_blend,True,37.5
동탄4동,일식,-0.5862956381208927,0.013215340746019759,0.023752969121140142,10,Q10,중분류 직접 대응,202506,202507,20254,rolling_mean_blend,True,33.33333333333333
남양읍,일식,-0.6173879813771007,0.043557609271205874,0.08076009501187649,34,Q10,중분류 직접 대응,202506,202507,20254,rolling_mean_blend,True,29.166666666666668
동탄7동,일식,-0.6635300513119409,0.04771013624640603,0.09263657957244656,39,Q10,중분류 직접 대응,202506,202507,20254,rolling_mean_blend,True,25.0
동탄9동,일식,-0.722092507195013,0.011537129161455273,0.023752969121140142,10,Q10,중분류 직접 대응,202506,202507,20254,rolling_mean_blend,True,20.833333333333336
동탄5동,일식,-0.8271864870994601,0.044662019927856685,0.1021377672209026,43,Q10,중분류 직접 대응,202506,202507,20254,rolling_mean_blend,True,16.666666666666664
양감면,일식,-1.0215219527030888,0.0017097949593644377,0.004750593824228029,2,Q10,중분류 직접 대응,202506,202507,20254,rolling_mean_blend,True,12.5
동탄2동,일식,-1.2062895131940694,0.009952461027998358,0.0332541567695962,14,Q10,중분류 직접 대응,202506,202507,20254,rolling_mean_blend,True,8.333333333333332
비봉면,일식,-1.8021542328503233,0.0011745320158921151,0.007125890736342043,3,Q10,중분류 직접 대응,202506,202507,20254,rolling_mean_blend,True,4.166666666666666
동탄3동,자동차 부품 소매,0.9879318595485227,0.04054016677607254,0.01509433962264151,4,D12,중분류 직접 대응,202506,202507,20254,rolling_mean_blend,True,100.0
마도면,자동차 부품 소매,0.7266881329629584,0.03121947703890822,0.01509433962264151,4,D12,중분류 직접 대응,202506,202507,20254,rolling_mean_blend,True,95.83333333333334
동탄5동,자동차 부품 소매,0.3796774852092278,0.05516321868354696,0.03773584905660377,10,D12,중분류 직접 대응,202506,202507,20254,rolling_mean_blend,True,91.66666666666666
장안면,자동차 부품 소매,0.36099537181509683,0.03248549484459412,0.022641509433962263,6,D12,중분류 직접 대응,202506,202507,20254,rolling_mean_blend,True,87.5
비봉면,자동차 부품 소매,0.2913761051431079,0.035350808950961765,0.026415094339622643,7,D12,중분류 직접 대응,202506,202507,20254,rolling_mean_blend,True,83.33333333333334
동탄2동,자동차 부품 소매,0.2789841133804985,0.014963940786186652,0.011320754716981131,3,D12,중분류 직접 대응,202506,202507,20254,rolling_mean_blend,True,79.16666666666666
정남면,자동차 부품 소매,0.2681160497049971,0.05427384533567484,0.04150943396226415,11,D12,중분류 직접 대응,202506,202507,20254,rolling_mean_blend,True,75.0
향남읍,자동차 부품 소매,0.25711632725559724,0.15615975606642468,0.12075471698113208,32,D12,중분류 직접 대응,202506,202507,20254,rolling_mean_blend,True,70.83333333333334
송산면,자동차 부품 소매,0.1693160397401475,0.03128871653068297,0.026415094339622643,7,D12,중분류 직접 대응,202506,202507,20254,rolling_mean_blend,True,66.66666666666666
우정읍,자동차 부품 소매,0.16372006767185268,0.04444865112891129,0.03773584905660377,10,D12,중분류 직접 대응,202506,202507,20254,rolling_mean_blend,True,62.5
동탄7동,자동차 부품 소매,0.058938488559315556,0.012008098365845264,0.011320754716981131,3,D12,중분류 직접 대응,202506,202507,20254,rolling_mean_blend,True,58.333333333333336
양감면,자동차 부품 소매,0.02818236646599954,0.027170152073322698,0.026415094339622643,7,D12,중분류 직접 대응,202506,202507,20254,rolling_mean_blend,True,54.166666666666664
남양읍,자동차 부품 소매,0.019012774668160388,0.10768851246041153,0.10566037735849057,28,D12,중분류 직접 대응,202506,202507,20254,rolling_mean_blend,True,50.0
팔탄면,자동차 부품 소매,-0.06355062584824285,0.12040184303592298,0.12830188679245283,34,D12,중분류 직접 대응,202506,202507,20254,rolling_mean_blend,True,45.83333333333333
서신면,자동차 부품 소매,-0.17838090978253907,0.006313977639846646,0.007547169811320755,2,D12,중분류 직접 대응,202506,202507,20254,rolling_mean_blend,True,41.66666666666667
매송면,자동차 부품 소매,-0.24599756424522534,0.014753067386367039,0.018867924528301886,5,D12,중분류 직접 대응,202506,202507,20254,rolling_mean_blend,True,37.5
진안동,자동차 부품 소매,-0.2556862102539341,0.046755090594470416,0.06037735849056604,16,D12,중분류 직접 대응,202506,202507,20254,rolling_mean_blend,True,33.33333333333333
반월동,자동차 부품 소매,-0.3243383182476386,0.038196245006223914,0.052830188679245285,14,D12,중분류 직접 대응,202506,202507,20254,rolling_mean_blend,True,29.166666666666668
봉담읍,자동차 부품 소매,-0.4961070565984923,0.050549502958384195,0.0830188679245283,22,D12,중분류 직접 대응,202506,202507,20254,rolling_mean_blend,True,25.0
화산동,자동차 부품 소매,-0.49966851444361604,0.03434291328985033,0.05660377358490566,15,D12,중분류 직접 대응,202506,202507,20254,rolling_mean_blend,True,20.833333333333336
동탄8동,자동차 부품 소매,-0.7268870979678218,0.01276884280820875,0.026415094339622643,7,D12,중분류 직접 대응,202506,202507,20254,rolling_mean_blend,True,16.666666666666664
동탄1동,자동차 부품 소매,-0.8076965049596935,0.006729770045593817,0.01509433962264151,4,D12,중분류 직접 대응,202506,202507,20254,rolling_mean_blend,True,12.5
기배동,자동차 부품 소매,-0.9981036018482178,0.008344525158638972,0.022641509433962263,6,D12,중분류 직접 대응,202506,202507,20254,rolling_mean_blend,True,8.333333333333332
동탄6동,자동차 부품 소매,-1.6116192647120715,0.006023779338646879,0.03018867924528302,8,D12,중분류 직접 대응,202506,202507,20254,rolling_mean_blend,True,4.166666666666666
병점2동,자동차 수리·세차,1.5516227778937575,0.008225186124183012,0.0017421602787456446,2,F10,중분류 직접 대응,202506,202507,20254,rolling_mean_blend,True,100.0
매송면,자동차 수리·세차,1.1072097460007668,0.023724266394447076,0.0078397212543554,9,F10,중분류 직접 대응,202506,202507,20254,rolling_mean_blend,True,96.42857142857143
비봉면,자동차 수리·세차,1.0846163238695483,0.05154036544950667,0.017421602787456445,20,F10,중분류 직접 대응,202506,202507,20254,rolling_mean_blend,True,92.85714285714286
우정읍,자동차 수리·세차,0.6757848011789385,0.05992703131763113,0.03048780487804878,35,F10,중분류 직접 대응,202506,202507,20254,rolling_mean_blend,True,89.28571428571429
동탄7동,자동차 수리·세차,0.6680441699018195,0.03228140259285449,0.016550522648083623,19,F10,중분류 직접 대응,202506,202507,20254,rolling_mean_blend,True,85.71428571428571
동탄9동,자동차 수리·세차,0.3511846910161052,0.006188354989197177,0.004355400696864111,5,F10,중분류 직접 대응,202506,202507,20254,rolling_mean_blend,True,82.14285714285714
동탄5동,자동차 수리·세차,0.33449465939471956,0.08276339434216165,0.059233449477351915,68,F10,중분류 직접 대응,202506,202507,20254,rolling_mean_blend,True,78.57142857142857
동탄8동,자동차 수리·세차,0.17683966352574249,0.029108479436508516,0.024390243902439025,28,F10,중분류 직접 대응,202506,202507,20254,rolling_mean_blend,True,75.0
팔탄면,자동차 수리·세차,0.11525998160683074,0.0869972455391704,0.07752613240418119,89,F10,중분류 직접 대응,202506,202507,20254,rolling_mean_blend,True,71.42857142857143
진안동,자동차 수리·세차,0.07578861247947379,0.06577657379786321,0.06097560975609756,70,F10,중분류 직접 대응,202506,202507,20254,rolling_mean_blend,True,67.85714285714286
향남읍,자동차 수리·세차,0.024311001139241773,0.10353193667765326,0.10104529616724739,116,F10,중분류 직접 대응,202506,202507,20254,rolling_mean_blend,True,64.28571428571429
송산면,자동차 수리·세차,0.015772855158467835,0.02035337110195563,0.02003484320557491,23,F10,중분류 직접 대응,202506,202507,20254,rolling_mean_blend,True,60.71428571428571
동탄3동,자동차 수리·세차,-0.08600200703796478,0.03436966737614241,0.037456445993031356,43,F10,중분류 직접 대응,202506,202507,20254,rolling_mean_blend,True,57.14285714285714
화산동,자동차 수리·세차,-0.13430243737289102,0.02817935781638797,0.032229965156794424,37,F10,중분류 직접 대응,202506,202507,20254,rolling_mean_blend,True,53.57142857142857
동탄1동,자동차 수리·세차,-0.13872517816550536,0.0401869459082724,0.046167247386759584,53,F10,중분류 직접 대응,202506,202507,20254,rolling_mean_blend,True,50.0
남양읍,자동차 수리·세차,-0.15056498127826945,0.07867868612522327,0.09146341463414634,105,F10,중분류 직접 대응,202506,202507,20254,rolling_mean_blend,True,46.42857142857143
동탄6동,자동차 수리·세차,-0.21354890419940556,0.03025385328903623,0.037456445993031356,43,F10,중분류 직접 대응,202506,202507,20254,rolling_mean_blend,True,42.857142857142854
양감면,자동차 수리·세차,-0.21819696435440797,0.025211314973817275,0.0313588850174216,36,F10,중분류 직접 대응,202506,202507,20254,rolling_mean_blend,True,39.285714285714285
봉담읍,자동차 수리·세차,-0.2568672249100549,0.05659520551603889,0.07317073170731707,84,F10,중분류 직접 대응,202506,202507,20254,rolling_mean_blend,True,35.714285714285715
정남면,자동차 수리·세차,-0.27150398072330906,0.03319803092677529,0.04355400696864112,50,F10,중분류 직접 대응,202506,202507,20254,rolling_mean_blend,True,32.142857142857146
반월동,자동차 수리·세차,-0.37514943391807076,0.035915362211036875,0.05226480836236934,60,F10,중분류 직접 대응,202506,202507,20254,rolling_mean_blend,True,28.57142857142857
마도면,자동차 수리·세차,-0.4508393677755527,0.014983535729595687,0.023519163763066203,27,F10,중분류 직접 대응,202506,202507,20254,rolling_mean_blend,True,25.0
기배동,자동차 수리·세차,-0.5004753047769962,0.0168983502506336,0.027874564459930314,32,F10,중분류 직접 대응,202506,202507,20254,rolling_mean_blend,True,21.428571428571427
서신면,자동차 수리·세차,-0.8002548018628819,0.003912467410002724,0.008710801393728223,10,F10,중분류 직접 대응,202506,202507,20254,rolling_mean_blend,True,17.857142857142858
동탄2동,자동차 수리·세차,-0.91094681976617,0.007355681774567096,0.018292682926829267,21,F10,중분류 직접 대응,202506,202507,20254,rolling_mean_blend,True,14.285714285714285
새솔동,자동차 수리·세차,-0.9186355784057045,0.0031279430019274424,0.0078397212543554,9,F10,중분류 직접 대응,202506,202507,20254,rolling_mean_blend,True,10.714285714285714
장안면,자동차 수리·세차,-0.9743347750082787,0.016109764539344592,0.042682926829268296,49,F10,중분류 직접 대응,202506,202507,20254,rolling_mean_blend,True,7.142857142857142
병점1동,자동차 수리·세차,-1.9011944487908692,0.0006498030216903301,0.004355400696864111,5,F10,중분류 직접 대응,202506,202507,20254,rolling_mean_blend,True,3.571428571428571
매송면,장례식장 ,2.4184482449024105,0.25520163815069996,0.022727272727272728,1,F08,중분류 직접 대응,202506,202507,20254,rolling_mean_blend,True,100.0
향남읍,장례식장 ,0.8237357998174573,0.31077371089797806,0.13636363636363635,6,F08,중분류 직접 대응,202506,202507,20254,rolling_mean_blend,True,94.11764705882352
마도면,장례식장 ,0.5594531243354575,0.11929952438700876,0.06818181818181818,3,F08,중분류 직접 대응,202506,202507,20254,rolling_mean_blend,True,88.23529411764706
정남면,장례식장 ,0.17034518027187914,0.026948232663918575,0.022727272727272728,1,F08,중분류 직접 대응,202506,202507,20254,rolling_mean_blend,True,82.35294117647058
장안면,장례식장 ,0.0012810750650738374,0.04551281473608936,0.045454545454545456,2,F08,중분류 직접 대응,202506,202507,20254,rolling_mean_blend,True,76.47058823529412
화산동,장례식장 ,-0.10560162164718344,0.06134874278986625,0.06818181818181818,3,F08,중분류 직접 대응,202506,202507,20254,rolling_mean_blend,True,70.58823529411765
봉담읍,장례식장 ,-0.15008396739031007,0.11735927537069814,0.13636363636363635,6,F08,중분류 직접 대응,202506,202507,20254,rolling_mean_blend,True,64.70588235294117
남양읍,장례식장 ,-0.8492454683387477,0.03888465971441479,0.09090909090909091,4,F08,중분류 직접 대응,202506,202507,20254,rolling_mean_blend,True,58.82352941176471
송산면,장례식장 ,-1.6189862485586508,0.009003717231188016,0.045454545454545456,2,F08,중분류 직접 대응,202506,202507,20254,rolling_mean_blend,True,52.94117647058824
우정읍,장례식장 ,-1.8913358653983943,0.0068568841415337116,0.045454545454545456,2,F08,중분류 직접 대응,202506,202507,20254,rolling_mean_blend,True,47.05882352941176
동탄1동,장례식장 ,-5.878935259978253,0.00012617382410429355,0.045454545454545456,2,F08,중분류 직접 대응,202506,202507,20254,rolling_mean_blend,True,41.17647058823529
병점2동,장례식장 ,-10.03136492307804,0.0,0.022727272727272728,1,F08,중분류 직접 대응,202506,202507,20254,rolling_mean_blend,True,29.411764705882355
새솔동,장례식장 ,-10.03136492307804,0.0,0.022727272727272728,1,F08,중분류 직접 대응,202506,202507,20254,rolling_mean_blend,True,29.411764705882355
양감면,장례식장 ,-10.03136492307804,0.0,0.022727272727272728,1,F08,중분류 직접 대응,202506,202507,20254,rolling_mean_blend,True,29.411764705882355
진안동,장례식장 ,-10.724490104363962,0.0,0.045454545454545456,2,F08,중분류 직접 대응,202506,202507,20254,rolling_mean_blend,True,17.647058823529413
비봉면,장례식장 ,-11.129947879273235,0.0,0.06818181818181818,3,F08,중분류 직접 대응,202506,202507,20254,rolling_mean_blend,True,11.76470588235294
팔탄면,장례식장 ,-11.417626285105404,0.0,0.09090909090909091,4,F08,중분류 직접 대응,202506,202507,20254,rolling_mean_blend,True,5.88235294117647
팔탄면,장식품 소매,1.1857054970392589,0.1079032102087001,0.03296703296703297,3,D10|D14,중분류 직접 대응,202506,202507,20254,rolling_mean_blend,True,100.0
화산동,장식품 소매,0.8001116196262731,0.024460449486099465,0.01098901098901099,1,D10|D14,중분류 직접 대응,202506,202507,20254,rolling_mean_blend,True,95.83333333333334
정남면,장식품 소매,0.7653901238989368,0.04725022482798045,0.02197802197802198,2,D10|D14,중분류 직접 대응,202506,202507,20254,rolling_mean_blend,True,91.66666666666666
병점1동,장식품 소매,0.7000516347270334,0.022131307150386036,0.01098901098901099,1,D10|D14,중분류 직접 대응,202506,202507,20254,rolling_mean_blend,True,87.5
남양읍,장식품 소매,0.6143081157727038,0.14218371714251699,0.07692307692307693,7,D10|D14,중분류 직접 대응,202506,202507,20254,rolling_mean_blend,True,83.33333333333334
봉담읍,장식품 소매,0.5210401158733169,0.14802512892228226,0.08791208791208792,8,D10|D14,중분류 직접 대응,202506,202507,20254,rolling_mean_blend,True,79.16666666666666
양감면,장식품 소매,0.31600887137848144,0.015073365311997027,0.01098901098901099,1,D10|D14,중분류 직접 대응,202506,202507,20254,rolling_mean_blend,True,75.0
동탄8동,장식품 소매,0.31591731169389536,0.015071985171047325,0.01098901098901099,1,D10|D14,중분류 직접 대응,202506,202507,20254,rolling_mean_blend,True,70.83333333333334
우정읍,장식품 소매,0.30394655820309857,0.029784896515560485,0.02197802197802198,2,D10|D14,중분류 직접 대응,202506,202507,20254,rolling_mean_blend,True,66.66666666666666
동탄7동,장식품 소매,0.28572705360467343,0.014623728398894436,0.01098901098901099,1,D10|D14,중분류 직접 대응,202506,202507,20254,rolling_mean_blend,True,62.5
송산면,장식품 소매,0.19204153330910712,0.03994705268884624,0.03296703296703297,3,D10|D14,중분류 직접 대응,202506,202507,20254,rolling_mean_blend,True,58.333333333333336
반월동,장식품 소매,0.12367378294914425,0.024871486555370383,0.02197802197802198,2,D10|D14,중분류 직접 대응,202506,202507,20254,rolling_mean_blend,True,54.166666666666664
매송면,장식품 소매,0.12056045907377685,0.012397149497461773,0.01098901098901099,1,D10|D14,중분류 직접 대응,202506,202507,20254,rolling_mean_blend,True,50.0
비봉면,장식품 소매,0.017175572619760285,0.03353816856146616,0.03296703296703297,3,D10|D14,중분류 직접 대응,202506,202507,20254,rolling_mean_blend,True,45.83333333333333
마도면,장식품 소매,-0.19069581720435547,0.02724325237387212,0.03296703296703297,3,D10|D14,중분류 직접 대응,202506,202507,20254,rolling_mean_blend,True,41.66666666666667
진안동,장식품 소매,-0.34804559223029613,0.05431252793788923,0.07692307692307693,7,D10|D14,중분류 직접 대응,202506,202507,20254,rolling_mean_blend,True,37.5
동탄6동,장식품 소매,-0.4042669489217463,0.022004038394839026,0.03296703296703297,3,D10|D14,중분류 직접 대응,202506,202507,20254,rolling_mean_blend,True,33.33333333333333
동탄4동,장식품 소매,-0.40915460918514934,0.007298692026691058,0.01098901098901099,1,D10|D14,중분류 직접 대응,202506,202507,20254,rolling_mean_blend,True,29.166666666666668
동탄1동,장식품 소매,-0.4612584515138276,0.041570380291022585,0.06593406593406594,6,D10|D14,중분류 직접 대응,202506,202507,20254,rolling_mean_blend,True,25.0
향남읍,장식품 소매,-0.5592222758863636,0.05025482261662357,0.08791208791208792,8,D10|D14,중분류 직접 대응,202506,202507,20254,rolling_mean_blend,True,20.833333333333336
서신면,장식품 소매,-1.236237373455034,0.012767427341436186,0.04395604395604396,4,D10|D14,중분류 직접 대응,202506,202507,20254,rolling_mean_blend,True,16.666666666666664
동탄9동,장식품 소매,-1.2587421636290232,0.0031202844652954967,0.01098901098901099,1,D10|D14,중분류 직접 대응,202506,202507,20254,rolling_mean_blend,True,12.5
병점2동,장식품 소매,-1.8307617506972194,0.00528349279111302,0.03296703296703297,3,D10|D14,중분류 직접 대응,202506,202507,20254,rolling_mean_blend,True,8.333333333333332
동탄5동,장식품 소매,-1.849023008556144,0.03286098545883633,0.2087912087912088,19,D10|D14,중분류 직접 대응,202506,202507,20254,rolling_mean_blend,True,4.166666666666666
동탄9동,전문 디자인,5.346986195683849,0.5859119624952679,0.002789400278940028,2,F03,중분류 직접 대응,202506,202507,20254,rolling_mean_blend,True,100.0
동탄4동,전문 디자인,0.7416055026464415,0.005856896366673103,0.002789400278940028,2,F03,중분류 직접 대응,202506,202507,20254,rolling_mean_blend,True,96.55172413793103
봉담읍,전문 디자인,0.425319992907409,0.07895863102074613,0.05160390516039052,37,F03,중분류 직접 대응,202506,202507,20254,rolling_mean_blend,True,93.10344827586206
양감면,전문 디자인,0.2877552383397921,0.011158750932310665,0.008368200836820083,6,F03,중분류 직접 대응,202506,202507,20254,rolling_mean_blend,True,89.65517241379311
동탄6동,전문 디자인,0.2695395255823585,0.11870113222170504,0.09065550906555091,65,F03,중분류 직접 대응,202506,202507,20254,rolling_mean_blend,True,86.20689655172413
동탄1동,전문 디자인,-0.40559689899859397,0.05856935297676381,0.08786610878661087,63,F03,중분류 직접 대응,202506,202507,20254,rolling_mean_blend,True,82.75862068965517
병점1동,전문 디자인,-0.4576896990972458,0.0176493896954284,0.02789400278940028,20,F03,중분류 직접 대응,202506,202507,20254,rolling_mean_blend,True,79.3103448275862
향남읍,전문 디자인,-0.4595138803817885,0.03435393198038726,0.05439330543933055,39,F03,중분류 직접 대응,202506,202507,20254,rolling_mean_blend,True,75.86206896551724
서신면,전문 디자인,-0.6885817389823684,0.006304371821938742,0.012552301255230125,9,F03,중분류 직접 대응,202506,202507,20254,rolling_mean_blend,True,72.41379310344827
팔탄면,전문 디자인,-0.7228468142289339,0.010153638783742612,0.02092050209205021,15,F03,중분류 직접 대응,202506,202507,20254,rolling_mean_blend,True,68.96551724137932
새솔동,전문 디자인,-0.9434161319739119,0.003257093695944863,0.008368200836820083,6,F03,중분류 직접 대응,202506,202507,20254,rolling_mean_blend,True,65.51724137931035
남양읍,전문 디자인,-0.9540519500978838,0.017727203274365555,0.04602510460251046,33,F03,중분류 직접 대응,202506,202507,20254,rolling_mean_blend,True,62.06896551724138
진안동,전문 디자인,-1.25250831264251,0.009565379637912489,0.03347280334728033,24,F03,중분류 직접 대응,202506,202507,20254,rolling_mean_blend,True,58.620689655172406
장안면,전문 디자인,-1.4144461056275617,0.0027112118842002575,0.011157601115760111,8,F03,중분류 직접 대응,202506,202507,20254,rolling_mean_blend,True,55.172413793103445
동탄3동,전문 디자인,-1.4494238989338482,0.007528140778083649,0.03207810320781032,23,F03,중분류 직접 대응,202506,202507,20254,rolling_mean_blend,True,51.724137931034484
마도면,전문 디자인,-1.5133030002389687,0.0024559177097361884,0.011157601115760111,8,F03,중분류 직접 대응,202506,202507,20254,rolling_mean_blend,True,48.275862068965516
동탄8동,전문 디자인,-1.6243287360701786,0.0013732828129563379,0.00697350069735007,5,F03,중분류 직접 대응,202506,202507,20254,rolling_mean_blend,True,44.827586206896555
비봉면,전문 디자인,-1.6536095307828809,0.0007998522288324211,0.0041841004184100415,3,F03,중분류 직접 대응,202506,202507,20254,rolling_mean_blend,True,41.37931034482759
기배동,전문 디자인,-1.6877059171807052,0.0018047681941682713,0.009762900976290097,7,F03,중분류 직접 대응,202506,202507,20254,rolling_mean_blend,True,37.93103448275862
동탄2동,전문 디자인,-1.9599123310983086,0.0033391730830607614,0.023709902370990237,17,F03,중분류 직접 대응,202506,202507,20254,rolling_mean_blend,True,34.48275862068966
송산면,전문 디자인,-2.117596429773462,0.0015094192320903807,0.012552301255230125,9,F03,중분류 직접 대응,202506,202507,20254,rolling_mean_blend,True,31.03448275862069
화산동,전문 디자인,-2.4542805740103115,0.0023958778324131087,0.02789400278940028,20,F03,중분류 직접 대응,202506,202507,20254,rolling_mean_blend,True,27.586206896551722
반월동,전문 디자인,-2.5539476853372642,0.0020600353803230365,0.026499302649930265,19,F03,중분류 직접 대응,202506,202507,20254,rolling_mean_blend,True,24.137931034482758
정남면,전문 디자인,-2.919797994732075,0.000751419122962591,0.01394700139470014,10,F03,중분류 직접 대응,202506,202507,20254,rolling_mean_blend,True,20.689655172413794
동탄5동,전문 디자인,-2.935334259376771,0.014888461103824921,0.2803347280334728,201,F03,중분류 직접 대응,202506,202507,20254,rolling_mean_blend,True,17.24137931034483
우정읍,전문 디자인,-4.865490233754006,0.0001495135368814563,0.019525801952580194,14,F03,중분류 직접 대응,202506,202507,20254,rolling_mean_blend,True,13.793103448275861
동탄7동,전문 디자인,-6.266776631687046,6.519219727995605e-05,0.03486750348675035,25,F03,중분류 직접 대응,202506,202507,20254,rolling_mean_blend,True,10.344827586206897
매송면,전문 디자인,-9.805439227151426,0.0,0.01813110181311018,13,F03,중분류 직접 대응,202506,202507,20254,rolling_mean_blend,True,6.896551724137931
병점2동,전문 디자인,-9.87954325995422,0.0,0.019525801952580194,14,F03,중분류 직접 대응,202506,202507,20254,rolling_mean_blend,True,3.4482758620689653
향남읍,조경·유지,1.5310989302629194,0.27195978008739796,0.058823529411764705,2,F14,중분류 직접 대응,202506,202507,20254,rolling_mean_blend,True,100.0
화산동,조경·유지,0.8402604518346842,0.13629369093402666,0.058823529411764705,2,F14,중분류 직접 대응,202506,202507,20254,rolling_mean_blend,True,94.44444444444444
새솔동,조경·유지,0.4073779257117784,0.04420261970459981,0.029411764705882353,1,F14,중분류 직접 대응,202506,202507,20254,rolling_mean_blend,True,88.88888888888889
봉담읍,조경·유지,-0.5715724953941163,0.016606530854050217,0.029411764705882353,1,F14,중분류 직접 대응,202506,202507,20254,rolling_mean_blend,True,83.33333333333334
팔탄면,조경·유지,-0.725635240873615,0.014235278249132082,0.029411764705882353,1,F14,중분류 직접 대응,202506,202507,20254,rolling_mean_blend,True,77.77777777777779
동탄7동,조경·유지,-0.9290629802819055,0.011614794577777447,0.029411764705882353,1,F14,중분류 직접 대응,202506,202507,20254,rolling_mean_blend,True,72.22222222222221
병점2동,조경·유지,-1.3713355832175123,0.0074630127412487115,0.029411764705882353,1,F14,중분류 직접 대응,202506,202507,20254,rolling_mean_blend,True,66.66666666666666
동탄1동,조경·유지,-1.4849803502821113,0.01998511986802308,0.08823529411764706,3,F14,중분류 직접 대응,202506,202507,20254,rolling_mean_blend,True,61.111111111111114
남양읍,조경·유지,-1.5266379471202198,0.012779505314726665,0.058823529411764705,2,F14,중분류 직접 대응,202506,202507,20254,rolling_mean_blend,True,55.55555555555556
동탄5동,조경·유지,-3.3358513009815614,0.005232017993205994,0.14705882352941177,5,F14,중분류 직접 대응,202506,202507,20254,rolling_mean_blend,True,50.0
동탄6동,조경·유지,-5.639437492513396,0.00020811340683772063,0.058823529411764705,2,F14,중분류 직접 대응,202506,202507,20254,rolling_mean_blend,True,44.44444444444444
정남면,조경·유지,-6.448537718946243,0.00018521746836101124,0.11764705882352941,4,F14,중분류 직접 대응,202506,202507,20254,rolling_mean_blend,True,38.88888888888889
동탄2동,조경·유지,-10.289184032770127,0.0,0.029411764705882353,1,F14,중분류 직접 대응,202506,202507,20254,rolling_mean_blend,True,25.0
마도면,조경·유지,-10.289184032770127,0.0,0.029411764705882353,1,F14,중분류 직접 대응,202506,202507,20254,rolling_mean_blend,True,25.0
병점1동,조경·유지,-10.289184032770127,0.0,0.029411764705882353,1,F14,중분류 직접 대응,202506,202507,20254,rolling_mean_blend,True,25.0
장안면,조경·유지,-10.289184032770127,0.0,0.029411764705882353,1,F14,중분류 직접 대응,202506,202507,20254,rolling_mean_blend,True,25.0
비봉면,조경·유지,-10.98231421376356,0.0,0.058823529411764705,2,F14,중분류 직접 대응,202506,202507,20254,rolling_mean_blend,True,11.11111111111111
동탄3동,조경·유지,-11.387773655285335,0.0,0.08823529411764706,3,F14,중분류 직접 대응,202506,202507,20254,rolling_mean_blend,True,5.555555555555555
동탄6동,종합 소매,1.3114849458605282,0.13994042554508995,0.03770197486535009,84,D11,중분류 직접 대응,202506,202507,20254,rolling_mean_blend,True,100.0
동탄2동,종합 소매,0.7139598417511805,0.032996649944119764,0.01615798922800718,36,D11,중분류 직접 대응,202506,202507,20254,rolling_mean_blend,True,96.55172413793103
동탄9동,종합 소매,0.4298557316956569,0.01931696492456434,0.012567324955116697,28,D11,중분류 직접 대응,202506,202507,20254,rolling_mean_blend,True,93.10344827586206
반월동,종합 소매,0.2469270432120497,0.029302062688898418,0.02289048473967684,51,D11,중분류 직접 대응,202506,202507,20254,rolling_mean_blend,True,89.65517241379311
병점1동,종합 소매,0.22245497070727824,0.028033004312659877,0.02244165170556553,50,D11,중분류 직접 대응,202506,202507,20254,rolling_mean_blend,True,86.20689655172413
진안동,종합 소매,0.1737331954846386,0.052331578160692435,0.04398563734290844,98,D11,중분류 직접 대응,202506,202507,20254,rolling_mean_blend,True,82.75862068965517
향남읍,종합 소매,0.16984688177873045,0.13830004019314104,0.11669658886894076,260,D11,중분류 직접 대응,202506,202507,20254,rolling_mean_blend,True,79.3103448275862
화산동,종합 소매,0.12492213051212475,0.02695354041976265,0.02378815080789946,53,D11,중분류 직접 대응,202506,202507,20254,rolling_mean_blend,True,75.86206896551724
남양읍,종합 소매,0.1124385008961256,0.07985718655145936,0.07136445242369839,159,D11,중분류 직접 대응,202506,202507,20254,rolling_mean_blend,True,72.41379310344827
동탄4동,종합 소매,0.11041185919009912,0.01553821159896788,0.013913824057450628,31,D11,중분류 직접 대응,202506,202507,20254,rolling_mean_blend,True,68.96551724137932
동탄7동,종합 소매,0.01615760190387458,0.030561664584797938,0.03007181328545781,67,D11,중분류 직접 대응,202506,202507,20254,rolling_mean_blend,True,65.51724137931035
봉담읍,종합 소매,0.005646446373542722,0.0893721594704929,0.08886894075403949,198,D11,중분류 직접 대응,202506,202507,20254,rolling_mean_blend,True,62.06896551724138
동탄3동,종합 소매,-0.026555372309643423,0.024913019082919527,0.025583482944344704,57,D11,중분류 직접 대응,202506,202507,20254,rolling_mean_blend,True,58.620689655172406
동탄8동,종합 소매,-0.15005323936991122,0.0166104857187356,0.019299820466786355,43,D11,중분류 직접 대응,202506,202507,20254,rolling_mean_blend,True,55.172413793103445
기배동,종합 소매,-0.15722509644854987,0.01150584674177635,0.013464991023339317,30,D11,중분류 직접 대응,202506,202507,20254,rolling_mean_blend,True,51.724137931034484
동탄1동,종합 소매,-0.2181464719893743,0.04005584134910188,0.049820466786355475,111,D11,중분류 직접 대응,202506,202507,20254,rolling_mean_blend,True,48.275862068965516
팔탄면,종합 소매,-0.2207264409429757,0.041032435282124774,0.05116696588868941,114,D11,중분류 직접 대응,202506,202507,20254,rolling_mean_blend,True,44.827586206896555
동탄5동,종합 소매,-0.2734219384455955,0.039609060431993554,0.05206463195691203,116,D11,중분류 직접 대응,202506,202507,20254,rolling_mean_blend,True,41.37931034482759
비봉면,종합 소매,-0.3338805756682885,0.011892514235526168,0.01660682226211849,37,D11,중분류 직접 대응,202506,202507,20254,rolling_mean_blend,True,37.93103448275862
송산면,종합 소매,-0.3399142267286614,0.022683745814207623,0.031867145421903054,71,D11,중분류 직접 대응,202506,202507,20254,rolling_mean_blend,True,34.48275862068966
우정읍,종합 소매,-0.37796616617845646,0.030141005331066555,0.04398563734290844,98,D11,중분류 직접 대응,202506,202507,20254,rolling_mean_blend,True,31.03448275862069
마도면,종합 소매,-0.5090835950729002,0.011329914054227213,0.018850987432675045,42,D11,중분류 직접 대응,202506,202507,20254,rolling_mean_blend,True,27.586206896551722
장안면,종합 소매,-0.7130268291219355,0.016279434504308313,0.03321364452423698,74,D11,중분류 직접 대응,202506,202507,20254,rolling_mean_blend,True,24.137931034482758
양감면,종합 소매,-0.9112003757206599,0.007758727600254835,0.019299820466786355,43,D11,중분류 직접 대응,202506,202507,20254,rolling_mean_blend,True,20.689655172413794
정남면,종합 소매,-0.9588553808321734,0.016344304034272148,0.042639138240574505,95,D11,중분류 직접 대응,202506,202507,20254,rolling_mean_blend,True,17.24137931034483
새솔동,종합 소매,-0.984343840887734,0.007882301923194154,0.0210951526032316,47,D11,중분류 직접 대응,202506,202507,20254,rolling_mean_blend,True,13.793103448275861
서신면,종합 소매,-1.1004701170327775,0.011796664822664341,0.035457809694793535,79,D11,중분류 직접 대응,202506,202507,20254,rolling_mean_blend,True,10.344827586206897
병점2동,종합 소매,-1.1405208268810387,0.005164261220862363,0.01615798922800718,36,D11,중분류 직접 대응,202506,202507,20254,rolling_mean_blend,True,6.896551724137931
매송면,종합 소매,-1.2792691667248617,0.002496949458118066,0.008976660682226212,20,D11,중분류 직접 대응,202506,202507,20254,rolling_mean_blend,True,3.4482758620689653
동탄7동,주점,0.5809047561408939,0.06437108414962522,0.0360082304526749,35,Q01|Q08,중분류 직접 대응,202506,202507,20254,rolling_mean_blend,True,100.0
동탄9동,주점,0.4926399318301117,0.016838405319508132,0.0102880658436214,10,Q01|Q08,중분류 직접 대응,202506,202507,20254,rolling_mean_blend,True,96.42857142857143
반월동,주점,0.367835740020099,0.02377994631238994,0.01646090534979424,16,Q01|Q08,중분류 직접 대응,202506,202507,20254,rolling_mean_blend,True,92.85714285714286
동탄6동,주점,0.36407620313997546,0.07995509920111488,0.05555555555555555,54,Q01|Q08,중분류 직접 대응,202506,202507,20254,rolling_mean_blend,True,89.28571428571429
동탄1동,주점,0.26626604500535195,0.22154204048690757,0.1697530864197531,165,Q01|Q08,중분류 직접 대응,202506,202507,20254,rolling_mean_blend,True,85.71428571428571
동탄8동,주점,0.26593271799175666,0.006711453188660549,0.0051440329218107,5,Q01|Q08,중분류 직접 대응,202506,202507,20254,rolling_mean_blend,True,82.14285714285714
동탄5동,주점,0.21725164640962508,0.0357969398187944,0.02880658436213992,28,Q01|Q08,중분류 직접 대응,202506,202507,20254,rolling_mean_blend,True,78.57142857142857
동탄2동,주점,0.1805423546214575,0.002464944483323283,0.00205761316872428,2,Q01|Q08,중분류 직접 대응,202506,202507,20254,rolling_mean_blend,True,75.0
봉담읍,주점,0.14721499662645776,0.07509479956584493,0.06481481481481481,63,Q01|Q08,중분류 직접 대응,202506,202507,20254,rolling_mean_blend,True,71.42857142857143
장안면,주점,0.11400656044801043,0.00691838913938075,0.006172839506172839,6,Q01|Q08,중분류 직접 대응,202506,202507,20254,rolling_mean_blend,True,67.85714285714286
동탄3동,주점,0.07217922905050458,0.01879885622996725,0.01748971193415638,17,Q01|Q08,중분류 직접 대응,202506,202507,20254,rolling_mean_blend,True,64.28571428571429
비봉면,주점,0.0066890455547212475,0.005178563641432004,0.0051440329218107,5,Q01|Q08,중분류 직접 대응,202506,202507,20254,rolling_mean_blend,True,60.71428571428571
마도면,주점,-2.304487421381699e-05,0.0051439143565403566,0.0051440329218107,5,Q01|Q08,중분류 직접 대응,202506,202507,20254,rolling_mean_blend,True,57.14285714285714
동탄4동,주점,-0.04022126780712971,0.003952951815134814,0.00411522633744856,4,Q01|Q08,중분류 직접 대응,202506,202507,20254,rolling_mean_blend,True,53.57142857142857
기배동,주점,-0.04055077976941627,0.004939571379082383,0.0051440329218107,5,Q01|Q08,중분류 직접 대응,202506,202507,20254,rolling_mean_blend,True,50.0
진안동,주점,-0.07531340713170744,0.08301267542623315,0.08950617283950617,87,Q01|Q08,중분류 직접 대응,202506,202507,20254,rolling_mean_blend,True,46.42857142857143
병점1동,주점,-0.09802559731768817,0.023318468772582222,0.0257201646090535,25,Q01|Q08,중분류 직접 대응,202506,202507,20254,rolling_mean_blend,True,42.857142857142854
향남읍,주점,-0.21258099195402264,0.16968390905763855,0.20987654320987653,204,Q01|Q08,중분류 직접 대응,202506,202507,20254,rolling_mean_blend,True,39.285714285714285
새솔동,주점,-0.2664286893925458,0.014975179730249559,0.01954732510288066,19,Q01|Q08,중분류 직접 대응,202506,202507,20254,rolling_mean_blend,True,35.714285714285715
남양읍,주점,-0.30611817622471676,0.06817562530027955,0.09259259259259259,90,Q01|Q08,중분류 직접 대응,202506,202507,20254,rolling_mean_blend,True,32.142857142857146
병점2동,주점,-0.346558979064482,0.01891436240182605,0.026748971193415638,26,Q01|Q08,중분류 직접 대응,202506,202507,20254,rolling_mean_blend,True,28.57142857142857
송산면,주점,-0.41935691921410073,0.012175018393401968,0.018518518518518517,18,Q01|Q08,중분류 직접 대응,202506,202507,20254,rolling_mean_blend,True,25.0
우정읍,주점,-0.6171024495644376,0.021091315151333678,0.03909465020576132,38,Q01|Q08,중분류 직접 대응,202506,202507,20254,rolling_mean_blend,True,21.428571428571427
화산동,주점,-0.7704505729590411,0.006665371156239081,0.01440329218106996,14,Q01|Q08,중분류 직접 대응,202506,202507,20254,rolling_mean_blend,True,17.857142857142858
정남면,주점,-0.7806164557420217,0.0056553039429024414,0.012345679012345678,12,Q01|Q08,중분류 직접 대응,202506,202507,20254,rolling_mean_blend,True,14.285714285714285
서신면,주점,-0.9373649625218012,0.0032229185036452023,0.00823045267489712,8,Q01|Q08,중분류 직접 대응,202506,202507,20254,rolling_mean_blend,True,10.714285714285714
매송면,주점,-1.3230903229234012,0.0005472314178102439,0.00205761316872428,2,Q01|Q08,중분류 직접 대응,202506,202507,20254,rolling_mean_blend,True,7.142857142857142
팔탄면,주점,-2.1518668493421584,0.0010756616581517318,0.009259259259259259,9,Q01|Q08,중분류 직접 대응,202506,202507,20254,rolling_mean_blend,True,3.571428571428571
우정읍,중고 상품 소매,1.3227232621260712,0.20599462128722798,0.054878048780487805,9,D18,중분류 직접 대응,202506,202507,20254,rolling_mean_blend,True,100.0
남양읍,중고 상품 소매,1.1583753343912093,0.09709837100261398,0.03048780487804878,5,D18,중분류 직접 대응,202506,202507,20254,rolling_mean_blend,True,95.65217391304348
비봉면,중고 상품 소매,0.8267549772125412,0.04181632729437694,0.018292682926829267,3,D18,중분류 직접 대응,202506,202507,20254,rolling_mean_blend,True,91.30434782608695
송산면,중고 상품 소매,0.8182170690860305,0.1105600615684208,0.04878048780487805,8,D18,중분류 직접 대응,202506,202507,20254,rolling_mean_blend,True,86.95652173913044
장안면,중고 상품 소매,0.4646842560543735,0.06793096465648996,0.042682926829268296,7,D18,중분류 직접 대응,202506,202507,20254,rolling_mean_blend,True,82.6086956521739
봉담읍,중고 상품 소매,0.30762278440234625,0.14099543785633467,0.10365853658536585,17,D18,중분류 직접 대응,202506,202507,20254,rolling_mean_blend,True,78.26086956521739
서신면,중고 상품 소매,0.28258024911537705,0.040443869997828924,0.03048780487804878,5,D18,중분류 직접 대응,202506,202507,20254,rolling_mean_blend,True,73.91304347826086
정남면,중고 상품 소매,0.1600865359992461,0.1073427735808736,0.09146341463414634,15,D18,중분류 직접 대응,202506,202507,20254,rolling_mean_blend,True,69.56521739130434
향남읍,중고 상품 소매,-0.21004712444297846,0.1087315975452004,0.13414634146341464,22,D18,중분류 직접 대응,202506,202507,20254,rolling_mean_blend,True,65.21739130434783
팔탄면,중고 상품 소매,-0.6088155892684933,0.059706290439372915,0.10975609756097561,18,D18,중분류 직접 대응,202506,202507,20254,rolling_mean_blend,True,60.86956521739131
화산동,중고 상품 소매,-0.7054956045388693,0.00602222255248967,0.012195121951219513,2,D18,중분류 직접 대응,202506,202507,20254,rolling_mean_blend,True,56.52173913043478
양감면,중고 상품 소매,-1.8942434688830276,0.004585494900748324,0.03048780487804878,5,D18,중분류 직접 대응,202506,202507,20254,rolling_mean_blend,True,52.17391304347826
동탄6동,중고 상품 소매,-2.6754825564628697,0.002518834177762129,0.036585365853658534,6,D18,중분류 직접 대응,202506,202507,20254,rolling_mean_blend,True,47.82608695652174
동탄5동,중고 상품 소매,-4.809567654751878,0.0002972294860558745,0.036585365853658534,6,D18,중분류 직접 대응,202506,202507,20254,rolling_mean_blend,True,43.47826086956522
기배동,중고 상품 소매,-8.715808116693546,0.0,0.006097560975609756,1,D18,중분류 직접 대응,202506,202507,20254,rolling_mean_blend,True,36.95652173913043
반월동,중고 상품 소매,-8.715808116693546,0.0,0.006097560975609756,1,D18,중분류 직접 대응,202506,202507,20254,rolling_mean_blend,True,36.95652173913043
동탄3동,중고 상품 소매,-9.408873307338204,0.0,0.012195121951219513,2,D18,중분류 직접 대응,202506,202507,20254,rolling_mean_blend,True,26.08695652173913
동탄4동,중고 상품 소매,-9.408873307338204,0.0,0.012195121951219513,2,D18,중분류 직접 대응,202506,202507,20254,rolling_mean_blend,True,26.08695652173913
동탄7동,중고 상품 소매,-9.408873307338204,0.0,0.012195121951219513,2,D18,중분류 직접 대응,202506,202507,20254,rolling_mean_blend,True,26.08695652173913
병점1동,중고 상품 소매,-9.814311083980684,0.0,0.018292682926829267,3,D18,중분류 직접 대응,202506,202507,20254,rolling_mean_blend,True,17.391304347826086
동탄1동,중고 상품 소매,-10.10197949041949,0.0,0.024390243902439025,4,D18,중분류 직접 대응,202506,202507,20254,rolling_mean_blend,True,13.043478260869565
마도면,중고 상품 소매,-11.018245622999643,0.0,0.06097560975609756,10,D18,중분류 직접 대응,202506,202507,20254,rolling_mean_blend,True,8.695652173913043
진안동,중고 상품 소매,-11.113554311918216,0.0,0.06707317073170732,11,D18,중분류 직접 대응,202506,202507,20254,rolling_mean_blend,True,4.3478260869565215
마도면,중식,0.8511329376022064,0.022523448336640314,0.009615384615384616,5,Q12,중분류 직접 대응,202506,202507,20254,rolling_mean_blend,True,100.0
화산동,중식,0.8488339423104231,0.03595395659263541,0.015384615384615385,8,Q12,중분류 직접 대응,202506,202507,20254,rolling_mean_blend,True,96.55172413793103
서신면,중식,0.4890196714717529,0.012544606085301455,0.007692307692307693,4,Q12,중분류 직접 대응,202506,202507,20254,rolling_mean_blend,True,93.10344827586206
동탄8동,중식,0.41575908182067123,0.020401755826034252,0.013461538461538462,7,Q12,중분류 직접 대응,202506,202507,20254,rolling_mean_blend,True,89.65517241379311
동탄1동,중식,0.3590539307078374,0.16247440809876584,0.11346153846153846,59,Q12,중분류 직접 대응,202506,202507,20254,rolling_mean_blend,True,86.20689655172413
진안동,중식,0.2702674549252685,0.0629962167587953,0.04807692307692308,25,Q12,중분류 직접 대응,202506,202507,20254,rolling_mean_blend,True,82.75862068965517
기배동,중식,0.26634673925562596,0.007530233302878155,0.0057692307692307696,3,Q12,중분류 직접 대응,202506,202507,20254,rolling_mean_blend,True,79.3103448275862
송산면,중식,0.2386031169402323,0.02197194530656163,0.01730769230769231,9,Q12,중분류 직접 대응,202506,202507,20254,rolling_mean_blend,True,75.86206896551724
동탄9동,중식,0.22149644031478666,0.014399588011220987,0.011538461538461539,6,Q12,중분류 직접 대응,202506,202507,20254,rolling_mean_blend,True,72.41379310344827
병점1동,중식,0.19806796437722216,0.025787714562985807,0.021153846153846155,11,Q12,중분류 직접 대응,202506,202507,20254,rolling_mean_blend,True,68.96551724137932
비봉면,중식,0.19446132526088541,0.018687237817323406,0.015384615384615385,8,Q12,중분류 직접 대응,202506,202507,20254,rolling_mean_blend,True,65.51724137931035
봉담읍,중식,0.1797274728489216,0.11508588278919801,0.09615384615384616,50,Q12,중분류 직접 대응,202506,202507,20254,rolling_mean_blend,True,62.06896551724138
반월동,중식,0.1637220538215623,0.03171251697546593,0.026923076923076925,14,Q12,중분류 직접 대응,202506,202507,20254,rolling_mean_blend,True,58.620689655172406
동탄5동,중식,0.1491945668800544,0.06251009842126369,0.05384615384615385,28,Q12,중분류 직접 대응,202506,202507,20254,rolling_mean_blend,True,55.172413793103445
팔탄면,중식,0.09960718647027289,0.0403654906360495,0.03653846153846154,19,Q12,중분류 직접 대응,202506,202507,20254,rolling_mean_blend,True,51.724137931034484
정남면,중식,0.09541793614480622,0.023271838430022004,0.021153846153846155,11,Q12,중분류 직접 대응,202506,202507,20254,rolling_mean_blend,True,48.275862068965516
남양읍,중식,-0.22239007759275617,0.05388654139976457,0.0673076923076923,35,Q12,중분류 직접 대응,202506,202507,20254,rolling_mean_blend,True,44.827586206896555
우정읍,중식,-0.22845648682867606,0.027545366156278485,0.03461538461538462,18,Q12,중분류 직접 대응,202506,202507,20254,rolling_mean_blend,True,41.37931034482759
새솔동,중식,-0.228642727885892,0.018360089450661896,0.023076923076923078,12,Q12,중분류 직접 대응,202506,202507,20254,rolling_mean_blend,True,37.93103448275862
동탄7동,중식,-0.2902396622540202,0.030210843140399783,0.04038461538461539,21,Q12,중분류 직접 대응,202506,202507,20254,rolling_mean_blend,True,34.48275862068966
장안면,중식,-0.30027130882643427,0.017090908096237024,0.023076923076923078,12,Q12,중분류 직접 대응,202506,202507,20254,rolling_mean_blend,True,31.03448275862069
동탄6동,중식,-0.3443250469230216,0.047700571316887014,0.0673076923076923,35,Q12,중분류 직접 대응,202506,202507,20254,rolling_mean_blend,True,27.586206896551722
동탄4동,중식,-0.39150823846337707,0.0091001671264613,0.013461538461538462,7,Q12,중분류 직접 대응,202506,202507,20254,rolling_mean_blend,True,24.137931034482758
동탄3동,중식,-0.4233719729997379,0.012592635736191212,0.019230769230769232,10,Q12,중분류 직접 대응,202506,202507,20254,rolling_mean_blend,True,20.689655172413794
양감면,중식,-0.5236611803711299,0.0079735061265349,0.013461538461538462,7,Q12,중분류 직접 대응,202506,202507,20254,rolling_mean_blend,True,17.24137931034483
향남읍,중식,-0.5534709007725359,0.09066488491608822,0.1576923076923077,82,Q12,중분류 직접 대응,202506,202507,20254,rolling_mean_blend,True,13.793103448275861
병점2동,중식,-1.0445847058945317,0.004059019975402909,0.011538461538461539,6,Q12,중분류 직접 대응,202506,202507,20254,rolling_mean_blend,True,10.344827586206897
동탄2동,중식,-1.7272005165494826,0.0020505017439736302,0.011538461538461539,6,Q12,중분류 직접 대응,202506,202507,20254,rolling_mean_blend,True,6.896551724137931
매송면,중식,-1.9469415202783005,0.0005480268639775985,0.0038461538461538464,2,Q12,중분류 직접 대응,202506,202507,20254,rolling_mean_blend,True,3.4482758620689653
우정읍,철물·건설자재 소매,2.6171154717383556,0.5478590798141644,0.04,16,D10|D19,중분류 직접 대응,202506,202507,20254,rolling_mean_blend,True,100.0
동탄4동,철물·건설자재 소매,2.228922029197084,0.02323290608839161,0.0025,1,D10|D19,중분류 직접 대응,202506,202507,20254,rolling_mean_blend,True,96.42857142857143
팔탄면,철물·건설자재 소매,0.47142394060477877,0.15622232826882426,0.0975,39,D10|D19,중분류 직접 대응,202506,202507,20254,rolling_mean_blend,True,92.85714285714286
양감면,철물·건설자재 소매,-0.3860690872218246,0.025489313367769103,0.0375,15,D10|D19,중분류 직접 대응,202506,202507,20254,rolling_mean_blend,True,89.28571428571429
봉담읍,철물·건설자재 소매,-0.5894523935033307,0.04575660562051117,0.0825,33,D10|D19,중분류 직접 대응,202506,202507,20254,rolling_mean_blend,True,85.71428571428571
남양읍,철물·건설자재 소매,-0.604008096459016,0.0382626910127358,0.07,28,D10|D19,중분류 직접 대응,202506,202507,20254,rolling_mean_blend,True,82.14285714285714
병점1동,철물·건설자재 소매,-0.6159746981016364,0.010801823921907091,0.02,8,D10|D19,중분류 직접 대응,202506,202507,20254,rolling_mean_blend,True,78.57142857142857
동탄5동,철물·건설자재 소매,-0.8307953184534709,0.020695310444674694,0.0475,19,D10|D19,중분류 직접 대응,202506,202507,20254,rolling_mean_blend,True,75.0
동탄8동,철물·건설자재 소매,-0.9723213840095041,0.0018903985111434424,0.005,2,D10|D19,중분류 직접 대응,202506,202507,20254,rolling_mean_blend,True,71.42857142857143
화산동,철물·건설자재 소매,-1.0461967156397594,0.00439024122133253,0.0125,5,D10|D19,중분류 직접 대응,202506,202507,20254,rolling_mean_blend,True,67.85714285714286
동탄1동,철물·건설자재 소매,-1.0603650917332053,0.0069259332346425576,0.02,8,D10|D19,중분류 직접 대응,202506,202507,20254,rolling_mean_blend,True,64.28571428571429
진안동,철물·건설자재 소매,-1.0637111736246627,0.011217449327841023,0.0325,13,D10|D19,중분류 직접 대응,202506,202507,20254,rolling_mean_blend,True,60.71428571428571
동탄9동,철물·건설자재 소매,-1.1107926074366068,0.0016458185662703848,0.005,2,D10|D19,중분류 직접 대응,202506,202507,20254,rolling_mean_blend,True,57.14285714285714
동탄2동,철물·건설자재 소매,-1.1786778982912227,0.0007685208378092278,0.0025,1,D10|D19,중분류 직접 대응,202506,202507,20254,rolling_mean_blend,True,53.57142857142857
송산면,철물·건설자재 소매,-1.2204832278617295,0.011802796605364228,0.04,16,D10|D19,중분류 직접 대응,202506,202507,20254,rolling_mean_blend,True,50.0
비봉면,철물·건설자재 소매,-1.2344219698742824,0.007274364058376062,0.025,10,D10|D19,중분류 직접 대응,202506,202507,20254,rolling_mean_blend,True,46.42857142857143
반월동,철물·건설자재 소매,-1.4156780999958787,0.009102778064552246,0.0375,15,D10|D19,중분류 직접 대응,202506,202507,20254,rolling_mean_blend,True,42.857142857142854
새솔동,철물·건설자재 소매,-1.4304268113264071,0.0005972562175026112,0.0025,1,D10|D19,중분류 직접 대응,202506,202507,20254,rolling_mean_blend,True,39.285714285714285
동탄6동,철물·건설자재 소매,-1.5095366031238893,0.004971999352568668,0.0225,9,D10|D19,중분류 직접 대응,202506,202507,20254,rolling_mean_blend,True,35.714285714285715
마도면,철물·건설자재 소매,-1.5753454144687253,0.008276649401063808,0.04,16,D10|D19,중분류 직접 대응,202506,202507,20254,rolling_mean_blend,True,32.142857142857146
정남면,철물·건설자재 소매,-1.6009900720845072,0.017647665117545373,0.0875,35,D10|D19,중분류 직접 대응,202506,202507,20254,rolling_mean_blend,True,28.57142857142857
향남읍,철물·건설자재 소매,-1.9051482123250894,0.0159952118930632,0.1075,43,D10|D19,중분류 직접 대응,202506,202507,20254,rolling_mean_blend,True,25.0
장안면,철물·건설자재 소매,-1.9304284611763902,0.009792451533014012,0.0675,27,D10|D19,중분류 직접 대응,202506,202507,20254,rolling_mean_blend,True,21.428571428571427
매송면,철물·건설자재 소매,-1.9998980582326595,0.001690998852302805,0.0125,5,D10|D19,중분류 직접 대응,202506,202507,20254,rolling_mean_blend,True,17.857142857142858
동탄3동,철물·건설자재 소매,-2.0822952435932627,0.0018687815800896253,0.015,6,D10|D19,중분류 직접 대응,202506,202507,20254,rolling_mean_blend,True,14.285714285714285
기배동,철물·건설자재 소매,-2.150147707102611,0.002328455537087099,0.02,8,D10|D19,중분류 직접 대응,202506,202507,20254,rolling_mean_blend,True,10.714285714285714
서신면,철물·건설자재 소매,-2.272613317510501,0.003090379393394043,0.03,12,D10|D19,중분류 직접 대응,202506,202507,20254,rolling_mean_blend,True,7.142857142857142
병점2동,철물·건설자재 소매,-3.3491176801310973,0.0006135532745425725,0.0175,7,D10|D19,중분류 직접 대응,202506,202507,20254,rolling_mean_blend,True,3.571428571428571
매송면,청소·방제,3.799313526993224,0.41987928016088405,0.009398496240601503,5,F14,중분류 직접 대응,202506,202507,20254,rolling_mean_blend,True,100.0
새솔동,청소·방제,3.157163031321105,0.04420261970459981,0.0018796992481203006,1,F14,중분류 직접 대응,202506,202507,20254,rolling_mean_blend,True,96.42857142857143
동탄8동,청소·방제,1.6368681016002564,0.028983740374657004,0.005639097744360902,3,F14,중분류 직접 대응,202506,202507,20254,rolling_mean_blend,True,92.85714285714286
향남읍,청소·방제,1.1678717634811893,0.27195978008739796,0.08458646616541353,45,F14,중분류 직접 대응,202506,202507,20254,rolling_mean_blend,True,89.28571428571429
화산동,청소·방제,1.1481902508791861,0.13629369093402666,0.043233082706766915,23,F14,중분류 직접 대응,202506,202507,20254,rolling_mean_blend,True,85.71428571428571
동탄7동,청소·방제,-0.2582540556032182,0.011614794577777447,0.015037593984962405,8,F14,중분류 직접 대응,202506,202507,20254,rolling_mean_blend,True,82.14285714285714
팔탄면,청소·방제,-0.9197852555005666,0.014235278249132082,0.03571428571428571,19,F14,중분류 직접 대응,202506,202507,20254,rolling_mean_blend,True,78.57142857142857
봉담읍,청소·방제,-1.376618792620515,0.016606530854050217,0.06578947368421052,35,F14,중분류 직접 대응,202506,202507,20254,rolling_mean_blend,True,75.0
병점2동,청소·방제,-1.4542632567542286,0.0074630127412487115,0.03195488721804511,17,F14,중분류 직접 대응,202506,202507,20254,rolling_mean_blend,True,71.42857142857143
반월동,청소·방제,-1.4642488252726455,0.000868598306656702,0.0037593984962406013,2,F14,중분류 직접 대응,202506,202507,20254,rolling_mean_blend,True,67.85714285714286
남양읍,청소·방제,-1.5489433296408226,0.012779505314726665,0.06015037593984962,32,F14,중분류 직접 대응,202506,202507,20254,rolling_mean_blend,True,64.28571428571429
동탄1동,청소·방제,-2.005528350240969,0.01998511986802308,0.14849624060150377,79,F14,중분류 직접 대응,202506,202507,20254,rolling_mean_blend,True,60.71428571428571
서신면,청소·방제,-2.0388185978551148,0.0014673529401624215,0.011278195488721804,6,F14,중분류 직접 대응,202506,202507,20254,rolling_mean_blend,True,57.14285714285714
동탄5동,청소·방제,-3.3828493588931834,0.005232017993205994,0.15413533834586465,82,F14,중분류 직접 대응,202506,202507,20254,rolling_mean_blend,True,53.57142857142857
정남면,청소·방제,-4.8769421728381275,0.00018521746836101124,0.02443609022556391,13,F14,중분류 직접 대응,202506,202507,20254,rolling_mean_blend,True,50.0
동탄6동,청소·방제,-5.454107346723076,0.00020811340683772063,0.04887218045112782,26,F14,중분류 직접 대응,202506,202507,20254,rolling_mean_blend,True,46.42857142857143
진안동,청소·방제,-6.0579082831212,0.0002056688401759988,0.08834586466165413,47,F14,중분류 직접 대응,202506,202507,20254,rolling_mean_blend,True,42.857142857142854
동탄9동,청소·방제,-8.232280213810848,0.0,0.0037593984962406013,2,F14,중분류 직접 대응,202506,202507,20254,rolling_mean_blend,True,39.285714285714285
동탄2동,청소·방제,-9.330715200586695,0.0,0.011278195488721804,6,F14,중분류 직접 대응,202506,202507,20254,rolling_mean_blend,True,32.142857142857146
병점1동,청소·방제,-9.330715200586695,0.0,0.011278195488721804,6,F14,중분류 직접 대응,202506,202507,20254,rolling_mean_blend,True,32.142857142857146
송산면,청소·방제,-9.330715200586695,0.0,0.011278195488721804,6,F14,중분류 직접 대응,202506,202507,20254,rolling_mean_blend,True,32.142857142857146
양감면,청소·방제,-9.484853214790089,0.0,0.013157894736842105,7,F14,중분류 직접 대응,202506,202507,20254,rolling_mean_blend,True,25.0
마도면,청소·방제,-9.618375108091438,0.0,0.015037593984962405,8,F14,중분류 직접 대응,202506,202507,20254,rolling_mean_blend,True,21.428571428571427
비봉면,청소·방제,-9.736150755322967,0.0,0.016917293233082706,9,F14,중분류 직접 대응,202506,202507,20254,rolling_mean_blend,True,17.857142857142858
장안면,청소·방제,-9.841505360201605,0.0,0.018796992481203006,10,F14,중분류 직접 대응,202506,202507,20254,rolling_mean_blend,True,14.285714285714285
기배동,청소·방제,-9.93681070388788,0.0,0.020676691729323307,11,F14,중분류 직접 대응,202506,202507,20254,rolling_mean_blend,True,10.714285714285714
동탄3동,청소·방제,-10.02381805076127,0.0,0.022556390977443608,12,F14,중분류 직접 대응,202506,202507,20254,rolling_mean_blend,True,5.357142857142857
우정읍,청소·방제,-10.02381805076127,0.0,0.022556390977443608,12,F14,중분류 직접 대응,202506,202507,20254,rolling_mean_blend,True,5.357142857142857
동탄8동,컴퓨터 수리,1.7094419499063722,0.047641395712314384,0.008620689655172414,1,F07,중분류 직접 대응,202506,202507,20254,rolling_mean_blend,True,100.0
향남읍,컴퓨터 수리,1.6055662859050344,0.7299311184128222,0.14655172413793102,17,F07,중분류 직접 대응,202506,202507,20254,rolling_mean_blend,True,95.45454545454545
송산면,컴퓨터 수리,0.4808892395837141,0.013944687500601502,0.008620689655172414,1,F07,중분류 직접 대응,202506,202507,20254,rolling_mean_blend,True,90.9090909090909
화산동,컴퓨터 수리,0.29609381972757304,0.04636573427123816,0.034482758620689655,4,F07,중분류 직접 대응,202506,202507,20254,rolling_mean_blend,True,86.36363636363636
팔탄면,컴퓨터 수리,-0.6026885430260845,0.03302857146474157,0.0603448275862069,7,F07,중분류 직접 대응,202506,202507,20254,rolling_mean_blend,True,81.81818181818183
진안동,컴퓨터 수리,-0.6686541068454134,0.01766840020906525,0.034482758620689655,4,F07,중분류 직접 대응,202506,202507,20254,rolling_mean_blend,True,77.27272727272727
남양읍,컴퓨터 수리,-1.1419921182532922,0.019260334448345455,0.0603448275862069,7,F07,중분류 직접 대응,202506,202507,20254,rolling_mean_blend,True,72.72727272727273
마도면,컴퓨터 수리,-1.2092085918973483,0.002571999886662793,0.008620689655172414,1,F07,중분류 직접 대응,202506,202507,20254,rolling_mean_blend,True,68.18181818181817
동탄3동,컴퓨터 수리,-1.2219920479660662,0.005079340153950167,0.017241379310344827,2,F07,중분류 직접 대응,202506,202507,20254,rolling_mean_blend,True,63.63636363636363
동탄7동,컴퓨터 수리,-1.2299335913875886,0.00755908513276224,0.02586206896551724,3,F07,중분류 직접 대응,202506,202507,20254,rolling_mean_blend,True,59.09090909090909
비봉면,컴퓨터 수리,-1.240467113263404,0.002492815751650007,0.008620689655172414,1,F07,중분류 직접 대응,202506,202507,20254,rolling_mean_blend,True,54.54545454545454
동탄4동,컴퓨터 수리,-1.7167848949929172,0.00309646914050371,0.017241379310344827,2,F07,중분류 직접 대응,202506,202507,20254,rolling_mean_blend,True,50.0
동탄5동,컴퓨터 수리,-1.7968314845242848,0.022871368712076626,0.13793103448275862,16,F07,중분류 직접 대응,202506,202507,20254,rolling_mean_blend,True,45.45454545454545
병점1동,컴퓨터 수리,-1.8762667517070262,0.003960209035867879,0.02586206896551724,3,F07,중분류 직접 대응,202506,202507,20254,rolling_mean_blend,True,40.909090909090914
동탄1동,컴퓨터 수리,-2.0686598340870774,0.017427402900751766,0.13793103448275862,16,F07,중분류 직접 대응,202506,202507,20254,rolling_mean_blend,True,36.36363636363637
봉담읍,컴퓨터 수리,-2.1530140310603203,0.005004874731277467,0.04310344827586207,5,F07,중분류 직접 대응,202506,202507,20254,rolling_mean_blend,True,31.818181818181817
병점2동,컴퓨터 수리,-2.3931960584993335,0.00551082480944042,0.0603448275862069,7,F07,중분류 직접 대응,202506,202507,20254,rolling_mean_blend,True,27.27272727272727
동탄6동,컴퓨터 수리,-2.658826012883368,0.006036172468112702,0.08620689655172414,10,F07,중분류 직접 대응,202506,202507,20254,rolling_mean_blend,True,22.727272727272727
정남면,컴퓨터 수리,-2.9423045001090196,0.00227250274104422,0.04310344827586207,5,F07,중분류 직접 대응,202506,202507,20254,rolling_mean_blend,True,18.181818181818183
반월동,컴퓨터 수리,-3.086484582121501,0.0007863248738956371,0.017241379310344827,2,F07,중분류 직접 대응,202506,202507,20254,rolling_mean_blend,True,13.636363636363635
기배동,컴퓨터 수리,-3.75677336621474,0.00020039396083587605,0.008620689655172414,1,F07,중분류 직접 대응,202506,202507,20254,rolling_mean_blend,True,9.090909090909092
양감면,컴퓨터 수리,-4.13962315647592,0.0001363336276352868,0.008620689655172414,1,F07,중분류 직접 대응,202506,202507,20254,rolling_mean_blend,True,4.545454545454546
향남읍,통신장비 수리,1.700091782931407,0.7299311184128222,0.13333333333333333,4,F07,중분류 직접 대응,202506,202507,20254,rolling_mean_blend,True,100.0
화산동,통신장비 수리,0.3299943714327537,0.04636573427123816,0.03333333333333333,1,F07,중분류 직접 대응,202506,202507,20254,rolling_mean_blend,True,92.85714285714286
동탄5동,통신장비 수리,-1.475250610373104,0.022871368712076626,0.1,3,F07,중분류 직접 대응,202506,202507,20254,rolling_mean_blend,True,85.71428571428571
남양읍,통신장비 수리,-1.6470804959690315,0.019260334448345455,0.1,3,F07,중분류 직접 대응,202506,202507,20254,rolling_mean_blend,True,78.57142857142857
동탄1동,통신장비 수리,-1.7470789599358965,0.017427402900751766,0.1,3,F07,중분류 직접 대응,202506,202507,20254,rolling_mean_blend,True,71.42857142857143
봉담읍,통신장비 수리,-1.895975727889554,0.005004874731277467,0.03333333333333333,1,F07,중분류 직접 대응,202506,202507,20254,rolling_mean_blend,True,64.28571428571429
병점1동,통신장비 수리,-2.130038606114004,0.003960209035867879,0.03333333333333333,1,F07,중분류 직접 대응,202506,202507,20254,rolling_mean_blend,True,57.14285714285714
동탄6동,통신장비 수리,-2.4017843098482574,0.006036172468112702,0.06666666666666667,2,F07,중분류 직접 대응,202506,202507,20254,rolling_mean_blend,True,50.0
병점2동,통신장비 수리,-3.1859640086887286,0.00551082480944042,0.13333333333333333,4,F07,중분류 직접 대응,202506,202507,20254,rolling_mean_blend,True,42.857142857142854
반월동,통신장비 수리,-3.7457022122377084,0.0007863248738956371,0.03333333333333333,1,F07,중분류 직접 대응,202506,202507,20254,rolling_mean_blend,True,35.714285714285715
정남면,통신장비 수리,-3.783858486006354,0.00227250274104422,0.1,3,F07,중분류 직접 대응,202506,202507,20254,rolling_mean_blend,True,28.57142857142857
동탄2동,통신장비 수리,-5.257516290176605,0.0003462201672764548,0.06666666666666667,2,F07,중분류 직접 대응,202506,202507,20254,rolling_mean_blend,True,21.428571428571427
양감면,통신장비 수리,-5.491929972197618,0.0001363336276352868,0.03333333333333333,1,F07,중분류 직접 대응,202506,202507,20254,rolling_mean_blend,True,14.285714285714285
장안면,통신장비 수리,-7.352849197458535,2.0359443884721612e-05,0.03333333333333333,1,F07,중분류 직접 대응,202506,202507,20254,rolling_mean_blend,True,7.142857142857142
동탄8동,한식,0.6749566057439941,0.025403376931271312,0.012934362934362934,67,Q15,중분류 직접 대응,202506,202507,20254,rolling_mean_blend,True,100.0
화산동,한식,0.49361316563563307,0.041114385938324345,0.025096525096525095,130,Q15,중분류 직접 대응,202506,202507,20254,rolling_mean_blend,True,96.55172413793103
동탄1동,한식,0.4228758687001081,0.1429111897163551,0.09362934362934362,485,Q15,중분류 직접 대응,202506,202507,20254,rolling_mean_blend,True,93.10344827586206
동탄9동,한식,0.39264276296336265,0.02058426991934463,0.013899613899613899,72,Q15,중분류 직접 대응,202506,202507,20254,rolling_mean_blend,True,89.65517241379311
반월동,한식,0.3748199210794189,0.03594743665807162,0.02471042471042471,128,Q15,중분류 직접 대응,202506,202507,20254,rolling_mean_blend,True,86.20689655172413
매송면,한식,0.36167714901802817,0.010810026122203347,0.007528957528957529,39,Q15,중분류 직접 대응,202506,202507,20254,rolling_mean_blend,True,82.75862068965517
동탄4동,한식,0.3351451318641334,0.014305725197129393,0.010231660231660231,53,Q15,중분류 직접 대응,202506,202507,20254,rolling_mean_blend,True,79.3103448275862
동탄6동,한식,0.17070425311578186,0.061368041968119624,0.051737451737451735,268,Q15,중분류 직접 대응,202506,202507,20254,rolling_mean_blend,True,75.86206896551724
서신면,한식,0.16909896029466084,0.04412331239192576,0.03725868725868726,193,Q15,중분류 직접 대응,202506,202507,20254,rolling_mean_blend,True,72.41379310344827
기배동,한식,0.09256274360792274,0.0072003647256470415,0.006563706563706564,34,Q15,중분류 직접 대응,202506,202507,20254,rolling_mean_blend,True,68.96551724137932
동탄7동,한식,0.0517510474200144,0.04675992047748402,0.0444015444015444,230,Q15,중분류 직접 대응,202506,202507,20254,rolling_mean_blend,True,65.51724137931035
진안동,한식,0.037319779453963066,0.05751222880751615,0.05540540540540541,287,Q15,중분류 직접 대응,202506,202507,20254,rolling_mean_blend,True,62.06896551724138
정남면,한식,-0.01362377481162677,0.02628042430908646,0.02664092664092664,138,Q15,중분류 직접 대응,202506,202507,20254,rolling_mean_blend,True,58.620689655172406
송산면,한식,-0.03727327103921221,0.023434329464019802,0.024324324324324326,126,Q15,중분류 직접 대응,202506,202507,20254,rolling_mean_blend,True,55.172413793103445
봉담읍,한식,-0.0556110583845286,0.08363419124619888,0.08841698841698842,458,Q15,중분류 직접 대응,202506,202507,20254,rolling_mean_blend,True,51.724137931034484
향남읍,한식,-0.09482279128374206,0.1016640490101616,0.11177606177606178,579,Q15,중분류 직접 대응,202506,202507,20254,rolling_mean_blend,True,48.275862068965516
동탄2동,한식,-0.1240922631498949,0.01006061730083442,0.01138996138996139,59,Q15,중분류 직접 대응,202506,202507,20254,rolling_mean_blend,True,44.827586206896555
동탄5동,한식,-0.1458049691000829,0.06006887060947834,0.0694980694980695,360,Q15,중분류 직접 대응,202506,202507,20254,rolling_mean_blend,True,41.37931034482759
팔탄면,한식,-0.19040131615136624,0.03399048704512233,0.04111969111969112,213,Q15,중분류 직접 대응,202506,202507,20254,rolling_mean_blend,True,37.93103448275862
남양읍,한식,-0.1950300501494042,0.06433148738712584,0.07818532818532818,405,Q15,중분류 직접 대응,202506,202507,20254,rolling_mean_blend,True,34.48275862068966
병점1동,한식,-0.21564166376659244,0.013537276056004913,0.016795366795366796,87,Q15,중분류 직접 대응,202506,202507,20254,rolling_mean_blend,True,31.03448275862069
장안면,한식,-0.5018151227694833,0.016011962592892656,0.026447876447876446,137,Q15,중분류 직접 대응,202506,202507,20254,rolling_mean_blend,True,27.586206896551722
양감면,한식,-0.5832144944104961,0.0062485706552046156,0.011196911196911196,58,Q15,중분류 직접 대응,202506,202507,20254,rolling_mean_blend,True,24.137931034482758
병점2동,한식,-0.6305257559309139,0.006268069674721643,0.011776061776061776,61,Q15,중분류 직접 대응,202506,202507,20254,rolling_mean_blend,True,20.689655172413794
비봉면,한식,-0.639953657934763,0.00692183359276465,0.013127413127413128,68,Q15,중분류 직접 대응,202506,202507,20254,rolling_mean_blend,True,17.24137931034483
동탄3동,한식,-0.6683450781874805,0.008904927709144132,0.017374517374517374,90,Q15,중분류 직접 대응,202506,202507,20254,rolling_mean_blend,True,13.793103448275861
새솔동,한식,-0.7671641685835173,0.008873685935119826,0.01911196911196911,99,Q15,중분류 직접 대응,202506,202507,20254,rolling_mean_blend,True,10.344827586206897
우정읍,한식,-0.799811894283075,0.015182337704511146,0.033783783783783786,175,Q15,중분류 직접 대응,202506,202507,20254,rolling_mean_blend,True,6.896551724137931
마도면,한식,-0.8706093462230299,0.006546600854216224,0.01563706563706564,81,Q15,중분류 직접 대응,202506,202507,20254,rolling_mean_blend,True,3.4482758620689653
동탄9동,회계·세무,4.4140348717161375,0.5859119624952679,0.0070921985815602835,2,F03,중분류 직접 대응,202506,202507,20254,rolling_mean_blend,True,100.0
양감면,회계·세무,1.14618347052131,0.011158750932310665,0.0035460992907801418,1,F03,중분류 직접 대응,202506,202507,20254,rolling_mean_blend,True,95.83333333333334
동탄6동,회계·세무,0.10956227490690541,0.11870113222170504,0.10638297872340426,30,F03,중분류 직접 대응,202506,202507,20254,rolling_mean_blend,True,91.66666666666666
장안면,회계·세무,-0.26836567287078644,0.0027112118842002575,0.0035460992907801418,1,F03,중분류 직접 대응,202506,202507,20254,rolling_mean_blend,True,87.5
동탄1동,회계·세무,-0.33112603810450086,0.05856935297676381,0.08156028368794327,23,F03,중분류 직접 대응,202506,202507,20254,rolling_mean_blend,True,83.33333333333334
동탄3동,회계·세무,-0.3457735634894446,0.007528140778083649,0.010638297872340425,3,F03,중분류 직접 대응,202506,202507,20254,rolling_mean_blend,True,79.16666666666666
화산동,회계·세무,-0.3919631810058967,0.0023958778324131087,0.0035460992907801418,1,F03,중분류 직접 대응,202506,202507,20254,rolling_mean_blend,True,75.0
병점1동,회계·세무,-0.47456713690592656,0.0176493896954284,0.028368794326241134,8,F03,중분류 직접 대응,202506,202507,20254,rolling_mean_blend,True,70.83333333333334
봉담읍,회계·세무,-0.48043825767801607,0.07895863102074613,0.1276595744680851,36,F03,중분류 직접 대응,202506,202507,20254,rolling_mean_blend,True,66.66666666666666
동탄4동,회계·세무,-0.5967639349512772,0.005856896366673103,0.010638297872340425,3,F03,중분류 직접 대응,202506,202507,20254,rolling_mean_blend,True,62.5
동탄2동,회계·세무,-0.7531137517427929,0.0033391730830607614,0.0070921985815602835,2,F03,중분류 직접 대응,202506,202507,20254,rolling_mean_blend,True,58.333333333333336
향남읍,회계·세무,-0.9479897242718411,0.03435393198038726,0.08865248226950355,25,F03,중분류 직접 대응,202506,202507,20254,rolling_mean_blend,True,54.166666666666664
진안동,회계·세무,-0.9535438113604716,0.009565379637912489,0.024822695035460994,7,F03,중분류 직접 대응,202506,202507,20254,rolling_mean_blend,True,50.0
마도면,회계·세무,-1.0602287778570998,0.0024559177097361884,0.0070921985815602835,2,F03,중분류 직접 대응,202506,202507,20254,rolling_mean_blend,True,45.83333333333333
새솔동,회계·세무,-1.1834122237973064,0.003257093695944863,0.010638297872340425,3,F03,중분류 직접 대응,202506,202507,20254,rolling_mean_blend,True,41.66666666666667
남양읍,회계·세무,-1.2810788556963273,0.017727203274365555,0.06382978723404255,18,F03,중분류 직접 대응,202506,202507,20254,rolling_mean_blend,True,37.5
팔탄면,회계·세무,-1.6559865848561066,0.010153638783742612,0.05319148936170213,15,F03,중분류 직접 대응,202506,202507,20254,rolling_mean_blend,True,33.33333333333333
송산면,회계·세무,-2.239825817240186,0.0015094192320903807,0.014184397163120567,4,F03,중분류 직접 대응,202506,202507,20254,rolling_mean_blend,True,29.166666666666668
반월동,회계·세무,-2.4885901736603935,0.0020600353803230365,0.024822695035460994,7,F03,중분류 직접 대응,202506,202507,20254,rolling_mean_blend,True,25.0
동탄5동,회계·세무,-2.8556578579760132,0.014888461103824921,0.25886524822695034,73,F03,중분류 직접 대응,202506,202507,20254,rolling_mean_blend,True,20.833333333333336
우정읍,회계·세무,-3.1598324210714197,0.0001495135368814563,0.0035460992907801418,1,F03,중분류 직접 대응,202506,202507,20254,rolling_mean_blend,True,16.666666666666664
정남면,회계·세무,-3.4962604079280095,0.000751419122962591,0.024822695035460994,7,F03,중분류 직접 대응,202506,202507,20254,rolling_mean_blend,True,12.5
동탄7동,회계·세무,-5.367405755526498,6.519219727995605e-05,0.014184397163120567,4,F03,중분류 직접 대응,202506,202507,20254,rolling_mean_blend,True,8.333333333333332
병점2동,회계·세무,-9.96540995514975,0.0,0.02127659574468085,6,F03,중분류 직접 대응,202506,202507,20254,rolling_mean_blend,True,4.166666666666666
