{"type":"FeatureCollection", "features": [
{"type":"Feature","geometry":{"type":"Polygon","coordinates":[[[126.970476,37.22936],[126.969865,37.229745],[126.969691,37.229952],[126.96942,37.23043],[126.969318,37.230799],[126.969287,37.231474],[126.968991,37.23188],[126.968751,37.232691],[126.968588,37.23301],[126.968303,37.233272],[126.968196,37.233579],[126.968142,37.233998],[126.968133,37.234425],[126.96788,37.234818],[126.96695,37.235489],[126.966549,37.235723],[126.965738,37.236146],[126.96505,37.236565],[126.964346,37.237078],[126.964058,37.237222],[126.963444,37.237451],[126.962813,37.237627],[126.962159,37.237753],[126.961635,37.23791],[126.960914,37.238198],[126.960463,37.238414],[126.959324,37.239036],[126.957763,37.239806],[126.957565,37.240013],[126.957492,37.24027],[126.957869,37.240964],[126.957959,37.241247],[126.957931,37.241419],[126.957998,37.242459],[126.957975,37.242932],[126.957721,37.243478],[126.957292,37.24428],[126.956779,37.244707],[126.956696,37.245127],[126.956197,37.245244],[126.955741,37.245172],[126.955453,37.244528],[126.95455,37.243445],[126.954311,37.24313],[126.953846,37.242855],[126.953516,37.242801],[126.953216,37.242465],[126.951654,37.24258],[126.951102,37.242594],[126.950354,37.242803],[126.949803,37.243047],[126.949131,37.243152],[126.948757,37.243284],[126.948507,37.243285],[126.948072,37.242959],[126.947938,37.242742],[126.947899,37.242489],[126.948006,37.242308],[126.948029,37.24208],[126.947973,37.241803],[126.94779,37.241274],[126.947404,37.240448],[126.947154,37.240148],[126.947048,37.240112],[126.946731,37.239567],[126.946462,37.239243],[126.946085,37.23907],[126.945455,37.239],[126.945,37.23902],[126.944197,37.238913],[126.943973,37.238957],[126.943492,37.239149],[126.942793,37.239317],[126.942407,37.239467],[126.94216,37.239818],[126.941781,37.239946],[126.941464,37.240153],[126.940842,37.240786],[126.940113,37.241637],[126.939783,37.241913],[126.938919,37.242425],[126.938169,37.242746],[126.937586,37.242884],[126.936972,37.242884],[126.936617,37.242729],[126.936032,37.242919],[126.935475,37.243236],[126.934722,37.243333],[126.933561,37.243562],[126.932993,37.243603],[126.932084,37.243829],[126.931818,37.244181],[126.931433,37.244247],[126.931122,37.24437],[126.931057,37.244284],[126.931275,37.243943],[126.931467,37.243492],[126.931676,37.243314],[126.931977,37.242808],[126.931445,37.242913],[126.931007,37.242788],[126.930709,37.242808],[126.93037,37.24236],[126.93004,37.241792],[126.930025,37.241495],[126.92962,37.240677],[126.929401,37.23948],[126.929413,37.238879],[126.929579,37.238247],[126.929696,37.238004],[126.929566,37.237818],[126.928405,37.236888],[126.928115,37.23651],[126.928265,37.236123],[126.928176,37.235705],[126.928054,37.235411],[126.927593,37.235757],[126.927379,37.235609],[126.926748,37.23577],[126.926608,37.235754],[126.926197,37.235567],[126.925454,37.235347],[126.925107,37.235304],[126.92473,37.235366],[126.924363,37.235211],[126.924386,37.235487],[126.924486,37.235806],[126.924285,37.236397],[126.924306,37.236862],[126.924512,37.237161],[126.924751,37.237607],[126.92485,37.237678],[126.925039,37.238137],[126.925201,37.238279],[126.925214,37.238622],[126.925303,37.238987],[126.925158,37.239026],[126.923104,37.239235],[126.922457,37.239436],[126.922107,37.239602],[126.921821,37.239854],[126.921362,37.239927],[126.920036,37.239082],[126.919241,37.239168],[126.918567,37.239636],[126.917009,37.240414],[126.915973,37.239392],[126.915337,37.238938],[126.914504,37.238623],[126.913817,37.238798],[126.913759,37.238357],[126.912771,37.238506],[126.91243,37.238582],[126.912198,37.237493],[126.912503,37.23681],[126.912361,37.236007],[126.912245,37.235553],[126.912053,37.235131],[126.9127,37.234806],[126.912746,37.234573],[126.912621,37.234175],[126.913184,37.233331],[126.913514,37.233035],[126.913775,37.233013],[126.912068,37.231814],[126.911015,37.230776],[126.910718,37.230458],[126.910115,37.229297],[126.910165,37.228933],[126.910051,37.228177],[126.909846,37.228091],[126.909362,37.22806],[126.908715,37.227753],[126.90809,37.227268],[126.908366,37.226655],[126.908459,37.226177],[126.908833,37.225312],[126.909331,37.224538],[126.90934,37.224158],[126.909529,37.222928],[126.909555,37.22242],[126.909742,37.222343],[126.90976,37.221876],[126.908672,37.221655],[126.908264,37.221524],[126.907433,37.220833],[126.906971,37.220219],[126.906478,37.220254],[126.906329,37.220031],[126.906142,37.21925],[126.905536,37.218592],[126.905371,37.218136],[126.905052,37.217857],[126.904019,37.217611],[126.903579,37.217044],[126.902823,37.21665],[126.903274,37.216309],[126.903679,37.215257],[126.903739,37.214852],[126.90408,37.214327],[126.904387,37.213965],[126.904645,37.213445],[126.90555,37.212895],[126.905988,37.212437],[126.906587,37.212135],[126.906907,37.211919],[126.90713,37.211711],[126.907318,37.211332],[126.907255,37.210475],[126.907311,37.210312],[126.907232,37.209881],[126.906889,37.209594],[126.906881,37.209433],[126.907512,37.208731],[126.907562,37.208119],[126.908293,37.208055],[126.908504,37.207902],[126.907928,37.207035],[126.907556,37.206442],[126.907068,37.205738],[126.906739,37.205139],[126.907034,37.204584],[126.906995,37.204132],[126.906925,37.204005],[126.90688,37.20345],[126.90698,37.20314],[126.906929,37.202804],[126.90673,37.202609],[126.906744,37.202395],[126.90702,37.201731],[126.906545,37.20142],[126.906542,37.20115],[126.906327,37.199793],[126.906187,37.1992],[126.905482,37.199102],[126.904804,37.199146],[126.904269,37.198905],[126.903985,37.198667],[126.903312,37.197989],[126.903105,37.197726],[126.90312,37.19755],[126.902507,37.196854],[126.901864,37.196012],[126.901049,37.195967],[126.900835,37.195658],[126.900926,37.195103],[126.900867,37.194896],[126.900644,37.194436],[126.900085,37.193968],[126.900025,37.193861],[126.900426,37.193237],[126.900518,37.192891],[126.900741,37.192751],[126.900961,37.192463],[126.901181,37.192342],[126.90171,37.192306],[126.902065,37.192095],[126.902461,37.191921],[126.902735,37.192136],[126.902948,37.192239],[126.903475,37.192292],[126.903533,37.192131],[126.904312,37.191991],[126.9047,37.192149],[126.905035,37.192022],[126.905888,37.191328],[126.906265,37.191167],[126.906705,37.191756],[126.907467,37.191763],[126.908013,37.191707],[126.908216,37.191638],[126.908352,37.191692],[126.908572,37.192193],[126.908824,37.192312],[126.909318,37.192184],[126.909583,37.191848],[126.910302,37.191435],[126.910659,37.191483],[126.910751,37.191662],[126.911691,37.191456],[126.911888,37.191455],[126.912346,37.191831],[126.912656,37.191788],[126.913087,37.19165],[126.913599,37.191654],[126.914694,37.191878],[126.915202,37.191458],[126.915476,37.191405],[126.917712,37.190867],[126.918564,37.19013],[126.919265,37.189876],[126.919955,37.189665],[126.919808,37.189094],[126.920002,37.188514],[126.919655,37.188029],[126.919234,37.187666],[126.919351,37.187044],[126.919517,37.186591],[126.920004,37.186202],[126.920385,37.186028],[126.92043,37.185421],[126.920256,37.185164],[126.920402,37.184439],[126.920606,37.184025],[126.920801,37.18375],[126.920903,37.183196],[126.920918,37.18256],[126.921021,37.182241],[126.920971,37.181776],[126.920502,37.180761],[126.920782,37.180381],[126.920991,37.179829],[126.920792,37.179061],[126.919442,37.178977],[126.91913,37.178845],[126.919075,37.178682],[126.919433,37.177651],[126.91918,37.177347],[126.918021,37.176913],[126.917541,37.176604],[126.917156,37.175973],[126.917314,37.175508],[126.917767,37.174993],[126.917883,37.174529],[126.918269,37.173965],[126.918953,37.173451],[126.919001,37.1733],[126.919481,37.173193],[126.919656,37.171636],[126.919727,37.171201],[126.919639,37.170759],[126.91941,37.170406],[126.919006,37.169962],[126.918651,37.16981],[126.9187,37.169625],[126.918953,37.169506],[126.919598,37.169325],[126.920694,37.16917],[126.921327,37.16886],[126.922301,37.1685],[126.92274,37.168407],[126.923257,37.168448],[126.923275,37.168304],[126.922866,37.16791],[126.922396,37.167804],[126.92206,37.167605],[126.921903,37.167415],[126.921464,37.167331],[126.920839,37.167087],[126.920139,37.167047],[126.9198,37.166988],[126.918687,37.167067],[126.918093,37.166845],[126.917357,37.166783],[126.917045,37.16622],[126.916518,37.165923],[126.915986,37.165983],[126.915723,37.166167],[126.915583,37.166142],[126.915308,37.165558],[126.915187,37.164675],[126.91523,37.164578],[126.915271,37.164024],[126.914948,37.163617],[126.914887,37.163398],[126.915079,37.162782],[126.914967,37.162528],[126.915039,37.161556],[126.914233,37.160671],[126.914524,37.160602],[126.91439,37.160462],[126.914619,37.16009],[126.915324,37.159721],[126.91553,37.159413],[126.91588,37.159153],[126.915548,37.158331],[126.914949,37.157348],[126.916301,37.156928],[126.916736,37.156693],[126.917462,37.156139],[126.917016,37.155806],[126.91718,37.155633],[126.918433,37.155005],[126.919202,37.154554],[126.919592,37.154379],[126.920548,37.154686],[126.920767,37.155036],[126.920967,37.155032],[126.922016,37.156023],[126.92231,37.156153],[126.922426,37.156655],[126.922866,37.157808],[126.923587,37.15837],[126.924218,37.159189],[126.924193,37.159399],[126.92428,37.159598],[126.925254,37.159894],[126.925013,37.160516],[126.925937,37.160655],[126.926186,37.160956],[126.926786,37.161028],[126.927382,37.161005],[126.929503,37.161419],[126.92987,37.161755],[126.930754,37.161729],[126.931244,37.161374],[126.931414,37.161064],[126.931912,37.160959],[126.932923,37.160688],[126.933199,37.160585],[126.933627,37.16067],[126.933817,37.160769],[126.934271,37.1607],[126.934978,37.16039],[126.935196,37.160169],[126.935643,37.160041],[126.936006,37.159891],[126.93694,37.159708],[126.93699,37.159475],[126.937289,37.158574],[126.937463,37.157338],[126.936817,37.156891],[126.93582,37.155482],[126.935402,37.154092],[126.935074,37.15306],[126.934777,37.151276],[126.934477,37.150677],[126.93403,37.150235],[126.933433,37.149868],[126.933282,37.149811],[126.933213,37.149446],[126.932783,37.149527],[126.932546,37.149496],[126.931976,37.149289],[126.931445,37.149208],[126.931134,37.148714],[126.930556,37.148478],[126.930244,37.148453],[126.929957,37.148369],[126.929468,37.147964],[126.929123,37.147328],[126.929045,37.146375],[126.929148,37.146175],[126.929294,37.145923],[126.928907,37.145289],[126.928846,37.145086],[126.928499,37.144697],[126.928566,37.144218],[126.928579,37.143794],[126.928673,37.143211],[126.92928,37.143317],[126.92949,37.143416],[126.93001,37.143526],[126.930658,37.143517],[126.93131,37.143376],[126.931881,37.143355],[126.932724,37.143468],[126.932906,37.143547],[126.933091,37.143805],[126.933477,37.143963],[126.933729,37.14424],[126.933891,37.144307],[126.934306,37.144704],[126.935565,37.145609],[126.936253,37.145346],[126.937057,37.145231],[126.937813,37.144901],[126.938269,37.144935],[126.938705,37.144811],[126.938941,37.144808],[126.940603,37.143569],[126.941268,37.143113],[126.942065,37.142818],[126.942256,37.142945],[126.942392,37.143277],[126.942935,37.144131],[126.943504,37.144179],[126.944176,37.143841],[126.944987,37.143881],[126.945362,37.143944],[126.945873,37.144153],[126.945934,37.144458],[126.945856,37.144718],[126.945436,37.145753],[126.945109,37.146089],[126.94532,37.146465],[126.945794,37.147798],[126.945681,37.148397],[126.94566,37.149515],[126.945868,37.150095],[126.946357,37.150463],[126.945252,37.151456],[126.944707,37.15218],[126.944486,37.152806],[126.943908,37.153708],[126.943823,37.154921],[126.943739,37.155361],[126.94389,37.155916],[126.943795,37.156182],[126.943843,37.15658],[126.943762,37.157159],[126.944243,37.157666],[126.94383,37.158254],[126.944743,37.158785],[126.944778,37.159286],[126.945066,37.159592],[126.944957,37.159963],[126.944753,37.160326],[126.944673,37.16061],[126.944706,37.161648],[126.945094,37.162011],[126.945293,37.162525],[126.945401,37.162647],[126.945059,37.163481],[126.945379,37.164281],[126.945654,37.164851],[126.945538,37.165117],[126.94556,37.165492],[126.945375,37.165798],[126.945417,37.166393],[126.94534,37.16673],[126.9456,37.167018],[126.945731,37.167296],[126.945096,37.167688],[126.94487,37.168177],[126.944825,37.168416],[126.944873,37.168679],[126.944698,37.169144],[126.944753,37.169306],[126.944912,37.170125],[126.944921,37.170353],[126.944719,37.171048],[126.944472,37.171238],[126.944065,37.171317],[126.943893,37.171654],[126.943699,37.171846],[126.944246,37.172414],[126.945161,37.173048],[126.946042,37.173442],[126.946434,37.173471],[126.947018,37.173686],[126.947494,37.17378],[126.948133,37.173864],[126.948121,37.173755],[126.948967,37.174196],[126.94909,37.175314],[126.949211,37.175739],[126.949446,37.17603],[126.950403,37.176525],[126.951542,37.176852],[126.952027,37.177127],[126.951871,37.177244],[126.9518,37.177448],[126.951757,37.178115],[126.950851,37.178735],[126.950797,37.178897],[126.950859,37.179316],[126.950371,37.179936],[126.950544,37.180321],[126.950263,37.180464],[126.949877,37.181329],[126.94977,37.181803],[126.949378,37.182207],[126.949262,37.182835],[126.949462,37.183012],[126.94951,37.183161],[126.949373,37.183522],[126.94962,37.18425],[126.949738,37.18452],[126.950049,37.185035],[126.9502,37.185347],[126.95112,37.186896],[126.952602,37.189174],[126.951887,37.189688],[126.951817,37.190492],[126.951428,37.190808],[126.950783,37.19173],[126.950898,37.192301],[126.950317,37.193465],[126.950628,37.193545],[126.951084,37.193992],[126.951395,37.194452],[126.951307,37.194484],[126.951887,37.194924],[126.952064,37.195103],[126.952446,37.195043],[126.953384,37.196125],[126.953684,37.196524],[126.953799,37.196757],[126.955154,37.197038],[126.955429,37.197171],[126.956419,37.197394],[126.956856,37.197434],[126.957508,37.197324],[126.957958,37.197393],[126.958175,37.197475],[126.958442,37.197472],[126.958614,37.197382],[126.958787,37.197148],[126.959193,37.197064],[126.959754,37.196993],[126.960683,37.197016],[126.961592,37.197165],[126.961877,37.197161],[126.962118,37.197353],[126.962648,37.197285],[126.963117,37.197314],[126.963912,37.197281],[126.964769,37.197618],[126.965665,37.197856],[126.966363,37.197892],[126.966933,37.198043],[126.967254,37.198074],[126.967545,37.198224],[126.967771,37.198275],[126.968688,37.198267],[126.968865,37.198296],[126.969108,37.198189],[126.969542,37.197676],[126.969853,37.197266],[126.970556,37.196751],[126.971084,37.196081],[126.971195,37.195864],[126.971236,37.195554],[126.971437,37.195406],[126.972052,37.195444],[126.97255,37.195254],[126.972751,37.195223],[126.973129,37.195335],[126.973369,37.19566],[126.973381,37.195822],[126.973734,37.195897],[126.974064,37.196095],[126.974322,37.196565],[126.975018,37.196821],[126.975151,37.196936],[126.975296,37.197239],[126.975541,37.197359],[126.975841,37.197619],[126.976117,37.197794],[126.976911,37.197917],[126.977193,37.197912],[126.978054,37.198101],[126.978591,37.198111],[126.978757,37.198167],[126.979188,37.197975],[126.979683,37.198003],[126.980103,37.197958],[126.980429,37.197977],[126.980753,37.197933],[126.981062,37.197994],[126.981081,37.19777],[126.98095,37.197582],[126.981383,37.197394],[126.981675,37.197361],[126.981679,37.197221],[126.982036,37.196987],[126.982451,37.196288],[126.982748,37.196188],[126.983545,37.196063],[126.984471,37.195728],[126.984392,37.195868],[126.98442,37.196189],[126.983946,37.196228],[126.98396,37.196474],[126.983875,37.196592],[126.983719,37.197541],[126.984175,37.198266],[126.984527,37.198583],[126.984862,37.199003],[126.984895,37.199118],[126.98487,37.199664],[126.984893,37.200099],[126.985131,37.200586],[126.985396,37.20089],[126.985099,37.201699],[126.985144,37.20238],[126.984867,37.202406],[126.984762,37.202556],[126.984397,37.202787],[126.984103,37.202777],[126.983782,37.203025],[126.983578,37.203261],[126.983418,37.203291],[126.982887,37.204102],[126.98292,37.204138],[126.982333,37.204797],[126.98221,37.204814],[126.981744,37.205334],[126.981491,37.205745],[126.981322,37.205884],[126.981045,37.206234],[126.980198,37.206733],[126.979895,37.206965],[126.979751,37.207661],[126.980303,37.208072],[126.97975,37.208772],[126.97984,37.208904],[126.979834,37.209137],[126.979271,37.209414],[126.979167,37.209867],[126.979377,37.210721],[126.979552,37.211065],[126.979646,37.211622],[126.979669,37.212419],[126.979716,37.212563],[126.979904,37.212598],[126.980059,37.212925],[126.980795,37.212895],[126.981097,37.213006],[126.981807,37.213181],[126.981357,37.213669],[126.981084,37.213899],[126.980715,37.214077],[126.980597,37.214552],[126.98035,37.214989],[126.979571,37.215769],[126.979271,37.21633],[126.978975,37.21662],[126.978845,37.216862],[126.978833,37.21713],[126.978614,37.2174],[126.978593,37.217516],[126.978798,37.21772],[126.978888,37.218113],[126.978839,37.218351],[126.978673,37.218677],[126.978289,37.219085],[126.978088,37.219241],[126.977729,37.219643],[126.977715,37.219999],[126.977864,37.220337],[126.978347,37.22086],[126.978172,37.220946],[126.977189,37.220802],[126.976951,37.220734],[126.976031,37.221528],[126.975709,37.221983],[126.97541,37.221921],[126.975023,37.221956],[126.97433,37.222434],[126.974182,37.222388],[126.973894,37.222777],[126.973163,37.223307],[126.972851,37.223578],[126.972707,37.223858],[126.972378,37.224301],[126.972132,37.224696],[126.971971,37.225138],[126.971882,37.225891],[126.971877,37.226568],[126.971723,37.227019],[126.971649,37.227385],[126.971444,37.227943],[126.971255,37.228215],[126.971121,37.228526],[126.970686,37.229198],[126.970476,37.22936]]]},"properties":{"dong_name":"봉담읍","ADM_CD":"31240120"}},
{"type":"Feature","geometry":{"type":"MultiPolygon","coordinates":[[[[126.725656,37.009092],[126.725857,37.009193],[126.725946,37.009404],[126.725866,37.009491],[126.725435,37.009569],[126.725456,37.009295],[126.725656,37.009092]]],[[[126.72468,37.010737],[126.724437,37.011028],[126.723843,37.010721],[126.723928,37.010394],[126.724389,37.01013],[126.72474,37.010363],[126.724749,37.010637],[126.72468,37.010737]]],[[[126.727659,37.013603],[126.727263,37.013599],[126.727362,37.013362],[126.727658,37.012906],[126.727877,37.012105],[126.727786,37.012039],[126.727381,37.01207],[126.727466,37.011933],[126.72778,37.011871],[126.728321,37.011691],[126.728726,37.011796],[126.729187,37.012264],[126.72948,37.012725],[126.729047,37.012657],[126.729011,37.012867],[126.728459,37.012776],[126.728331,37.012793],[126.727961,37.013227],[126.727785,37.01352],[126.727659,37.013603]]],[[[126.740801,37.014477],[126.740799,37.014253],[126.740608,37.014129],[126.740645,37.013987],[126.741122,37.013795],[126.741562,37.013782],[126.741818,37.013889],[126.741677,37.014082],[126.741349,37.01402],[126.741203,37.014201],[126.740955,37.014302],[126.740801,37.014477]]],[[[126.740141,37.014502],[126.739792,37.014622],[126.739735,37.014469],[126.740002,37.014426],[126.740141,37.014502]]],[[[126.733722,37.038771],[126.733631,37.038877],[126.733369,37.038806],[126.732466,37.038742],[126.731751,37.038739],[126.730613,37.038774],[126.729755,37.038846],[126.729785,37.038769],[126.73059,37.038676],[126.73154,37.038664],[126.732122,37.03859],[126.732985,37.038569],[126.733696,37.038275],[126.733649,37.038683],[126.733722,37.038771]]],[[[126.737456,37.039794],[126.737388,37.03995],[126.737213,37.039996],[126.737182,37.039792],[126.737456,37.039794]]],[[[126.731083,37.046158],[126.730775,37.046275],[126.730573,37.046149],[126.73023,37.046163],[126.729874,37.045916],[126.728983,37.045782],[126.728483,37.045574],[126.728102,37.045546],[126.727197,37.045336],[126.726424,37.045],[126.726024,37.044688],[126.72526,37.044547],[126.724765,37.044555],[126.724065,37.04474],[126.723757,37.04477],[126.723656,37.044573],[126.723778,37.044445],[126.724137,37.044441],[126.724365,37.044516],[126.725002,37.04436],[126.725149,37.044362],[126.725683,37.04449],[126.725671,37.044154],[126.725391,37.044025],[126.72548,37.043664],[126.725593,37.043666],[126.725876,37.044127],[126.725921,37.044517],[126.726297,37.044617],[126.72649,37.044751],[126.726974,37.04494],[126.727811,37.045208],[126.72827,37.045331],[126.728672,37.045258],[126.728712,37.045471],[126.729641,37.045733],[126.730085,37.045676],[126.731126,37.045346],[126.731922,37.045352],[126.732654,37.045465],[126.73331,37.045661],[126.733911,37.045739],[126.734065,37.045942],[126.733661,37.046107],[126.73353,37.046025],[126.733244,37.045996],[126.73275,37.045815],[126.732258,37.045673],[126.731918,37.045636],[126.731757,37.045686],[126.731628,37.045935],[126.731083,37.046158]]],[[[126.719848,37.048701],[126.719718,37.048729],[126.719774,37.048365],[126.720031,37.048455],[126.719848,37.048701]]],[[[126.549208,37.050735],[126.548787,37.05071],[126.54875,37.050592],[126.548961,37.050492],[126.549215,37.050657],[126.549208,37.050735]]],[[[126.559273,37.061661],[126.559134,37.061682],[126.558847,37.061949],[126.559041,37.062049],[126.55805,37.062741],[126.557633,37.06318],[126.55718,37.063966],[126.557106,37.06419],[126.557182,37.064325],[126.557556,37.064389],[126.55755,37.064592],[126.557148,37.064688],[126.55675,37.064594],[126.556518,37.064334],[126.556122,37.063585],[126.55569,37.062914],[126.555502,37.062664],[126.555088,37.062004],[126.554796,37.061637],[126.55425,37.061082],[126.554101,37.060966],[126.553982,37.060718],[126.553662,37.060351],[126.553379,37.059939],[126.553198,37.059839],[126.553091,37.059512],[126.552928,37.059292],[126.552503,37.058878],[126.552241,37.058697],[126.551868,37.058348],[126.551697,37.058296],[126.551364,37.058401],[126.551142,37.058309],[126.551241,37.058102],[126.551523,37.057942],[126.551399,37.057694],[126.551564,37.057479],[126.551775,37.057402],[126.551922,37.057213],[126.551962,37.056867],[126.552257,37.056657],[126.552296,37.056467],[126.552118,37.056287],[126.551784,37.055612],[126.551311,37.055027],[126.551203,37.054806],[126.551041,37.054816],[126.550908,37.055035],[126.5507,37.055055],[126.550432,37.054771],[126.550078,37.054601],[126.549573,37.054513],[126.549402,37.054358],[126.549316,37.054079],[126.54935,37.053863],[126.549695,37.053334],[126.549533,37.052988],[126.549578,37.052848],[126.549746,37.052756],[126.550075,37.05314],[126.550299,37.053292],[126.550476,37.053561],[126.550837,37.05376],[126.550891,37.053976],[126.551047,37.054124],[126.551037,37.054371],[126.551257,37.054623],[126.551514,37.054687],[126.552037,37.055453],[126.552352,37.055787],[126.552467,37.056016],[126.552644,37.056706],[126.552572,37.056794],[126.552796,37.057022],[126.553277,37.057766],[126.553471,37.057986],[126.553732,37.058112],[126.554277,37.058113],[126.554625,37.05826],[126.554855,37.05865],[126.554824,37.058864],[126.55508,37.059197],[126.555269,37.059565],[126.555446,37.059598],[126.555687,37.059816],[126.55603,37.059859],[126.556403,37.060092],[126.556702,37.059919],[126.557209,37.059689],[126.557243,37.059825],[126.55645,37.060185],[126.556392,37.060235],[126.557163,37.060705],[126.557642,37.060966],[126.557888,37.061151],[126.558426,37.061207],[126.558737,37.060838],[126.558744,37.060747],[126.560094,37.060893],[126.560532,37.060964],[126.560255,37.061099],[126.559799,37.061051],[126.559777,37.061257],[126.559927,37.061309],[126.559957,37.06159],[126.559884,37.06174],[126.560145,37.061744],[126.560196,37.06191],[126.559443,37.061792],[126.559273,37.061661]]],[[[126.554697,37.068021],[126.554477,37.067925],[126.554224,37.067942],[126.55428,37.067684],[126.55462,37.067792],[126.554697,37.068021]]],[[[126.553864,37.072786],[126.553409,37.072523],[126.553283,37.0724],[126.553191,37.072169],[126.553296,37.072038],[126.553858,37.071857],[126.554067,37.071604],[126.55401,37.071416],[126.554106,37.071292],[126.554231,37.070824],[126.554248,37.070512],[126.554097,37.070217],[126.554357,37.07003],[126.554243,37.069918],[126.554221,37.069708],[126.554418,37.069705],[126.554686,37.069598],[126.554716,37.069279],[126.55462,37.068969],[126.554311,37.068823],[126.554304,37.068627],[126.554457,37.068321],[126.554868,37.068303],[126.554902,37.068445],[126.554795,37.068708],[126.554813,37.068882],[126.554959,37.069242],[126.555105,37.069364],[126.555364,37.069321],[126.55559,37.069447],[126.555275,37.069517],[126.55512,37.069705],[126.554855,37.070305],[126.555104,37.070568],[126.555179,37.070825],[126.555122,37.07117],[126.554939,37.071355],[126.554789,37.071639],[126.554609,37.071654],[126.55439,37.071792],[126.554269,37.072138],[126.554288,37.072312],[126.554058,37.07265],[126.553864,37.072786]]],[[[126.535542,37.114537],[126.535275,37.114467],[126.535421,37.114063],[126.535545,37.113989],[126.535633,37.113761],[126.535879,37.113614],[126.536005,37.113382],[126.536806,37.113268],[126.536891,37.113081],[126.537125,37.112831],[126.537772,37.112634],[126.53783,37.112194],[126.537984,37.112085],[126.537981,37.111922],[126.5382,37.111406],[126.538165,37.111042],[126.538274,37.110906],[126.53817,37.11051],[126.537969,37.110054],[126.537955,37.109877],[126.537741,37.109618],[126.537463,37.109542],[126.537333,37.109271],[126.537355,37.109087],[126.537262,37.108893],[126.537359,37.108655],[126.537429,37.108296],[126.537402,37.107909],[126.537498,37.107754],[126.537413,37.107377],[126.537426,37.107181],[126.537674,37.10695],[126.538056,37.10672],[126.538092,37.106446],[126.538356,37.106273],[126.538481,37.106034],[126.538546,37.105663],[126.538491,37.105036],[126.53844,37.104781],[126.538226,37.104286],[126.53819,37.104072],[126.537877,37.103493],[126.537817,37.10328],[126.537663,37.103097],[126.53744,37.103],[126.537379,37.102884],[126.537718,37.10246],[126.53791,37.102278],[126.537916,37.101999],[126.538138,37.101704],[126.538505,37.101454],[126.538704,37.101393],[126.538878,37.101193],[126.538994,37.100946],[126.539058,37.100569],[126.538953,37.10017],[126.538569,37.100011],[126.538695,37.099724],[126.538498,37.099482],[126.538759,37.099368],[126.538816,37.099259],[126.539092,37.09919],[126.539231,37.098993],[126.539136,37.098665],[126.539251,37.098544],[126.539098,37.098308],[126.539064,37.09809],[126.539196,37.097973],[126.53909,37.097558],[126.538761,37.096805],[126.538633,37.096611],[126.538151,37.096543],[126.537946,37.096311],[126.538143,37.096102],[126.538385,37.095977],[126.538372,37.095831],[126.538049,37.09557],[126.538228,37.095354],[126.538122,37.095136],[126.53792,37.095119],[126.537699,37.095256],[126.537488,37.095058],[126.538155,37.094881],[126.538406,37.094728],[126.538394,37.094498],[126.538167,37.094304],[126.538068,37.0944],[126.537751,37.094287],[126.537964,37.094028],[126.538344,37.093942],[126.538754,37.09418],[126.538446,37.094388],[126.538463,37.094535],[126.538673,37.094654],[126.539068,37.094652],[126.539289,37.094473],[126.539433,37.094527],[126.539677,37.094829],[126.53967,37.094996],[126.539363,37.095372],[126.539374,37.095651],[126.539318,37.096165],[126.539195,37.096191],[126.539244,37.096509],[126.539068,37.09664],[126.539134,37.096867],[126.539482,37.097653],[126.539641,37.097801],[126.539951,37.09772],[126.540155,37.097897],[126.540016,37.098051],[126.539899,37.098312],[126.539457,37.098377],[126.539385,37.098645],[126.539497,37.099034],[126.539824,37.099792],[126.540168,37.100513],[126.540435,37.100949],[126.540666,37.101391],[126.540672,37.101498],[126.540919,37.102028],[126.541139,37.102406],[126.541281,37.102372],[126.541665,37.102554],[126.541947,37.102826],[126.541931,37.103153],[126.541849,37.103514],[126.541762,37.103591],[126.542432,37.103677],[126.542592,37.103731],[126.542614,37.104372],[126.542664,37.10454],[126.542431,37.104604],[126.542402,37.103732],[126.54195,37.103685],[126.541863,37.104816],[126.541941,37.105106],[126.542126,37.105222],[126.542086,37.10542],[126.54168,37.105449],[126.541507,37.105384],[126.541354,37.105581],[126.541253,37.105867],[126.541301,37.106103],[126.541224,37.106269],[126.541228,37.107053],[126.541323,37.107551],[126.541623,37.107577],[126.54163,37.107881],[126.541425,37.107931],[126.541346,37.108487],[126.541366,37.108953],[126.541458,37.109152],[126.54138,37.109384],[126.541386,37.109651],[126.541274,37.10993],[126.54115,37.110472],[126.541171,37.110954],[126.540821,37.111563],[126.540815,37.111728],[126.540933,37.111902],[126.540608,37.112038],[126.54043,37.111998],[126.539821,37.112149],[126.539437,37.112646],[126.539219,37.112567],[126.538706,37.112716],[126.538458,37.112669],[126.538245,37.112543],[126.537848,37.112625],[126.537621,37.112891],[126.537539,37.113298],[126.53746,37.113444],[126.536927,37.11377],[126.536759,37.113777],[126.536543,37.114026],[126.536404,37.114266],[126.536073,37.114365],[126.535842,37.114315],[126.535589,37.114403],[126.535542,37.114537]]],[[[126.529656,37.121038],[126.52948,37.121082],[126.529296,37.120925],[126.529432,37.120569],[126.529577,37.120512],[126.529784,37.120678],[126.529802,37.120952],[126.529656,37.121038]]],[[[126.812621,37.013409],[126.812622,37.016444],[126.81261,37.020712],[126.811716,37.022079],[126.811451,37.022643],[126.811091,37.023154],[126.810559,37.023635],[126.809499,37.024137],[126.809319,37.024311],[126.809185,37.02455],[126.809841,37.025483],[126.811328,37.026895],[126.811423,37.026842],[126.812662,37.027988],[126.812666,37.030488],[126.812661,37.033764],[126.812679,37.034011],[126.812794,37.034394],[126.813072,37.034355],[126.813039,37.034682],[126.813068,37.03495],[126.813011,37.035091],[126.812657,37.03534],[126.812577,37.03549],[126.811852,37.036035],[126.811408,37.036273],[126.811028,37.036337],[126.811306,37.036502],[126.810937,37.036565],[126.810893,37.036768],[126.810915,37.037115],[126.811085,37.037713],[126.811346,37.037673],[126.811517,37.038122],[126.811311,37.038284],[126.81109,37.038694],[126.810737,37.039858],[126.810839,37.040393],[126.810513,37.040677],[126.810464,37.040813],[126.810046,37.041412],[126.810536,37.041624],[126.811106,37.041937],[126.811413,37.042208],[126.811272,37.042477],[126.811199,37.043111],[126.811271,37.043493],[126.811376,37.044415],[126.811321,37.044637],[126.810868,37.045308],[126.810729,37.045911],[126.810814,37.046212],[126.810656,37.046638],[126.81056,37.047121],[126.810448,37.047358],[126.810189,37.047662],[126.809917,37.047701],[126.809461,37.048075],[126.808963,37.048379],[126.808506,37.04862],[126.807935,37.048673],[126.80714,37.048468],[126.806638,37.04888],[126.8059,37.048843],[126.805167,37.048537],[126.804923,37.048559],[126.804113,37.048901],[126.803045,37.049205],[126.802389,37.049702],[126.801797,37.05012],[126.801423,37.050109],[126.801036,37.049991],[126.800823,37.050851],[126.800697,37.051175],[126.801277,37.051621],[126.801797,37.051811],[126.801702,37.052133],[126.801387,37.052358],[126.800948,37.052584],[126.800689,37.052993],[126.800463,37.05342],[126.799772,37.05364],[126.798945,37.05406],[126.798256,37.054528],[126.797635,37.055376],[126.797048,37.055852],[126.796183,37.056215],[126.796071,37.056235],[126.795918,37.056563],[126.796035,37.05713],[126.795885,37.057621],[126.795933,37.058923],[126.796042,37.059201],[126.796419,37.05919],[126.79639,37.059482],[126.796054,37.059487],[126.796046,37.05962],[126.796171,37.059925],[126.79655,37.060696],[126.796528,37.061199],[126.796344,37.061616],[126.796227,37.062118],[126.796323,37.062538],[126.796806,37.062626],[126.797371,37.062834],[126.798068,37.063349],[126.798278,37.063769],[126.798775,37.064002],[126.799348,37.063791],[126.800044,37.063999],[126.800276,37.063993],[126.800901,37.064673],[126.801521,37.065308],[126.80194,37.066271],[126.802388,37.066512],[126.802803,37.066546],[126.803325,37.066517],[126.803662,37.066575],[126.803898,37.066689],[126.805016,37.066843],[126.805548,37.06708],[126.805937,37.067337],[126.806,37.067466],[126.806513,37.067797],[126.806744,37.067896],[126.807716,37.068133],[126.808285,37.068495],[126.808764,37.068748],[126.809073,37.068966],[126.809463,37.069312],[126.809731,37.069355],[126.810822,37.070063],[126.811794,37.071115],[126.811715,37.07122],[126.811964,37.071341],[126.812401,37.071459],[126.812543,37.07158],[126.81256,37.071735],[126.812451,37.072291],[126.812433,37.072612],[126.812132,37.072999],[126.811937,37.07359],[126.811866,37.07399],[126.811446,37.074047],[126.809973,37.073439],[126.809491,37.073385],[126.809049,37.07347],[126.808803,37.07357],[126.808831,37.073811],[126.8079,37.073999],[126.807534,37.074207],[126.807354,37.074627],[126.807399,37.075095],[126.807326,37.075364],[126.8072,37.075571],[126.806779,37.07597],[126.806535,37.076349],[126.806776,37.07695],[126.806976,37.077135],[126.807308,37.077258],[126.807546,37.077456],[126.808027,37.077653],[126.808196,37.078034],[126.808159,37.078518],[126.808135,37.079688],[126.808537,37.079733],[126.809112,37.080017],[126.809666,37.080526],[126.809863,37.080825],[126.810233,37.081131],[126.810546,37.08119],[126.812268,37.081281],[126.812882,37.081115],[126.813205,37.080872],[126.814219,37.08092],[126.81472,37.080108],[126.814841,37.079833],[126.815197,37.079283],[126.816002,37.079535],[126.816329,37.079782],[126.81666,37.079821],[126.817121,37.079732],[126.817375,37.079923],[126.817817,37.080051],[126.81837,37.080387],[126.818532,37.080546],[126.818903,37.080714],[126.819163,37.080924],[126.819298,37.0811],[126.819515,37.081244],[126.82002,37.081826],[126.820487,37.082115],[126.821027,37.082283],[126.821137,37.082385],[126.82146,37.082852],[126.822034,37.083331],[126.82228,37.083377],[126.822575,37.083514],[126.822707,37.08364],[126.822405,37.084385],[126.823372,37.084808],[126.822934,37.085424],[126.823159,37.085563],[126.823213,37.086014],[126.823696,37.086133],[126.823695,37.086231],[126.824865,37.086232],[126.824817,37.086641],[126.826526,37.086852],[126.826501,37.087304],[126.82722,37.087728],[126.827629,37.088128],[126.827735,37.088448],[126.827884,37.088727],[126.828099,37.08933],[126.82837,37.089668],[126.828506,37.089986],[126.82833,37.090385],[126.828649,37.090803],[126.828967,37.091115],[126.829081,37.091471],[126.828914,37.091881],[126.828638,37.092204],[126.828156,37.09256],[126.828141,37.093123],[126.828087,37.093253],[126.828159,37.093476],[126.828373,37.093688],[126.828282,37.093918],[126.828406,37.094384],[126.828137,37.094716],[126.82813,37.095513],[126.828075,37.095783],[126.827819,37.096216],[126.827919,37.09657],[126.828212,37.096729],[126.828671,37.096786],[126.829286,37.097377],[126.829515,37.097624],[126.829771,37.097785],[126.830069,37.097578],[126.831037,37.097607],[126.831871,37.098063],[126.832293,37.098203],[126.832949,37.098636],[126.833434,37.098803],[126.833858,37.099071],[126.83362,37.099281],[126.83344,37.099528],[126.833251,37.099575],[126.832596,37.099849],[126.832432,37.100501],[126.831449,37.101051],[126.831158,37.101618],[126.830972,37.101692],[126.830007,37.101982],[126.829842,37.102195],[126.829607,37.102225],[126.828776,37.102569],[126.828422,37.102821],[126.828129,37.102802],[126.827243,37.102814],[126.826725,37.102465],[126.826251,37.10257],[126.825865,37.10272],[126.824775,37.10309],[126.824526,37.103811],[126.823652,37.103442],[126.82325,37.103157],[126.822524,37.102925],[126.822119,37.103802],[126.820891,37.103273],[126.820542,37.103192],[126.819812,37.103413],[126.819183,37.104048],[126.818821,37.104226],[126.818731,37.104455],[126.818584,37.104474],[126.817944,37.104427],[126.817686,37.104737],[126.817718,37.105521],[126.817954,37.106477],[126.818085,37.1065],[126.818626,37.106368],[126.819105,37.106336],[126.819541,37.106566],[126.81878,37.107349],[126.818646,37.107724],[126.818417,37.107948],[126.818395,37.108368],[126.818339,37.10848],[126.817891,37.108666],[126.817561,37.108746],[126.817154,37.108939],[126.816893,37.108953],[126.816254,37.108606],[126.815734,37.108415],[126.815287,37.108423],[126.814701,37.108623],[126.814732,37.109059],[126.814899,37.109224],[126.814989,37.109461],[126.814947,37.109735],[126.814658,37.109685],[126.814226,37.110291],[126.814311,37.110981],[126.814218,37.11134],[126.814561,37.11215],[126.814578,37.112516],[126.814491,37.112759],[126.814717,37.113753],[126.814406,37.114566],[126.814295,37.114699],[126.814375,37.114958],[126.814175,37.115465],[126.814286,37.115729],[126.814178,37.116338],[126.814655,37.116437],[126.816452,37.116568],[126.816793,37.116609],[126.818366,37.116653],[126.818655,37.116586],[126.820883,37.116383],[126.8224,37.116963],[126.822913,37.117085],[126.824134,37.117526],[126.824322,37.117649],[126.825237,37.11759],[126.826619,37.117263],[126.82697,37.117149],[126.827367,37.117077],[126.827791,37.117179],[126.828704,37.11731],[126.829676,37.117308],[126.829742,37.117861],[126.830048,37.118038],[126.830061,37.11815],[126.8303,37.118166],[126.830474,37.118255],[126.830252,37.118803],[126.829612,37.119056],[126.830067,37.11952],[126.830046,37.120048],[126.829813,37.120597],[126.829666,37.121148],[126.829439,37.12128],[126.829293,37.122325],[126.829009,37.122543],[126.828537,37.122669],[126.828087,37.122742],[126.828471,37.123729],[126.827653,37.124523],[126.826934,37.125576],[126.826261,37.126379],[126.826148,37.126779],[126.825847,37.127686],[126.826015,37.12772],[126.825784,37.128238],[126.826293,37.128179],[126.827094,37.128267],[126.827408,37.128185],[126.827748,37.128175],[126.828005,37.128045],[126.828585,37.127885],[126.829021,37.129829],[126.828747,37.129929],[126.828683,37.130022],[126.824354,37.129467],[126.815211,37.137032],[126.814973,37.137209],[126.814272,37.137874],[126.813707,37.138614],[126.812772,37.139327],[126.812296,37.139734],[126.812058,37.139529],[126.812198,37.139219],[126.811995,37.139053],[126.811784,37.13911],[126.810175,37.139754],[126.809339,37.139289],[126.809271,37.139106],[126.809056,37.13909],[126.808298,37.139247],[126.807856,37.139262],[126.807544,37.139081],[126.807094,37.138697],[126.806961,37.139088],[126.806111,37.14186],[126.805787,37.142732],[126.80562,37.142973],[126.805308,37.143823],[126.804679,37.145468],[126.803701,37.148293],[126.803522,37.148811],[126.793061,37.147096],[126.779378,37.144819],[126.770097,37.143351],[126.764644,37.142821],[126.762287,37.142596],[126.760644,37.142376],[126.755034,37.140948],[126.747717,37.138594],[126.746126,37.137935],[126.744753,37.137067],[126.737252,37.131696],[126.732527,37.127659],[126.729433,37.124968],[126.725858,37.120384],[126.725439,37.119408],[126.72533,37.118397],[126.725971,37.113917],[126.727136,37.107151],[126.728337,37.099088],[126.730095,37.087766],[126.730377,37.085765],[126.735282,37.076409],[126.73519,37.076065],[126.733536,37.074622],[126.733055,37.074998],[126.732432,37.075131],[126.719071,37.085584],[126.703013,37.098202],[126.698095,37.102105],[126.69789,37.10303],[126.689812,37.10934],[126.688891,37.109476],[126.686122,37.111635],[126.686197,37.112848],[126.686403,37.112965],[126.685961,37.113287],[126.685051,37.113396],[126.684501,37.113483],[126.683986,37.11352],[126.683701,37.113525],[126.683543,37.113509],[126.683532,37.113332],[126.683388,37.11325],[126.682628,37.113278],[126.682563,37.113225],[126.682594,37.112863],[126.683562,37.112828],[126.683651,37.112597],[126.683831,37.112335],[126.684157,37.111965],[126.684094,37.1117],[126.683492,37.110508],[126.683567,37.11052],[126.683924,37.111172],[126.684156,37.111672],[126.684535,37.111756],[126.685559,37.110949],[126.696918,37.10206],[126.706446,37.094623],[126.720253,37.083851],[126.732304,37.074437],[126.732051,37.074271],[126.732032,37.074133],[126.731845,37.073892],[126.731895,37.073663],[126.732068,37.073538],[126.732014,37.073249],[126.730381,37.071933],[126.72982,37.071455],[126.729462,37.071449],[126.725415,37.0715],[126.725421,37.071441],[126.728661,37.071376],[126.72969,37.071341],[126.729903,37.071168],[126.73003,37.071173],[126.730341,37.071526],[126.731144,37.072179],[126.731254,37.072166],[126.731907,37.071628],[126.732122,37.071803],[126.731897,37.071948],[126.731312,37.072401],[126.732425,37.073316],[126.732768,37.073053],[126.732932,37.073],[126.733071,37.073176],[126.733553,37.073467],[126.755602,37.056233],[126.756681,37.055456],[126.755793,37.054746],[126.755465,37.054564],[126.75527,37.054385],[126.754972,37.054367],[126.754988,37.054146],[126.754735,37.054126],[126.754564,37.053846],[126.754347,37.053602],[126.754035,37.053382],[126.753793,37.053119],[126.752506,37.051925],[126.752055,37.051568],[126.751774,37.051397],[126.751509,37.051165],[126.751064,37.050673],[126.750881,37.050411],[126.750671,37.050224],[126.750144,37.049672],[126.749693,37.049314],[126.749434,37.049024],[126.749195,37.049003],[126.748812,37.04886],[126.748106,37.047011],[126.747995,37.046878],[126.747783,37.046281],[126.747011,37.044873],[126.746781,37.04449],[126.746333,37.043622],[126.745822,37.04245],[126.745642,37.041822],[126.745485,37.041078],[126.745404,37.04045],[126.745261,37.039752],[126.745265,37.039285],[126.745319,37.038567],[126.745372,37.038239],[126.74528,37.037925],[126.745517,37.036879],[126.74527,37.036718],[126.744612,37.037029],[126.742677,37.038001],[126.739545,37.039515],[126.736235,37.039253],[126.735885,37.03906],[126.735603,37.038971],[126.734219,37.038663],[126.734037,37.038485],[126.733995,37.038232],[126.734334,37.03827],[126.734462,37.03838],[126.734966,37.038483],[126.735773,37.038686],[126.736258,37.039139],[126.73627,37.039199],[126.739527,37.039465],[126.742791,37.037886],[126.744655,37.03696],[126.746433,37.036119],[126.746668,37.035955],[126.747006,37.035431],[126.747035,37.035222],[126.747222,37.03483],[126.746988,37.034502],[126.746948,37.033992],[126.74622,37.033156],[126.744142,37.030818],[126.744189,37.030797],[126.745625,37.032392],[126.745864,37.03268],[126.746875,37.033819],[126.747039,37.03379],[126.74759,37.033306],[126.747716,37.03343],[126.747327,37.033729],[126.748005,37.033708],[126.748125,37.03379],[126.748152,37.035126],[126.748798,37.035166],[126.748822,37.0347],[126.748799,37.034316],[126.748804,37.03321],[126.748756,37.033005],[126.747987,37.033016],[126.747919,37.032881],[126.748624,37.032865],[126.748701,37.032811],[126.748679,37.031732],[126.748695,37.031397],[126.74877,37.031126],[126.749007,37.030658],[126.749432,37.030217],[126.749619,37.030095],[126.750275,37.029793],[126.750577,37.029712],[126.752267,37.029613],[126.754076,37.02964],[126.756899,37.029646],[126.758158,37.029665],[126.761027,37.029748],[126.763525,37.029743],[126.763762,37.029563],[126.763758,37.028546],[126.763887,37.028168],[126.763881,37.027167],[126.76396,37.027161],[126.763963,37.02797],[126.764035,37.028042],[126.764068,37.029504],[126.766661,37.029505],[126.766514,37.02879],[126.766307,37.028663],[126.764801,37.028666],[126.764708,37.028468],[126.765754,37.028438],[126.766109,37.028386],[126.766229,37.028425],[126.766687,37.028424],[126.766735,37.028596],[126.766883,37.029637],[126.767099,37.029619],[126.767142,37.029864],[126.767496,37.029999],[126.767862,37.029759],[126.769143,37.029614],[126.769334,37.029618],[126.77097,37.02975],[126.773165,37.029764],[126.773716,37.029662],[126.774927,37.029669],[126.777122,37.029665],[126.777718,37.029764],[126.778922,37.029762],[126.787545,37.029804],[126.787646,37.029831],[126.788457,37.029826],[126.788817,37.029606],[126.789117,37.029622],[126.789313,37.029715],[126.789641,37.029642],[126.790477,37.029069],[126.790395,37.028888],[126.790096,37.028844],[126.790044,37.02871],[126.790394,37.028509],[126.790408,37.028653],[126.790703,37.028872],[126.790907,37.028732],[126.790908,37.028364],[126.791218,37.028323],[126.791249,37.028092],[126.791604,37.028077],[126.791729,37.028205],[126.792719,37.027541],[126.793231,37.027227],[126.794597,37.026475],[126.795032,37.025792],[126.795174,37.025629],[126.795612,37.019385],[126.795662,37.018416],[126.795735,37.018247],[126.796121,37.017987],[126.796821,37.017391],[126.797055,37.017156],[126.797246,37.016835],[126.797509,37.016159],[126.797399,37.01603],[126.797521,37.015669],[126.79749,37.014925],[126.797518,37.014211],[126.797631,37.014181],[126.79771,37.01342],[126.80373,37.01343],[126.80482,37.013423],[126.810775,37.013433],[126.812621,37.013409]]]]},"properties":{"dong_name":"우정읍","ADM_CD":"31240130"}},
{"type":"Feature","geometry":{"type":"Polygon","coordinates":[[[126.997605,37.124313],[126.997501,37.124187],[126.997237,37.124228],[126.996857,37.124579],[126.996769,37.124717],[126.996843,37.125009],[126.996855,37.125548],[126.996822,37.125746],[126.996888,37.125909],[126.996828,37.126248],[126.997117,37.126826],[126.997229,37.127157],[126.997296,37.127639],[126.997385,37.127888],[126.997334,37.128051],[126.996987,37.128528],[126.996741,37.128693],[126.996133,37.129328],[126.995661,37.129525],[126.995461,37.12946],[126.995186,37.129487],[126.994515,37.12962],[126.993918,37.129663],[126.993193,37.129861],[126.992854,37.129784],[126.992858,37.129701],[126.991453,37.129085],[126.990724,37.129183],[126.990257,37.12916],[126.989856,37.129511],[126.989639,37.129631],[126.98906,37.129695],[126.988559,37.129559],[126.987977,37.129674],[126.987507,37.129807],[126.987038,37.130149],[126.98677,37.130494],[126.986425,37.131092],[126.985927,37.131521],[126.985591,37.132397],[126.985597,37.132513],[126.984512,37.132744],[126.984372,37.133251],[126.983806,37.133638],[126.983453,37.133598],[126.983036,37.134071],[126.98271,37.134562],[126.982261,37.134813],[126.982163,37.135446],[126.982003,37.135647],[126.982169,37.136355],[126.982227,37.136752],[126.982426,37.137378],[126.982544,37.137856],[126.982531,37.138725],[126.982405,37.138959],[126.982366,37.139508],[126.982124,37.139987],[126.982271,37.140278],[126.982144,37.140876],[126.982187,37.141478],[126.982255,37.141591],[126.981901,37.141749],[126.98083,37.141807],[126.979724,37.142184],[126.979549,37.142561],[126.97921,37.14312],[126.978576,37.143418],[126.977994,37.142986],[126.977218,37.142928],[126.976906,37.14298],[126.976016,37.143013],[126.975613,37.142789],[126.97516,37.14273],[126.9749,37.142644],[126.974636,37.142762],[126.974093,37.143377],[126.973674,37.143466],[126.973082,37.143523],[126.972657,37.143679],[126.972175,37.143804],[126.971247,37.143691],[126.970841,37.14366],[126.970161,37.143668],[126.96974,37.14403],[126.969506,37.144451],[126.969184,37.14463],[126.968032,37.144317],[126.967748,37.144302],[126.967558,37.14436],[126.967124,37.14374],[126.966139,37.143569],[126.965648,37.143646],[126.965411,37.143556],[126.964625,37.14356],[126.964125,37.143754],[126.963289,37.143611],[126.962737,37.143697],[126.962091,37.143935],[126.96162,37.143995],[126.960785,37.144059],[126.960689,37.144342],[126.95995,37.144688],[126.959669,37.143854],[126.959589,37.143826],[126.959424,37.143525],[126.958674,37.143041],[126.958369,37.142578],[126.957807,37.142709],[126.957366,37.142878],[126.956767,37.143045],[126.955404,37.143494],[126.955033,37.143885],[126.954916,37.145052],[126.954516,37.145237],[126.954047,37.145143],[126.953624,37.145189],[126.953014,37.145421],[126.952808,37.145652],[126.952575,37.146503],[126.952686,37.146758],[126.95241,37.147438],[126.952435,37.148169],[126.952361,37.148435],[126.951181,37.148641],[126.950817,37.148854],[126.950577,37.148788],[126.950174,37.14882],[126.949742,37.149249],[126.948987,37.149475],[126.948709,37.149646],[126.948204,37.150075],[126.947617,37.150015],[126.946805,37.150205],[126.946357,37.150463],[126.945868,37.150095],[126.94566,37.149515],[126.945681,37.148397],[126.945794,37.147798],[126.94532,37.146465],[126.945109,37.146089],[126.945436,37.145753],[126.945856,37.144718],[126.945934,37.144458],[126.945873,37.144153],[126.945362,37.143944],[126.944987,37.143881],[126.944176,37.143841],[126.943504,37.144179],[126.942935,37.144131],[126.942392,37.143277],[126.942256,37.142945],[126.942065,37.142818],[126.941268,37.143113],[126.940603,37.143569],[126.938941,37.144808],[126.938705,37.144811],[126.938269,37.144935],[126.937813,37.144901],[126.937057,37.145231],[126.936253,37.145346],[126.935565,37.145609],[126.934306,37.144704],[126.933891,37.144307],[126.933729,37.14424],[126.933477,37.143963],[126.933091,37.143805],[126.932906,37.143547],[126.932724,37.143468],[126.931881,37.143355],[126.93131,37.143376],[126.930658,37.143517],[126.93001,37.143526],[126.92949,37.143416],[126.92928,37.143317],[126.928673,37.143211],[126.928579,37.143794],[126.928566,37.144218],[126.928499,37.144697],[126.928846,37.145086],[126.928907,37.145289],[126.929294,37.145923],[126.929148,37.146175],[126.928437,37.145937],[126.927921,37.145587],[126.927101,37.145189],[126.926337,37.144954],[126.92535,37.144508],[126.924725,37.143894],[126.923175,37.143587],[126.923012,37.14342],[126.922891,37.143531],[126.921884,37.143311],[126.921297,37.142708],[126.92102,37.142734],[126.920478,37.142713],[126.920215,37.142794],[126.919754,37.142608],[126.919519,37.142568],[126.919187,37.142393],[126.91851,37.141901],[126.918219,37.141786],[126.91782,37.141738],[126.917162,37.141405],[126.916986,37.141143],[126.917108,37.140924],[126.916998,37.140784],[126.91649,37.140545],[126.916368,37.140685],[126.916024,37.140471],[126.916015,37.14028],[126.915541,37.140016],[126.915491,37.1403],[126.914611,37.140133],[126.914294,37.140106],[126.913571,37.140419],[126.912945,37.14048],[126.912628,37.140469],[126.911798,37.140674],[126.911291,37.140721],[126.910727,37.140697],[126.91036,37.140649],[126.910555,37.141677],[126.910907,37.141983],[126.910903,37.142353],[126.910968,37.142723],[126.910945,37.143473],[126.911071,37.14401],[126.911302,37.144759],[126.911325,37.145118],[126.911489,37.145785],[126.911708,37.146187],[126.911921,37.146493],[126.910446,37.147408],[126.909561,37.147921],[126.908859,37.14829],[126.907693,37.14886],[126.90739,37.149248],[126.906888,37.149297],[126.906172,37.149848],[126.905378,37.150188],[126.90443,37.149489],[126.903526,37.148608],[126.903416,37.147769],[126.903963,37.147391],[126.904014,37.146865],[126.904138,37.146549],[126.903623,37.146345],[126.902722,37.146141],[126.901967,37.146102],[126.901728,37.145544],[126.90126,37.145073],[126.89974,37.143418],[126.899825,37.14326],[126.899291,37.142086],[126.899088,37.141758],[126.89877,37.141356],[126.898086,37.140742],[126.897769,37.141067],[126.897331,37.141151],[126.896974,37.141327],[126.897401,37.140366],[126.898083,37.138371],[126.897554,37.138418],[126.897196,37.138547],[126.896654,37.138681],[126.896314,37.138684],[126.896121,37.138619],[126.895589,37.138579],[126.895898,37.137584],[126.89541,37.137009],[126.895383,37.136725],[126.89547,37.136063],[126.895139,37.13567],[126.894914,37.13524],[126.894329,37.134881],[126.893585,37.134667],[126.893525,37.134688],[126.892466,37.1355],[126.892304,37.135238],[126.891457,37.133596],[126.891143,37.133037],[126.890908,37.131989],[126.890569,37.131285],[126.889979,37.130299],[126.889341,37.128483],[126.888556,37.127883],[126.88793,37.127942],[126.888768,37.127483],[126.888888,37.127273],[126.888893,37.126949],[126.888637,37.126841],[126.888605,37.126644],[126.888656,37.126219],[126.888563,37.125898],[126.888451,37.125713],[126.887933,37.125119],[126.88737,37.124796],[126.887007,37.124476],[126.887572,37.12373],[126.887819,37.123276],[126.888432,37.12322],[126.888928,37.122867],[126.889641,37.122762],[126.889757,37.121655],[126.890269,37.119884],[126.890228,37.119759],[126.89041,37.119511],[126.890197,37.119153],[126.890093,37.11854],[126.889927,37.117938],[126.889913,37.117305],[126.890013,37.117076],[126.890334,37.116636],[126.890578,37.116449],[126.890547,37.116262],[126.890115,37.115278],[126.889669,37.115102],[126.888844,37.114999],[126.88819,37.113505],[126.887894,37.112904],[126.888154,37.11261],[126.888216,37.112399],[126.888051,37.111963],[126.887719,37.111458],[126.886974,37.110534],[126.886548,37.109123],[126.886419,37.108882],[126.886142,37.108526],[126.885652,37.108065],[126.885924,37.107884],[126.884959,37.107075],[126.884678,37.106739],[126.884576,37.106398],[126.884822,37.105845],[126.88547,37.105157],[126.886275,37.104927],[126.886795,37.104968],[126.887287,37.105183],[126.887762,37.105318],[126.888167,37.105151],[126.888422,37.104833],[126.888515,37.104351],[126.888526,37.103804],[126.888179,37.102939],[126.887505,37.102105],[126.887169,37.101392],[126.886906,37.100063],[126.886551,37.099765],[126.886024,37.099534],[126.885194,37.099391],[126.884484,37.099222],[126.88391,37.098827],[126.883673,37.098495],[126.883342,37.09741],[126.883221,37.096649],[126.882976,37.096163],[126.882657,37.095813],[126.881797,37.095093],[126.880349,37.094064],[126.879968,37.093537],[126.879553,37.092742],[126.878369,37.089466],[126.87823,37.088437],[126.878258,37.088008],[126.878342,37.087394],[126.878665,37.086189],[126.879098,37.084629],[126.879534,37.083714],[126.879995,37.082912],[126.880657,37.079636],[126.88171,37.076359],[126.883016,37.073082],[126.883489,37.069805],[126.883584,37.06863],[126.88374,37.066988],[126.885258,37.066692],[126.888845,37.066938],[126.888958,37.066785],[126.89061,37.066958],[126.891454,37.067058],[126.891971,37.067203],[126.893424,37.067773],[126.894196,37.06798],[126.894365,37.06798],[126.895342,37.068242],[126.896084,37.068468],[126.897703,37.068623],[126.898556,37.069642],[126.89913,37.069687],[126.899759,37.069787],[126.901356,37.070086],[126.901401,37.070149],[126.901714,37.071059],[126.901972,37.071609],[126.901983,37.071942],[126.9045,37.073368],[126.904556,37.073377],[126.904928,37.073667],[126.905897,37.074165],[126.905897,37.074209],[126.90635,37.074648],[126.906644,37.074886],[126.907186,37.075219],[126.907544,37.075327],[126.908206,37.075474],[126.908757,37.075734],[126.909266,37.07616],[126.909696,37.076338],[126.910043,37.076611],[126.91017,37.076813],[126.910441,37.077389],[126.911059,37.077749],[126.911325,37.078009],[126.91138,37.078156],[126.911597,37.078319],[126.91178,37.078616],[126.912198,37.078655],[126.912381,37.07889],[126.91288,37.079149],[126.913188,37.079202],[126.913433,37.079341],[126.913746,37.07935],[126.915595,37.079764],[126.91605,37.080077],[126.916618,37.080279],[126.918346,37.079747],[126.918712,37.079753],[126.919576,37.079958],[126.920112,37.080013],[126.920913,37.080155],[126.921353,37.081156],[126.922583,37.081144],[126.923473,37.080903],[126.923825,37.080875],[126.924936,37.08116],[126.925945,37.081298],[126.926963,37.081912],[126.926812,37.082074],[126.926516,37.082619],[126.926644,37.083145],[126.926742,37.084012],[126.926939,37.084582],[126.926993,37.084845],[126.92721,37.084998],[126.927337,37.085513],[126.927268,37.085774],[126.927317,37.08612],[126.927703,37.08702],[126.927643,37.087177],[126.927332,37.087577],[126.927188,37.088468],[126.927178,37.088754],[126.926656,37.090315],[126.926687,37.091338],[126.926718,37.091731],[126.926697,37.092175],[126.926871,37.092566],[126.926893,37.093141],[126.92687,37.093659],[126.926608,37.094091],[126.92615,37.094976],[126.926096,37.095682],[126.925994,37.095848],[126.926065,37.096406],[126.925881,37.096807],[126.925973,37.097632],[126.925777,37.097814],[126.925752,37.09839],[126.925702,37.098627],[126.925695,37.099355],[126.925995,37.099318],[126.927063,37.099642],[126.927539,37.099687],[126.927931,37.099961],[126.928423,37.100006],[126.928674,37.100153],[126.928619,37.10037],[126.929338,37.101676],[126.92993,37.10172],[126.930543,37.101653],[126.931398,37.102222],[126.931766,37.102567],[126.931884,37.102861],[126.931853,37.103392],[126.932469,37.104024],[126.932362,37.104309],[126.93219,37.104594],[126.932802,37.105148],[126.932863,37.105617],[126.932827,37.105771],[126.933446,37.105693],[126.935159,37.105774],[126.935626,37.105621],[126.935771,37.105495],[126.935986,37.105659],[126.936593,37.105664],[126.93722,37.105947],[126.937436,37.105414],[126.937531,37.105039],[126.937763,37.104829],[126.937703,37.104364],[126.937924,37.103957],[126.938134,37.103819],[126.93863,37.103706],[126.939022,37.103689],[126.940099,37.103364],[126.940237,37.102951],[126.940583,37.102572],[126.941044,37.10233],[126.94154,37.102163],[126.941998,37.101965],[126.942384,37.101967],[126.942493,37.102224],[126.94251,37.102548],[126.942653,37.102527],[126.943072,37.102283],[126.943133,37.102145],[126.943152,37.101584],[126.943411,37.10122],[126.94363,37.101078],[126.944283,37.101315],[126.944729,37.100505],[126.94568,37.100823],[126.945867,37.100427],[126.945975,37.09975],[126.945886,37.099342],[126.945708,37.09937],[126.945626,37.098503],[126.945356,37.098118],[126.945192,37.097586],[126.945027,37.097223],[126.945047,37.096957],[126.945282,37.096723],[126.945471,37.096616],[126.945912,37.096817],[126.946481,37.097569],[126.94669,37.097662],[126.946899,37.097653],[126.94732,37.097806],[126.94746,37.097903],[126.94742,37.098059],[126.948031,37.09802],[126.947948,37.097132],[126.948521,37.097094],[126.948456,37.097992],[126.948584,37.097943],[126.948989,37.098007],[126.949614,37.09859],[126.950126,37.098669],[126.951166,37.09867],[126.952116,37.09912],[126.953071,37.09938],[126.953843,37.099452],[126.953907,37.100095],[126.954005,37.100249],[126.953892,37.100496],[126.954184,37.10109],[126.953763,37.101798],[126.954327,37.102088],[126.95467,37.10283],[126.954863,37.103821],[126.954603,37.104768],[126.955345,37.10548],[126.954642,37.106108],[126.954474,37.106436],[126.954605,37.106747],[126.954402,37.107017],[126.955214,37.10853],[126.955502,37.108668],[126.956725,37.108271],[126.957416,37.108341],[126.958047,37.108728],[126.958781,37.108564],[126.960345,37.108166],[126.960435,37.107855],[126.960906,37.107699],[126.961359,37.107428],[126.961805,37.107484],[126.962991,37.107044],[126.963387,37.106649],[126.963516,37.106262],[126.963707,37.105954],[126.964229,37.105524],[126.96445,37.105483],[126.964812,37.105501],[126.964717,37.105756],[126.964771,37.105903],[126.965142,37.106293],[126.965637,37.106632],[126.966184,37.106783],[126.966537,37.107051],[126.967532,37.107303],[126.968059,37.107321],[126.968399,37.107387],[126.968407,37.107541],[126.968641,37.107793],[126.968948,37.10797],[126.969213,37.108235],[126.969489,37.108636],[126.969697,37.10883],[126.970026,37.108945],[126.969984,37.10929],[126.971402,37.109127],[126.971633,37.109724],[126.971821,37.109846],[126.972249,37.110661],[126.972384,37.111047],[126.972879,37.111432],[126.973206,37.111849],[126.973407,37.112223],[126.97361,37.112782],[126.973521,37.112975],[126.973062,37.113249],[126.973173,37.114018],[126.973778,37.115268],[126.973691,37.115996],[126.973707,37.116135],[126.973309,37.116343],[126.973317,37.116581],[126.97354,37.116911],[126.973857,37.117129],[126.973936,37.117244],[126.974358,37.117362],[126.97477,37.117541],[126.974979,37.118513],[126.975758,37.119117],[126.975976,37.119362],[126.976013,37.11976],[126.976681,37.119949],[126.977152,37.120032],[126.978102,37.120036],[126.978238,37.120148],[126.97844,37.120057],[126.978855,37.120024],[126.979492,37.119752],[126.980082,37.119643],[126.980623,37.119471],[126.982217,37.119666],[126.983325,37.119715],[126.984319,37.119619],[126.984748,37.119877],[126.985466,37.120545],[126.985877,37.121024],[126.986792,37.121514],[126.987823,37.121411],[126.988954,37.120975],[126.989194,37.120627],[126.989143,37.120016],[126.989677,37.11972],[126.989996,37.119507],[126.990316,37.119236],[126.990674,37.11905],[126.991208,37.119186],[126.991837,37.119445],[126.992362,37.119703],[126.992568,37.11976],[126.992435,37.120072],[126.992606,37.120405],[126.992877,37.120833],[126.993184,37.121447],[126.993488,37.121814],[126.993938,37.12222],[126.994575,37.122526],[126.99479,37.122684],[126.995085,37.122775],[126.995573,37.123018],[126.995634,37.123122],[126.996185,37.123305],[126.996694,37.123396],[126.997045,37.123416],[126.998003,37.12334],[126.998751,37.123151],[126.998981,37.123344],[126.999318,37.123497],[126.999453,37.123705],[126.999307,37.123876],[126.998474,37.124101],[126.997605,37.124313]]]},"properties":{"dong_name":"향남읍","ADM_CD":"31240140"}},
{"type":"Feature","geometry":{"type":"Polygon","coordinates":[[[126.841439,37.266288],[126.840939,37.26691],[126.840143,37.26772],[126.839518,37.268417],[126.838263,37.269878],[126.837371,37.27072],[126.835392,37.271028],[126.833588,37.272134],[126.831285,37.273783],[126.831086,37.273606],[126.828901,37.270642],[126.828781,37.270669],[126.828301,37.270619],[126.828021,37.270543],[126.827864,37.27042],[126.827582,37.270623],[126.827313,37.270518],[126.826857,37.270801],[126.826861,37.270913],[126.826609,37.271072],[126.826474,37.27104],[126.825985,37.2713],[126.825579,37.27161],[126.825344,37.271628],[126.825652,37.272251],[126.825602,37.272397],[126.825342,37.272651],[126.824774,37.272702],[126.824435,37.272637],[126.824227,37.272687],[126.824969,37.272882],[126.824256,37.273187],[126.823854,37.273287],[126.823324,37.274028],[126.822775,37.27429],[126.822391,37.274636],[126.822175,37.274698],[126.821743,37.274961],[126.821329,37.275082],[126.820811,37.275498],[126.820647,37.275664],[126.820405,37.275743],[126.820136,37.275923],[126.819416,37.276192],[126.81911,37.276192],[126.818898,37.276275],[126.818588,37.276553],[126.818115,37.276711],[126.817582,37.276946],[126.816781,37.277141],[126.816528,37.277156],[126.81628,37.27726],[126.815803,37.27767],[126.815457,37.277809],[126.81524,37.277832],[126.814888,37.27767],[126.814791,37.277714],[126.814488,37.278057],[126.814167,37.278264],[126.813929,37.278252],[126.813777,37.278493],[126.813612,37.278569],[126.812214,37.278861],[126.811697,37.279009],[126.811525,37.279311],[126.810726,37.279841],[126.810233,37.280081],[126.80971,37.280502],[126.809991,37.280992],[126.81003,37.28129],[126.810237,37.281555],[126.810533,37.281761],[126.810708,37.282225],[126.810628,37.282601],[126.810944,37.283004],[126.811232,37.283274],[126.811631,37.283169],[126.811945,37.283151],[126.812042,37.283429],[126.81233,37.283919],[126.812091,37.284159],[126.812351,37.284159],[126.813445,37.28446],[126.813681,37.284662],[126.813877,37.284602],[126.814066,37.284764],[126.813969,37.28494],[126.813594,37.285292],[126.81316,37.285553],[126.813076,37.285721],[126.812585,37.286079],[126.811971,37.286204],[126.811734,37.28633],[126.810985,37.286497],[126.810554,37.286632],[126.809654,37.286007],[126.808767,37.28594],[126.808393,37.285891],[126.80817,37.285769],[126.807503,37.285201],[126.807153,37.285027],[126.806882,37.284821],[126.806237,37.284667],[126.805148,37.284617],[126.804973,37.284276],[126.805002,37.283919],[126.804776,37.283408],[126.804229,37.282401],[126.80429,37.282234],[126.804076,37.281547],[126.803975,37.281063],[126.803879,37.280819],[126.803734,37.280661],[126.803568,37.280242],[126.80355,37.280064],[126.803362,37.27964],[126.803228,37.279551],[126.802998,37.279251],[126.80247,37.2789],[126.802278,37.278651],[126.801623,37.278229],[126.801409,37.278164],[126.800977,37.278374],[126.800788,37.278626],[126.800495,37.278626],[126.800398,37.278487],[126.800283,37.277966],[126.800481,37.277859],[126.800701,37.277908],[126.801288,37.277773],[126.802601,37.276931],[126.802884,37.276912],[126.803268,37.277087],[126.804072,37.276823],[126.804306,37.27642],[126.804683,37.276029],[126.804845,37.275658],[126.805075,37.275315],[126.80524,37.274962],[126.805448,37.27482],[126.80574,37.273877],[126.805702,37.273739],[126.805806,37.273421],[126.806028,37.273322],[126.806207,37.272786],[126.806387,37.272708],[126.806529,37.272478],[126.806533,37.272344],[126.806922,37.271998],[126.807026,37.271695],[126.80721,37.271505],[126.807386,37.271129],[126.807777,37.270704],[126.807986,37.270327],[126.808257,37.270026],[126.808244,37.269515],[126.808284,37.269354],[126.808511,37.26926],[126.808525,37.268686],[126.80856,37.268566],[126.80888,37.268558],[126.809054,37.268439],[126.809098,37.268758],[126.809594,37.268952],[126.810285,37.268826],[126.810693,37.269008],[126.810885,37.26888],[126.810656,37.26858],[126.810928,37.268417],[126.810957,37.268156],[126.810872,37.267948],[126.811221,37.267628],[126.811002,37.267349],[126.810488,37.266879],[126.809559,37.266511],[126.809036,37.266457],[126.808837,37.266808],[126.807803,37.267252],[126.807536,37.267302],[126.805862,37.267851],[126.80576,37.267955],[126.804986,37.267936],[126.80457,37.267851],[126.804061,37.267878],[126.803771,37.268037],[126.803404,37.268407],[126.803217,37.268672],[126.803035,37.269081],[126.802561,37.269199],[126.802143,37.269165],[126.801912,37.269351],[126.801667,37.269377],[126.80127,37.269497],[126.800996,37.269536],[126.800721,37.269425],[126.800287,37.269651],[126.800177,37.269637],[126.799315,37.270087],[126.797667,37.270638],[126.796284,37.270727],[126.795742,37.27015],[126.795614,37.269421],[126.795397,37.26936],[126.795181,37.269154],[126.795088,37.268979],[126.795102,37.268792],[126.794993,37.268643],[126.794824,37.268759],[126.794255,37.268635],[126.792623,37.268464],[126.792555,37.268747],[126.792308,37.268675],[126.792137,37.268235],[126.791909,37.268107],[126.791687,37.268177],[126.791359,37.267594],[126.790921,37.267368],[126.790661,37.267087],[126.790324,37.267169],[126.790339,37.266904],[126.790549,37.266827],[126.790682,37.266501],[126.790667,37.266061],[126.791192,37.265952],[126.791403,37.265563],[126.791734,37.265145],[126.792006,37.265015],[126.791967,37.264771],[126.792066,37.264704],[126.791889,37.264301],[126.792157,37.263971],[126.792332,37.263888],[126.792329,37.263658],[126.79222,37.263349],[126.7918,37.262731],[126.791692,37.262394],[126.791627,37.261907],[126.791562,37.261877],[126.791744,37.261442],[126.792159,37.260923],[126.792434,37.260726],[126.792629,37.260654],[126.792863,37.260413],[126.793273,37.260177],[126.793363,37.259738],[126.793323,37.25954],[126.793369,37.259231],[126.791669,37.25788],[126.788306,37.255192],[126.789299,37.250105],[126.788883,37.250113],[126.778897,37.25008],[126.777086,37.250086],[126.777126,37.245936],[126.777118,37.240961],[126.777374,37.239103],[126.778435,37.237416],[126.781111,37.235143],[126.783067,37.23327],[126.783214,37.23042],[126.783523,37.230709],[126.784259,37.231307],[126.784876,37.231866],[126.785015,37.232364],[126.786009,37.233171],[126.786301,37.232904],[126.786548,37.233084],[126.786646,37.232957],[126.786963,37.232988],[126.787226,37.232636],[126.787496,37.232636],[126.787761,37.232507],[126.788007,37.232541],[126.788616,37.232491],[126.788779,37.232384],[126.788877,37.232549],[126.789243,37.232725],[126.789372,37.232516],[126.789669,37.232564],[126.790411,37.232556],[126.790627,37.232487],[126.791534,37.231761],[126.791566,37.231642],[126.791922,37.231287],[126.792232,37.230803],[126.792441,37.230757],[126.792681,37.230486],[126.792728,37.229873],[126.792922,37.229634],[126.793199,37.229539],[126.793203,37.229132],[126.793045,37.229029],[126.792998,37.228753],[126.793244,37.228505],[126.79363,37.228408],[126.794055,37.228141],[126.793996,37.22791],[126.794392,37.227693],[126.794415,37.227584],[126.794226,37.227186],[126.794401,37.226968],[126.794421,37.22672],[126.794561,37.226536],[126.794864,37.226517],[126.795358,37.226381],[126.796357,37.225846],[126.796823,37.225754],[126.796948,37.225484],[126.797187,37.225327],[126.79716,37.225134],[126.797269,37.224871],[126.797089,37.224612],[126.797389,37.224325],[126.798114,37.223483],[126.798333,37.223287],[126.798719,37.223054],[126.798992,37.222744],[126.799288,37.222299],[126.799334,37.222056],[126.799298,37.221793],[126.799131,37.221704],[126.798958,37.221437],[126.7993,37.220363],[126.798545,37.220248],[126.798626,37.219933],[126.798445,37.219736],[126.798567,37.219565],[126.798973,37.219582],[126.799813,37.219685],[126.7999,37.219473],[126.79905,37.21932],[126.799463,37.218782],[126.799646,37.218459],[126.799659,37.218331],[126.800249,37.217539],[126.800492,37.217046],[126.800723,37.216801],[126.801028,37.216105],[126.80136,37.215703],[126.801619,37.214871],[126.801869,37.214309],[126.801547,37.213563],[126.800254,37.213356],[126.798748,37.211772],[126.798259,37.211879],[126.797538,37.21093],[126.796762,37.210684],[126.796331,37.210234],[126.79611,37.209376],[126.796193,37.208891],[126.795435,37.208222],[126.795076,37.207758],[126.794601,37.207371],[126.794721,37.207149],[126.794812,37.205921],[126.79506,37.205528],[126.79498,37.205052],[126.794177,37.204581],[126.793479,37.204277],[126.792942,37.204145],[126.792043,37.203833],[126.791756,37.203755],[126.791101,37.20268],[126.791542,37.20271],[126.791671,37.202525],[126.79162,37.202361],[126.791183,37.202315],[126.79146,37.20168],[126.791535,37.201238],[126.791293,37.200893],[126.79033,37.200148],[126.790073,37.199998],[126.790245,37.199712],[126.791073,37.1989],[126.791369,37.198564],[126.791507,37.198258],[126.79152,37.197963],[126.791451,37.197766],[126.79154,37.197532],[126.791533,37.197169],[126.791838,37.196763],[126.791975,37.196165],[126.792337,37.195614],[126.792981,37.195271],[126.793202,37.195025],[126.793558,37.194825],[126.794034,37.194616],[126.795276,37.193356],[126.795889,37.193218],[126.797794,37.192522],[126.797287,37.19096],[126.797156,37.190724],[126.7972,37.19054],[126.796981,37.190281],[126.796336,37.189181],[126.796091,37.188592],[126.796121,37.18838],[126.796413,37.187516],[126.796426,37.187358],[126.79553,37.186148],[126.793367,37.186786],[126.79257,37.18703],[126.791545,37.187161],[126.791324,37.187708],[126.791088,37.187687],[126.790857,37.187467],[126.790569,37.187404],[126.793368,37.1863],[126.794765,37.185739],[126.794771,37.18448],[126.79475,37.181534],[126.793812,37.180334],[126.789802,37.17512],[126.791797,37.174288],[126.791392,37.17295],[126.7907,37.170441],[126.789704,37.168647],[126.788174,37.166515],[126.784481,37.163082],[126.780046,37.159383],[126.778036,37.157725],[126.776316,37.156856],[126.774261,37.156056],[126.771957,37.155813],[126.767903,37.155459],[126.760509,37.154683],[126.75892,37.154473],[126.757152,37.15419],[126.755369,37.153792],[126.753658,37.153166],[126.749764,37.151024],[126.746038,37.148238],[126.741815,37.145063],[126.737599,37.14123],[126.737248,37.140641],[126.737289,37.140126],[126.737543,37.139741],[126.738028,37.139487],[126.738688,37.139606],[126.740288,37.140446],[126.741873,37.141057],[126.74303,37.141537],[126.745685,37.142355],[126.749608,37.143296],[126.75469,37.14463],[126.756152,37.144968],[126.762633,37.145839],[126.766703,37.146393],[126.76931,37.14671],[126.773242,37.146748],[126.775154,37.146875],[126.776367,37.147054],[126.782349,37.147734],[126.790509,37.148813],[126.796079,37.149634],[126.802697,37.150561],[126.803522,37.148811],[126.803701,37.148293],[126.806014,37.148764],[126.811243,37.149307],[126.813859,37.149747],[126.818434,37.150442],[126.819011,37.150497],[126.820339,37.150462],[126.821407,37.150263],[126.823039,37.149764],[126.823135,37.150026],[126.82357,37.14992],[126.824652,37.149847],[126.825991,37.14986],[126.82747,37.150052],[126.828107,37.150117],[126.828867,37.150056],[126.829812,37.150085],[126.830183,37.150176],[126.830549,37.15032],[126.831097,37.150917],[126.831863,37.151298],[126.832528,37.151487],[126.832996,37.151566],[126.834325,37.151684],[126.835622,37.151852],[126.835989,37.15195],[126.837523,37.152422],[126.838774,37.152766],[126.839442,37.153018],[126.83972,37.153218],[126.840325,37.153929],[126.841063,37.154305],[126.843301,37.155551],[126.843742,37.156054],[126.844682,37.15693],[126.844855,37.157357],[126.844754,37.158017],[126.844791,37.158339],[126.84507,37.1587],[126.846428,37.15934],[126.847612,37.159772],[126.848826,37.160443],[126.848961,37.160682],[126.850678,37.161836],[126.851147,37.162278],[126.851715,37.162653],[126.852918,37.162886],[126.854382,37.16325],[126.856034,37.163933],[126.857349,37.164435],[126.858662,37.164987],[126.859235,37.165399],[126.861275,37.167488],[126.862444,37.168621],[126.862733,37.169104],[126.862314,37.169279],[126.862298,37.170361],[126.862173,37.171024],[126.862474,37.171591],[126.862934,37.171976],[126.863357,37.172382],[126.864751,37.174449],[126.865108,37.174775],[126.865075,37.175068],[126.864604,37.175273],[126.864219,37.176064],[126.863889,37.176156],[126.86356,37.176454],[126.863603,37.176698],[126.863296,37.17687],[126.862999,37.17683],[126.861681,37.17678],[126.861281,37.176889],[126.8609,37.176771],[126.860652,37.17694],[126.859903,37.178099],[126.859743,37.178502],[126.860086,37.179409],[126.86058,37.180116],[126.860865,37.180304],[126.860913,37.180651],[126.861124,37.181533],[126.860036,37.181879],[126.858873,37.182138],[126.858067,37.182641],[126.858079,37.183417],[126.857711,37.183548],[126.857648,37.183656],[126.857707,37.184129],[126.857491,37.184335],[126.856985,37.18459],[126.85668,37.184816],[126.856794,37.185152],[126.857063,37.185627],[126.857555,37.185677],[126.85737,37.186299],[126.857431,37.187154],[126.857647,37.187501],[126.857827,37.187885],[126.858243,37.188135],[126.858658,37.188141],[126.858903,37.188327],[126.859961,37.188471],[126.860264,37.188828],[126.860295,37.189233],[126.860764,37.18955],[126.861051,37.189871],[126.86062,37.190441],[126.860595,37.191282],[126.859925,37.192003],[126.859753,37.192464],[126.859835,37.192774],[126.859726,37.193151],[126.860137,37.193627],[126.860632,37.19403],[126.8605,37.194766],[126.860629,37.195123],[126.861147,37.195197],[126.86142,37.195296],[126.861847,37.195347],[126.862885,37.195725],[126.863189,37.195948],[126.863073,37.196129],[126.862906,37.196208],[126.862859,37.196397],[126.862556,37.197053],[126.862357,37.197967],[126.862181,37.198879],[126.862193,37.199298],[126.862497,37.199547],[126.862368,37.199815],[126.862372,37.200031],[126.86264,37.200207],[126.862856,37.200709],[126.863175,37.201241],[126.863524,37.201607],[126.863776,37.202236],[126.864747,37.202934],[126.865133,37.202998],[126.86483,37.203327],[126.865241,37.204071],[126.865987,37.204497],[126.865911,37.205063],[126.865765,37.205692],[126.865501,37.206279],[126.865957,37.206636],[126.866209,37.20705],[126.866242,37.208069],[126.866481,37.208382],[126.866582,37.208806],[126.866997,37.20944],[126.865811,37.209808],[126.865783,37.209893],[126.865474,37.209912],[126.865535,37.210257],[126.865427,37.210935],[126.865578,37.21164],[126.864934,37.211709],[126.864212,37.211971],[126.863529,37.211558],[126.862954,37.211708],[126.862464,37.211935],[126.862031,37.212229],[126.861366,37.2134],[126.861112,37.213883],[126.860322,37.213689],[126.859153,37.214116],[126.858187,37.21395],[126.857606,37.213823],[126.856892,37.214264],[126.856374,37.214321],[126.856407,37.214544],[126.856019,37.215305],[126.855557,37.215389],[126.854613,37.215722],[126.854399,37.215724],[126.854855,37.217307],[126.85473,37.217429],[126.854663,37.217814],[126.854656,37.218247],[126.854115,37.218122],[126.853685,37.218217],[126.853207,37.218715],[126.852989,37.219739],[126.852859,37.220168],[126.852105,37.220079],[126.851188,37.219698],[126.850708,37.21975],[126.850273,37.219693],[126.849856,37.219698],[126.848989,37.220186],[126.84895,37.220581],[126.849171,37.220745],[126.849739,37.220935],[126.850057,37.221117],[126.850092,37.221214],[126.85024,37.222151],[126.85014,37.222455],[126.850159,37.223028],[126.850344,37.223529],[126.850648,37.223892],[126.850352,37.225247],[126.8502,37.225464],[126.850035,37.22586],[126.849929,37.226292],[126.850162,37.226751],[126.850246,37.227026],[126.850602,37.227425],[126.850743,37.228284],[126.850386,37.228165],[126.849881,37.228247],[126.849578,37.228213],[126.849404,37.227886],[126.849139,37.227618],[126.848545,37.227243],[126.847074,37.227731],[126.846965,37.228046],[126.846642,37.228262],[126.846586,37.228453],[126.846065,37.228942],[126.845472,37.229165],[126.845079,37.229251],[126.844759,37.229065],[126.844456,37.229008],[126.843386,37.228933],[126.842387,37.229154],[126.842,37.229319],[126.841114,37.229625],[126.840683,37.229879],[126.840524,37.23007],[126.840199,37.230255],[126.840214,37.2308],[126.83991,37.231168],[126.839717,37.231742],[126.839253,37.232168],[126.839176,37.232283],[126.838524,37.232201],[126.837328,37.232147],[126.836841,37.232366],[126.835714,37.232228],[126.835495,37.231616],[126.835416,37.230889],[126.835191,37.230532],[126.834431,37.230647],[126.833834,37.230553],[126.833305,37.230576],[126.832494,37.230521],[126.831691,37.23056],[126.831011,37.230346],[126.830494,37.23046],[126.830234,37.230388],[126.829261,37.229963],[126.828888,37.230198],[126.828321,37.230411],[126.828201,37.230854],[126.82819,37.231564],[126.828117,37.232162],[126.827844,37.232214],[126.827512,37.232772],[126.827328,37.233279],[126.827274,37.233603],[126.827241,37.234183],[126.827002,37.234996],[126.826947,37.235308],[126.825336,37.235196],[126.825393,37.235838],[126.824831,37.236173],[126.824372,37.236326],[126.823765,37.236745],[126.82415,37.23734],[126.824615,37.238193],[126.824875,37.238361],[126.825081,37.23859],[126.825513,37.238981],[126.82563,37.239695],[126.825908,37.240189],[126.826035,37.240893],[126.826311,37.241151],[126.826214,37.24185],[126.82622,37.242174],[126.826527,37.242272],[126.827331,37.243087],[126.827373,37.24332],[126.827213,37.243404],[126.827086,37.243658],[126.827017,37.244212],[126.826684,37.244729],[126.826514,37.245372],[126.826555,37.245817],[126.82669,37.246091],[126.826769,37.246387],[126.826757,37.246659],[126.826849,37.246927],[126.82667,37.247567],[126.82652,37.247745],[126.8264,37.248574],[126.82676,37.249386],[126.827113,37.250243],[126.827338,37.250528],[126.827202,37.250784],[126.827131,37.251056],[126.826956,37.25146],[126.827413,37.25193],[126.827712,37.251871],[126.828639,37.252587],[126.829835,37.252757],[126.830381,37.253238],[126.830701,37.253698],[126.831326,37.253623],[126.832351,37.2533],[126.832337,37.253654],[126.832949,37.25433],[126.834186,37.254591],[126.833739,37.256099],[126.833393,37.256714],[126.833697,37.257513],[126.834449,37.257873],[126.83466,37.258386],[126.835065,37.259065],[126.83557,37.259729],[126.836143,37.260211],[126.836237,37.260679],[126.836506,37.260956],[126.836427,37.261124],[126.836626,37.261446],[126.837158,37.261817],[126.837287,37.262111],[126.837482,37.262838],[126.838172,37.263456],[126.838608,37.264025],[126.839338,37.264398],[126.839338,37.264516],[126.841439,37.266288]]]},"properties":{"dong_name":"남양읍","ADM_CD":"31240150"}},
{"type":"Feature","geometry":{"type":"Polygon","coordinates":[[[126.956696,37.245127],[126.956314,37.246128],[126.956175,37.246761],[126.955804,37.246961],[126.955448,37.247085],[126.954997,37.247486],[126.954388,37.247774],[126.953638,37.248021],[126.95339,37.248211],[126.952894,37.248747],[126.952724,37.249517],[126.952698,37.2505],[126.952574,37.251202],[126.952503,37.25145],[126.952497,37.251729],[126.951697,37.252107],[126.950592,37.252462],[126.950361,37.252922],[126.950422,37.253462],[126.950282,37.253503],[126.949825,37.254062],[126.949858,37.25435],[126.9501,37.255504],[126.950083,37.25571],[126.949378,37.256043],[126.949006,37.256368],[126.948679,37.25648],[126.948391,37.256777],[126.947884,37.257029],[126.947501,37.257101],[126.946756,37.257457],[126.946345,37.257439],[126.945494,37.257154],[126.94497,37.257154],[126.944339,37.256996],[126.943589,37.256955],[126.9432,37.257077],[126.942665,37.256959],[126.942484,37.256991],[126.942084,37.256846],[126.94156,37.256716],[126.941402,37.256873],[126.94081,37.256927],[126.9405,37.256895],[126.940202,37.256778],[126.939492,37.256778],[126.939075,37.256669],[126.938748,37.256746],[126.938291,37.256705],[126.937981,37.256768],[126.937519,37.256749],[126.937051,37.256902],[126.936223,37.256798],[126.935794,37.256861],[126.935574,37.256974],[126.935207,37.257397],[126.935173,37.258091],[126.934621,37.258383],[126.934293,37.258816],[126.93307,37.259576],[126.93286,37.260306],[126.932454,37.260536],[126.932296,37.260811],[126.931822,37.260923],[126.930814,37.260927],[126.930639,37.261075],[126.93057,37.261648],[126.930322,37.262328],[126.930145,37.264021],[126.929593,37.264494],[126.929683,37.264899],[126.929632,37.265323],[126.929507,37.265683],[126.929597,37.265859],[126.929422,37.266193],[126.929624,37.266778],[126.929171,37.267078],[126.928896,37.267508],[126.928907,37.267999],[126.92819,37.268881],[126.928754,37.269287],[126.928962,37.269522],[126.929587,37.270598],[126.928488,37.270575],[126.928623,37.270823],[126.928589,37.271121],[126.928115,37.271274],[126.927467,37.27126],[126.927061,37.271336],[126.927077,37.271655],[126.926981,37.272061],[126.927308,37.272669],[126.927285,37.273165],[126.927346,37.273417],[126.927741,37.273683],[126.928096,37.273995],[126.928129,37.274129],[126.927993,37.275048],[126.928364,37.275792],[126.928538,37.276504],[126.928448,37.276779],[126.927636,37.277396],[126.927781,37.278179],[126.92733,37.278598],[126.927287,37.278805],[126.927031,37.278981],[126.926549,37.279071],[126.926185,37.279269],[126.925745,37.279633],[126.92509,37.28061],[126.924881,37.28116],[126.924283,37.281457],[126.923888,37.281434],[126.923394,37.281344],[126.923262,37.281384],[126.922681,37.281749],[126.922471,37.281914],[126.922043,37.28237],[126.921496,37.28291],[126.920994,37.282986],[126.92076,37.283335],[126.920237,37.284009],[126.919165,37.284841],[126.918511,37.285008],[126.917975,37.285309],[126.917709,37.285786],[126.917613,37.286106],[126.917545,37.28653],[126.917268,37.286908],[126.916702,37.287504],[126.916427,37.287889],[126.915794,37.289173],[126.91545,37.289758],[126.914727,37.29051],[126.914558,37.290654],[126.914253,37.290807],[126.913977,37.290748],[126.913322,37.290485],[126.913148,37.290351],[126.912737,37.290184],[126.912047,37.290173],[126.911586,37.290265],[126.910916,37.290115],[126.909653,37.290042],[126.909258,37.289961],[126.908003,37.290026],[126.906632,37.289948],[126.905615,37.290008],[126.904758,37.290493],[126.904441,37.290722],[126.903872,37.291015],[126.903765,37.291125],[126.903049,37.290794],[126.902474,37.290739],[126.902152,37.29119],[126.901717,37.291428],[126.901033,37.291397],[126.900692,37.291339],[126.900567,37.29118],[126.900053,37.290913],[126.899979,37.290646],[126.899389,37.290259],[126.898979,37.290097],[126.898635,37.2897],[126.897976,37.28954],[126.897914,37.289487],[126.897249,37.289347],[126.896724,37.289351],[126.896437,37.289292],[126.896197,37.28901],[126.89571,37.288535],[126.89548,37.287922],[126.89468,37.287696],[126.894324,37.287754],[126.894387,37.287101],[126.893423,37.286705],[126.893074,37.286591],[126.893179,37.286149],[126.893205,37.285717],[126.893127,37.285172],[126.89209,37.284702],[126.891954,37.284551],[126.891015,37.283855],[126.891257,37.28363],[126.891067,37.283266],[126.890683,37.282939],[126.8902,37.282593],[126.890058,37.282058],[126.889842,37.281985],[126.888495,37.282692],[126.888177,37.282811],[126.887742,37.282833],[126.886935,37.282931],[126.886748,37.283014],[126.886652,37.283198],[126.886439,37.283338],[126.886232,37.283338],[126.88557,37.282592],[126.885496,37.282831],[126.88522,37.282962],[126.885023,37.282849],[126.884628,37.282799],[126.884226,37.282948],[126.884109,37.283398],[126.883756,37.28347],[126.883556,37.283568],[126.882969,37.283712],[126.882321,37.283729],[126.882084,37.283639],[126.881661,37.283787],[126.881599,37.283922],[126.881722,37.284157],[126.881733,37.284413],[126.881169,37.28452],[126.881152,37.284611],[126.880684,37.284849],[126.880526,37.284709],[126.880244,37.284821],[126.879793,37.285109],[126.879651,37.285258],[126.879042,37.285613],[126.878862,37.285419],[126.878659,37.284955],[126.878406,37.284657],[126.87809,37.284801],[126.877746,37.284561],[126.877361,37.284391],[126.877156,37.283969],[126.877204,37.283888],[126.877067,37.283592],[126.877033,37.283103],[126.87718,37.282688],[126.876966,37.282609],[126.876549,37.282367],[126.876433,37.282029],[126.876087,37.281601],[126.875676,37.281149],[126.87501,37.280874],[126.874848,37.280591],[126.874376,37.280549],[126.874027,37.280423],[126.873779,37.280219],[126.873652,37.279823],[126.873544,37.279755],[126.873011,37.279701],[126.872748,37.279589],[126.872232,37.279459],[126.872067,37.279646],[126.871656,37.280512],[126.871602,37.280564],[126.870947,37.280599],[126.870327,37.280817],[126.870009,37.280787],[126.869149,37.281057],[126.868114,37.281211],[126.867835,37.281391],[126.867146,37.281696],[126.866775,37.281489],[126.865072,37.281394],[126.864722,37.281477],[126.864113,37.281519],[126.864038,37.281369],[126.863742,37.28149],[126.863269,37.281512],[126.863127,37.281455],[126.863226,37.281253],[126.863022,37.281258],[126.86267,37.281087],[126.86256,37.281129],[126.862314,37.280788],[126.862085,37.280778],[126.861961,37.280662],[126.862126,37.280098],[126.862394,37.279751],[126.862237,37.279625],[126.861966,37.279653],[126.861965,37.279373],[126.862102,37.279292],[126.862023,37.279111],[126.862133,37.278979],[126.862406,37.278931],[126.862823,37.27905],[126.8629,37.278971],[126.862946,37.278673],[126.863196,37.278457],[126.863153,37.278168],[126.862978,37.278019],[126.86277,37.277718],[126.86261,37.27722],[126.86269,37.276897],[126.862547,37.27623],[126.862469,37.275994],[126.862478,37.275715],[126.862219,37.275382],[126.863135,37.274098],[126.863301,37.27419],[126.863548,37.27379],[126.863543,37.27369],[126.863916,37.272806],[126.864301,37.272858],[126.865162,37.273179],[126.865319,37.273289],[126.865355,37.273492],[126.865703,37.273926],[126.865936,37.274022],[126.866601,37.274083],[126.866931,37.274199],[126.867679,37.274302],[126.868399,37.274445],[126.869213,37.274797],[126.870068,37.274913],[126.870427,37.274739],[126.871041,37.275027],[126.87128,37.275168],[126.871388,37.275357],[126.871474,37.275693],[126.871836,37.275817],[126.872659,37.275883],[126.87317,37.276041],[126.8742,37.276617],[126.874524,37.277087],[126.875308,37.277399],[126.875308,37.277011],[126.875037,37.276762],[126.874761,37.276577],[126.874649,37.276232],[126.874708,37.276019],[126.874571,37.275833],[126.874693,37.275527],[126.874495,37.275209],[126.873936,37.275421],[126.873921,37.275619],[126.873787,37.275827],[126.873587,37.275909],[126.873147,37.275774],[126.8729,37.275631],[126.872496,37.275578],[126.872166,37.275416],[126.8719,37.275211],[126.871792,37.27487],[126.870858,37.274477],[126.870207,37.274338],[126.87011,37.274228],[126.870416,37.27409],[126.869332,37.273986],[126.86895,37.273924],[126.865666,37.27288],[126.865101,37.272535],[126.86473,37.272414],[126.863836,37.272211],[126.862638,37.272513],[126.862095,37.272293],[126.861941,37.272189],[126.861826,37.272503],[126.861176,37.272489],[126.85924,37.272624],[126.857438,37.272666],[126.856945,37.27158],[126.856956,37.271515],[126.855949,37.269919],[126.856555,37.26952],[126.857146,37.269352],[126.857317,37.269387],[126.858294,37.269859],[126.858568,37.269887],[126.858793,37.269661],[126.858928,37.269163],[126.859085,37.268793],[126.859229,37.268678],[126.860037,37.268369],[126.860395,37.267999],[126.860627,37.267048],[126.860869,37.266319],[126.861554,37.265836],[126.862123,37.265562],[126.862484,37.265586],[126.862737,37.265782],[126.862887,37.266402],[126.863081,37.266823],[126.863431,37.266997],[126.864192,37.267055],[126.864495,37.266959],[126.8647,37.266718],[126.864673,37.266202],[126.8647,37.265947],[126.864834,37.265785],[126.865376,37.2656],[126.865783,37.265196],[126.865803,37.264824],[126.866079,37.264638],[126.866356,37.264358],[126.866394,37.263933],[126.866278,37.263701],[126.866236,37.263129],[126.866475,37.262788],[126.866802,37.262563],[126.866919,37.262306],[126.866601,37.261814],[126.866515,37.261484],[126.866725,37.261144],[126.866979,37.260874],[126.867103,37.260284],[126.867466,37.259747],[126.867756,37.259637],[126.868451,37.259731],[126.869842,37.259437],[126.870101,37.259289],[126.870407,37.259037],[126.87069,37.258976],[126.870943,37.259079],[126.871039,37.259353],[126.871107,37.259729],[126.871385,37.259946],[126.87242,37.260068],[126.872645,37.260125],[126.873372,37.260454],[126.873557,37.260501],[126.874047,37.260511],[126.874389,37.260366],[126.874701,37.260015],[126.87502,37.259867],[126.87524,37.259601],[126.875602,37.259342],[126.876068,37.258886],[126.876444,37.258778],[126.876723,37.258771],[126.876894,37.258685],[126.877454,37.258164],[126.877899,37.257996],[126.878513,37.257866],[126.878977,37.257694],[126.879382,37.257637],[126.879918,37.257692],[126.881078,37.257375],[126.881537,37.25715],[126.882146,37.256973],[126.882598,37.257129],[126.883064,37.257154],[126.883278,37.257058],[126.88334,37.256835],[126.883189,37.256733],[126.88327,37.256568],[126.884061,37.25637],[126.884764,37.256385],[126.884984,37.256496],[126.885485,37.256435],[126.886563,37.256415],[126.887106,37.256255],[126.887485,37.255798],[126.888436,37.254],[126.888746,37.253436],[126.889055,37.252938],[126.889081,37.252614],[126.889247,37.252303],[126.8893,37.251877],[126.889642,37.250345],[126.889895,37.250128],[126.890113,37.250077],[126.890178,37.249794],[126.890808,37.24988],[126.891347,37.249879],[126.891711,37.250003],[126.892006,37.249962],[126.89233,37.250034],[126.892743,37.250301],[126.892773,37.250445],[126.892995,37.250656],[126.89332,37.251046],[126.893693,37.250804],[126.893882,37.250603],[126.893685,37.250314],[126.893472,37.250093],[126.893473,37.249841],[126.894231,37.249535],[126.894517,37.249476],[126.894911,37.249235],[126.89495,37.248709],[126.895033,37.248688],[126.895215,37.248325],[126.895408,37.248239],[126.895721,37.247938],[126.896353,37.246985],[126.896673,37.24619],[126.897306,37.245724],[126.897936,37.24459],[126.898325,37.244019],[126.898826,37.243492],[126.899256,37.242872],[126.899367,37.242823],[126.90029,37.242928],[126.90077,37.243139],[126.901454,37.243501],[126.902226,37.243207],[126.903041,37.243193],[126.90321,37.24314],[126.903713,37.243122],[126.904055,37.243039],[126.90508,37.24236],[126.904966,37.241993],[126.904843,37.241435],[126.905777,37.241613],[126.906288,37.241296],[126.906795,37.240891],[126.907535,37.240773],[126.908443,37.240353],[126.909463,37.24029],[126.910244,37.24018],[126.910241,37.239508],[126.911021,37.239353],[126.911555,37.238882],[126.91243,37.238582],[126.912771,37.238506],[126.913759,37.238357],[126.913817,37.238798],[126.914504,37.238623],[126.915337,37.238938],[126.915973,37.239392],[126.917009,37.240414],[126.918567,37.239636],[126.919241,37.239168],[126.920036,37.239082],[126.921362,37.239927],[126.921821,37.239854],[126.922107,37.239602],[126.922457,37.239436],[126.923104,37.239235],[126.925158,37.239026],[126.925303,37.238987],[126.925214,37.238622],[126.925201,37.238279],[126.925039,37.238137],[126.92485,37.237678],[126.924751,37.237607],[126.924512,37.237161],[126.924306,37.236862],[126.924285,37.236397],[126.924486,37.235806],[126.924386,37.235487],[126.924363,37.235211],[126.92473,37.235366],[126.925107,37.235304],[126.925454,37.235347],[126.926197,37.235567],[126.926608,37.235754],[126.926748,37.23577],[126.927379,37.235609],[126.927593,37.235757],[126.928054,37.235411],[126.928176,37.235705],[126.928265,37.236123],[126.928115,37.23651],[126.928405,37.236888],[126.929566,37.237818],[126.929696,37.238004],[126.929579,37.238247],[126.929413,37.238879],[126.929401,37.23948],[126.92962,37.240677],[126.930025,37.241495],[126.93004,37.241792],[126.93037,37.24236],[126.930709,37.242808],[126.931007,37.242788],[126.931445,37.242913],[126.931977,37.242808],[126.931676,37.243314],[126.931467,37.243492],[126.931275,37.243943],[126.931057,37.244284],[126.931122,37.24437],[126.931433,37.244247],[126.931818,37.244181],[126.932084,37.243829],[126.932993,37.243603],[126.933561,37.243562],[126.934722,37.243333],[126.935475,37.243236],[126.936032,37.242919],[126.936617,37.242729],[126.936972,37.242884],[126.937586,37.242884],[126.938169,37.242746],[126.938919,37.242425],[126.939783,37.241913],[126.940113,37.241637],[126.940842,37.240786],[126.941464,37.240153],[126.941781,37.239946],[126.94216,37.239818],[126.942407,37.239467],[126.942793,37.239317],[126.943492,37.239149],[126.943973,37.238957],[126.944197,37.238913],[126.945,37.23902],[126.945455,37.239],[126.946085,37.23907],[126.946462,37.239243],[126.946731,37.239567],[126.947048,37.240112],[126.947154,37.240148],[126.947404,37.240448],[126.94779,37.241274],[126.947973,37.241803],[126.948029,37.24208],[126.948006,37.242308],[126.947899,37.242489],[126.947938,37.242742],[126.948072,37.242959],[126.948507,37.243285],[126.948757,37.243284],[126.949131,37.243152],[126.949803,37.243047],[126.950354,37.242803],[126.951102,37.242594],[126.951654,37.24258],[126.953216,37.242465],[126.953516,37.242801],[126.953846,37.242855],[126.954311,37.24313],[126.95455,37.243445],[126.955453,37.244528],[126.955741,37.245172],[126.956197,37.245244],[126.956696,37.245127]]]},"properties":{"dong_name":"매송면","ADM_CD":"31240310"}},
{"type":"Feature","geometry":{"type":"Polygon","coordinates":[[[126.91243,37.238582],[126.911555,37.238882],[126.911021,37.239353],[126.910241,37.239508],[126.910244,37.24018],[126.909463,37.24029],[126.908443,37.240353],[126.907535,37.240773],[126.906795,37.240891],[126.906288,37.241296],[126.905777,37.241613],[126.904843,37.241435],[126.904966,37.241993],[126.90508,37.24236],[126.904055,37.243039],[126.903713,37.243122],[126.90321,37.24314],[126.903041,37.243193],[126.902226,37.243207],[126.901454,37.243501],[126.90077,37.243139],[126.90029,37.242928],[126.899367,37.242823],[126.899256,37.242872],[126.898826,37.243492],[126.898325,37.244019],[126.897936,37.24459],[126.897306,37.245724],[126.896673,37.24619],[126.896353,37.246985],[126.895721,37.247938],[126.895408,37.248239],[126.895215,37.248325],[126.895033,37.248688],[126.89495,37.248709],[126.894911,37.249235],[126.894517,37.249476],[126.894231,37.249535],[126.893473,37.249841],[126.893472,37.250093],[126.893685,37.250314],[126.893882,37.250603],[126.893693,37.250804],[126.89332,37.251046],[126.892995,37.250656],[126.892773,37.250445],[126.892743,37.250301],[126.89233,37.250034],[126.892006,37.249962],[126.891711,37.250003],[126.891347,37.249879],[126.890808,37.24988],[126.890178,37.249794],[126.890113,37.250077],[126.889895,37.250128],[126.889642,37.250345],[126.8893,37.251877],[126.889247,37.252303],[126.889081,37.252614],[126.889055,37.252938],[126.888746,37.253436],[126.888436,37.254],[126.887485,37.255798],[126.887106,37.256255],[126.886563,37.256415],[126.885485,37.256435],[126.884984,37.256496],[126.884764,37.256385],[126.884061,37.25637],[126.88327,37.256568],[126.883189,37.256733],[126.88334,37.256835],[126.883278,37.257058],[126.883064,37.257154],[126.882598,37.257129],[126.882146,37.256973],[126.881537,37.25715],[126.881078,37.257375],[126.879918,37.257692],[126.879382,37.257637],[126.878977,37.257694],[126.878513,37.257866],[126.877899,37.257996],[126.877454,37.258164],[126.876894,37.258685],[126.876723,37.258771],[126.876444,37.258778],[126.876068,37.258886],[126.875602,37.259342],[126.87524,37.259601],[126.87502,37.259867],[126.874701,37.260015],[126.874389,37.260366],[126.874047,37.260511],[126.873557,37.260501],[126.873372,37.260454],[126.872645,37.260125],[126.87242,37.260068],[126.871385,37.259946],[126.871107,37.259729],[126.871039,37.259353],[126.870943,37.259079],[126.87069,37.258976],[126.870407,37.259037],[126.870101,37.259289],[126.869842,37.259437],[126.868451,37.259731],[126.867756,37.259637],[126.867466,37.259747],[126.867103,37.260284],[126.866979,37.260874],[126.866725,37.261144],[126.866515,37.261484],[126.866601,37.261814],[126.866919,37.262306],[126.866802,37.262563],[126.866475,37.262788],[126.866236,37.263129],[126.866278,37.263701],[126.866394,37.263933],[126.866356,37.264358],[126.866079,37.264638],[126.865803,37.264824],[126.865783,37.265196],[126.865376,37.2656],[126.864834,37.265785],[126.8647,37.265947],[126.864673,37.266202],[126.8647,37.266718],[126.864495,37.266959],[126.864192,37.267055],[126.863431,37.266997],[126.863081,37.266823],[126.862887,37.266402],[126.862737,37.265782],[126.862484,37.265586],[126.862123,37.265562],[126.861554,37.265836],[126.860869,37.266319],[126.860627,37.267048],[126.860395,37.267999],[126.860037,37.268369],[126.859229,37.268678],[126.859085,37.268793],[126.858928,37.269163],[126.858793,37.269661],[126.858568,37.269887],[126.858294,37.269859],[126.857317,37.269387],[126.857146,37.269352],[126.856555,37.26952],[126.855949,37.269919],[126.855699,37.269522],[126.855556,37.269488],[126.854203,37.268088],[126.853821,37.267897],[126.853031,37.267749],[126.852411,37.267674],[126.851714,37.267402],[126.849842,37.265998],[126.849777,37.265852],[126.849879,37.265615],[126.851422,37.264326],[126.851082,37.263979],[126.85065,37.263649],[126.849574,37.262451],[126.84886,37.261738],[126.848808,37.261489],[126.849231,37.261113],[126.849724,37.26038],[126.850743,37.260448],[126.850612,37.259758],[126.850638,37.259663],[126.850226,37.259073],[126.850127,37.258722],[126.849937,37.258325],[126.850084,37.258022],[126.849659,37.257504],[126.849718,37.258046],[126.849679,37.258363],[126.849789,37.258756],[126.850114,37.259176],[126.850153,37.259409],[126.849463,37.259686],[126.84933,37.259809],[126.849306,37.259983],[126.849366,37.260358],[126.849264,37.260576],[126.848989,37.260753],[126.848676,37.260664],[126.847931,37.259943],[126.84745,37.259773],[126.846835,37.259813],[126.846458,37.259727],[126.846043,37.259699],[126.845455,37.259958],[126.845352,37.260086],[126.845241,37.260465],[126.845217,37.260827],[126.845408,37.261121],[126.84595,37.262159],[126.846371,37.263291],[126.846506,37.263982],[126.846418,37.26412],[126.846007,37.264281],[126.845614,37.264745],[126.844464,37.266295],[126.844989,37.266804],[126.843914,37.267485],[126.843113,37.267717],[126.842629,37.267284],[126.841439,37.266288],[126.839338,37.264516],[126.839338,37.264398],[126.838608,37.264025],[126.838172,37.263456],[126.837482,37.262838],[126.837287,37.262111],[126.837158,37.261817],[126.836626,37.261446],[126.836427,37.261124],[126.836506,37.260956],[126.836237,37.260679],[126.836143,37.260211],[126.83557,37.259729],[126.835065,37.259065],[126.83466,37.258386],[126.834449,37.257873],[126.833697,37.257513],[126.833393,37.256714],[126.833739,37.256099],[126.834186,37.254591],[126.832949,37.25433],[126.832337,37.253654],[126.832351,37.2533],[126.831326,37.253623],[126.830701,37.253698],[126.830381,37.253238],[126.829835,37.252757],[126.828639,37.252587],[126.827712,37.251871],[126.827413,37.25193],[126.826956,37.25146],[126.827131,37.251056],[126.827202,37.250784],[126.827338,37.250528],[126.827113,37.250243],[126.82676,37.249386],[126.8264,37.248574],[126.82652,37.247745],[126.82667,37.247567],[126.826849,37.246927],[126.826757,37.246659],[126.826769,37.246387],[126.82669,37.246091],[126.826555,37.245817],[126.826514,37.245372],[126.826684,37.244729],[126.827017,37.244212],[126.827086,37.243658],[126.827213,37.243404],[126.827373,37.24332],[126.827331,37.243087],[126.826527,37.242272],[126.82622,37.242174],[126.826214,37.24185],[126.826311,37.241151],[126.826035,37.240893],[126.825908,37.240189],[126.82563,37.239695],[126.825513,37.238981],[126.825081,37.23859],[126.824875,37.238361],[126.824615,37.238193],[126.82415,37.23734],[126.823765,37.236745],[126.824372,37.236326],[126.824831,37.236173],[126.825393,37.235838],[126.825336,37.235196],[126.826947,37.235308],[126.827002,37.234996],[126.827241,37.234183],[126.827274,37.233603],[126.827328,37.233279],[126.827512,37.232772],[126.827844,37.232214],[126.828117,37.232162],[126.82819,37.231564],[126.828201,37.230854],[126.828321,37.230411],[126.828888,37.230198],[126.829261,37.229963],[126.830234,37.230388],[126.830494,37.23046],[126.831011,37.230346],[126.831691,37.23056],[126.832494,37.230521],[126.833305,37.230576],[126.833834,37.230553],[126.834431,37.230647],[126.835191,37.230532],[126.835416,37.230889],[126.835495,37.231616],[126.835714,37.232228],[126.836841,37.232366],[126.837328,37.232147],[126.838524,37.232201],[126.839176,37.232283],[126.839253,37.232168],[126.839717,37.231742],[126.83991,37.231168],[126.840214,37.2308],[126.840199,37.230255],[126.840524,37.23007],[126.840683,37.229879],[126.841114,37.229625],[126.842,37.229319],[126.842387,37.229154],[126.843386,37.228933],[126.844456,37.229008],[126.844759,37.229065],[126.845079,37.229251],[126.845472,37.229165],[126.846065,37.228942],[126.846586,37.228453],[126.846642,37.228262],[126.846965,37.228046],[126.847074,37.227731],[126.848545,37.227243],[126.849139,37.227618],[126.849404,37.227886],[126.849578,37.228213],[126.849881,37.228247],[126.850386,37.228165],[126.850743,37.228284],[126.850602,37.227425],[126.850246,37.227026],[126.850162,37.226751],[126.849929,37.226292],[126.850035,37.22586],[126.8502,37.225464],[126.850352,37.225247],[126.850648,37.223892],[126.850344,37.223529],[126.850159,37.223028],[126.85014,37.222455],[126.85024,37.222151],[126.850092,37.221214],[126.850057,37.221117],[126.849739,37.220935],[126.849171,37.220745],[126.84895,37.220581],[126.848989,37.220186],[126.849856,37.219698],[126.850273,37.219693],[126.850708,37.21975],[126.851188,37.219698],[126.852105,37.220079],[126.852859,37.220168],[126.852989,37.219739],[126.853207,37.218715],[126.853685,37.218217],[126.854115,37.218122],[126.854656,37.218247],[126.854663,37.217814],[126.85473,37.217429],[126.854855,37.217307],[126.854399,37.215724],[126.854613,37.215722],[126.855557,37.215389],[126.856019,37.215305],[126.856407,37.214544],[126.856374,37.214321],[126.856892,37.214264],[126.857606,37.213823],[126.858187,37.21395],[126.859153,37.214116],[126.860322,37.213689],[126.861112,37.213883],[126.861366,37.2134],[126.862031,37.212229],[126.862464,37.211935],[126.862954,37.211708],[126.863529,37.211558],[126.864212,37.211971],[126.864934,37.211709],[126.865578,37.21164],[126.865427,37.210935],[126.865535,37.210257],[126.865474,37.209912],[126.865783,37.209893],[126.865811,37.209808],[126.866997,37.20944],[126.866582,37.208806],[126.866481,37.208382],[126.866242,37.208069],[126.866209,37.20705],[126.865957,37.206636],[126.865501,37.206279],[126.865765,37.205692],[126.865911,37.205063],[126.865987,37.204497],[126.865241,37.204071],[126.86483,37.203327],[126.865133,37.202998],[126.864747,37.202934],[126.863776,37.202236],[126.863524,37.201607],[126.863175,37.201241],[126.862856,37.200709],[126.86264,37.200207],[126.863307,37.199882],[126.864099,37.1997],[126.865395,37.199878],[126.865758,37.20023],[126.867008,37.199657],[126.867064,37.199292],[126.867285,37.198823],[126.867599,37.198631],[126.867777,37.198442],[126.868373,37.198224],[126.869195,37.198032],[126.870573,37.197641],[126.871251,37.197193],[126.872616,37.196826],[126.873272,37.196565],[126.873471,37.195806],[126.87409,37.195197],[126.874516,37.194486],[126.874835,37.194161],[126.875092,37.193499],[126.87552,37.193219],[126.876284,37.192959],[126.876392,37.192883],[126.876775,37.193096],[126.87674,37.193483],[126.876644,37.193612],[126.878988,37.193176],[126.878708,37.194313],[126.878716,37.194414],[126.88088,37.196142],[126.881122,37.196317],[126.882143,37.19713],[126.885258,37.197211],[126.885484,37.197184],[126.88526,37.196785],[126.885621,37.196807],[126.885645,37.197052],[126.886339,37.197065],[126.887223,37.197126],[126.887218,37.196971],[126.887965,37.196937],[126.888041,37.197037],[126.888451,37.197005],[126.888489,37.197335],[126.888561,37.197387],[126.889037,37.197295],[126.889621,37.197029],[126.88968,37.197056],[126.889907,37.196555],[126.890265,37.196101],[126.890469,37.195579],[126.892182,37.194468],[126.892849,37.194107],[126.892858,37.194053],[126.893304,37.193791],[126.894045,37.193189],[126.894157,37.192951],[126.89416,37.192583],[126.894301,37.192406],[126.894499,37.19203],[126.894704,37.191904],[126.894903,37.191885],[126.895547,37.191709],[126.895756,37.191791],[126.89574,37.192411],[126.895399,37.192819],[126.895378,37.193344],[126.89548,37.193672],[126.895908,37.193999],[126.896714,37.194202],[126.898294,37.19384],[126.899237,37.193969],[126.900025,37.193861],[126.900085,37.193968],[126.900644,37.194436],[126.900867,37.194896],[126.900926,37.195103],[126.900835,37.195658],[126.901049,37.195967],[126.901864,37.196012],[126.902507,37.196854],[126.90312,37.19755],[126.903105,37.197726],[126.903312,37.197989],[126.903985,37.198667],[126.904269,37.198905],[126.904804,37.199146],[126.905482,37.199102],[126.906187,37.1992],[126.906327,37.199793],[126.906542,37.20115],[126.906545,37.20142],[126.90702,37.201731],[126.906744,37.202395],[126.90673,37.202609],[126.906929,37.202804],[126.90698,37.20314],[126.90688,37.20345],[126.906925,37.204005],[126.906995,37.204132],[126.907034,37.204584],[126.906739,37.205139],[126.907068,37.205738],[126.907556,37.206442],[126.907928,37.207035],[126.908504,37.207902],[126.908293,37.208055],[126.907562,37.208119],[126.907512,37.208731],[126.906881,37.209433],[126.906889,37.209594],[126.907232,37.209881],[126.907311,37.210312],[126.907255,37.210475],[126.907318,37.211332],[126.90713,37.211711],[126.906907,37.211919],[126.906587,37.212135],[126.905988,37.212437],[126.90555,37.212895],[126.904645,37.213445],[126.904387,37.213965],[126.90408,37.214327],[126.903739,37.214852],[126.903679,37.215257],[126.903274,37.216309],[126.902823,37.21665],[126.903579,37.217044],[126.904019,37.217611],[126.905052,37.217857],[126.905371,37.218136],[126.905536,37.218592],[126.906142,37.21925],[126.906329,37.220031],[126.906478,37.220254],[126.906971,37.220219],[126.907433,37.220833],[126.908264,37.221524],[126.908672,37.221655],[126.90976,37.221876],[126.909742,37.222343],[126.909555,37.22242],[126.909529,37.222928],[126.90934,37.224158],[126.909331,37.224538],[126.908833,37.225312],[126.908459,37.226177],[126.908366,37.226655],[126.90809,37.227268],[126.908715,37.227753],[126.909362,37.22806],[126.909846,37.228091],[126.910051,37.228177],[126.910165,37.228933],[126.910115,37.229297],[126.910718,37.230458],[126.911015,37.230776],[126.912068,37.231814],[126.913775,37.233013],[126.913514,37.233035],[126.913184,37.233331],[126.912621,37.234175],[126.912746,37.234573],[126.9127,37.234806],[126.912053,37.235131],[126.912245,37.235553],[126.912361,37.236007],[126.912503,37.23681],[126.912198,37.237493],[126.91243,37.238582]]]},"properties":{"dong_name":"비봉면","ADM_CD":"31240330"}},
{"type":"Feature","geometry":{"type":"Polygon","coordinates":[[[126.789802,37.17512],[126.793812,37.180334],[126.79475,37.181534],[126.794771,37.18448],[126.794765,37.185739],[126.793368,37.1863],[126.790569,37.187404],[126.790857,37.187467],[126.791088,37.187687],[126.791324,37.187708],[126.791545,37.187161],[126.79257,37.18703],[126.793367,37.186786],[126.79553,37.186148],[126.796426,37.187358],[126.796413,37.187516],[126.796121,37.18838],[126.796091,37.188592],[126.796336,37.189181],[126.796981,37.190281],[126.7972,37.19054],[126.797156,37.190724],[126.797287,37.19096],[126.797794,37.192522],[126.795889,37.193218],[126.795276,37.193356],[126.794034,37.194616],[126.793558,37.194825],[126.793202,37.195025],[126.792981,37.195271],[126.792337,37.195614],[126.791975,37.196165],[126.791838,37.196763],[126.791533,37.197169],[126.79154,37.197532],[126.791451,37.197766],[126.79152,37.197963],[126.791507,37.198258],[126.791369,37.198564],[126.791073,37.1989],[126.790245,37.199712],[126.790073,37.199998],[126.79033,37.200148],[126.791293,37.200893],[126.791535,37.201238],[126.79146,37.20168],[126.791183,37.202315],[126.79162,37.202361],[126.791671,37.202525],[126.791542,37.20271],[126.791101,37.20268],[126.791756,37.203755],[126.792043,37.203833],[126.792942,37.204145],[126.793479,37.204277],[126.794177,37.204581],[126.79498,37.205052],[126.79506,37.205528],[126.794812,37.205921],[126.794721,37.207149],[126.794601,37.207371],[126.795076,37.207758],[126.795435,37.208222],[126.796193,37.208891],[126.79611,37.209376],[126.796331,37.210234],[126.796762,37.210684],[126.797538,37.21093],[126.798259,37.211879],[126.798748,37.211772],[126.800254,37.213356],[126.801547,37.213563],[126.801869,37.214309],[126.801619,37.214871],[126.80136,37.215703],[126.801028,37.216105],[126.800723,37.216801],[126.800492,37.217046],[126.800249,37.217539],[126.799659,37.218331],[126.799646,37.218459],[126.799463,37.218782],[126.79905,37.21932],[126.7999,37.219473],[126.799813,37.219685],[126.798973,37.219582],[126.798567,37.219565],[126.798445,37.219736],[126.798626,37.219933],[126.798545,37.220248],[126.7993,37.220363],[126.798958,37.221437],[126.799131,37.221704],[126.799298,37.221793],[126.799334,37.222056],[126.799288,37.222299],[126.798992,37.222744],[126.798719,37.223054],[126.798333,37.223287],[126.798114,37.223483],[126.797389,37.224325],[126.797089,37.224612],[126.797269,37.224871],[126.79716,37.225134],[126.797187,37.225327],[126.796948,37.225484],[126.796823,37.225754],[126.796357,37.225846],[126.795358,37.226381],[126.794864,37.226517],[126.794561,37.226536],[126.794421,37.22672],[126.794401,37.226968],[126.794226,37.227186],[126.794415,37.227584],[126.794392,37.227693],[126.793996,37.22791],[126.794055,37.228141],[126.79363,37.228408],[126.793244,37.228505],[126.792998,37.228753],[126.793045,37.229029],[126.793203,37.229132],[126.793199,37.229539],[126.792922,37.229634],[126.792728,37.229873],[126.792681,37.230486],[126.792441,37.230757],[126.792232,37.230803],[126.791922,37.231287],[126.791566,37.231642],[126.791534,37.231761],[126.790627,37.232487],[126.790411,37.232556],[126.789669,37.232564],[126.789372,37.232516],[126.789243,37.232725],[126.788877,37.232549],[126.788779,37.232384],[126.788616,37.232491],[126.788007,37.232541],[126.787761,37.232507],[126.787496,37.232636],[126.787226,37.232636],[126.786963,37.232988],[126.786646,37.232957],[126.786548,37.233084],[126.786301,37.232904],[126.786009,37.233171],[126.785015,37.232364],[126.784876,37.231866],[126.784259,37.231307],[126.783523,37.230709],[126.783214,37.23042],[126.782713,37.230245],[126.782384,37.229978],[126.782474,37.229347],[126.782507,37.228397],[126.781425,37.226993],[126.777249,37.223276],[126.772831,37.219441],[126.773452,37.218099],[126.772706,37.215981],[126.772634,37.215019],[126.774267,37.212513],[126.773715,37.210913],[126.774559,37.210421],[126.774529,37.210206],[126.773913,37.210159],[126.773016,37.210217],[126.772646,37.210321],[126.770609,37.210704],[126.768709,37.211042],[126.768438,37.210897],[126.76834,37.210457],[126.768086,37.210318],[126.766412,37.210506],[126.765458,37.210583],[126.765079,37.210674],[126.764742,37.210673],[126.76429,37.210732],[126.763706,37.210632],[126.763498,37.210567],[126.761828,37.210721],[126.761549,37.210681],[126.761336,37.210562],[126.761434,37.210359],[126.761144,37.210107],[126.760792,37.210082],[126.760623,37.209926],[126.760688,37.2092],[126.760898,37.208625],[126.760886,37.208322],[126.760755,37.207897],[126.760417,37.207859],[126.75922,37.207163],[126.758591,37.206701],[126.758295,37.206289],[126.757902,37.206016],[126.757766,37.205822],[126.757114,37.205922],[126.756524,37.206076],[126.75609,37.206312],[126.755773,37.206612],[126.755466,37.207077],[126.755012,37.207392],[126.754384,37.208032],[126.754508,37.208151],[126.754407,37.20836],[126.754399,37.208688],[126.754119,37.208769],[126.754147,37.208967],[126.754371,37.209047],[126.75436,37.209344],[126.755067,37.209388],[126.754989,37.210289],[126.754493,37.210362],[126.753893,37.210688],[126.753155,37.210865],[126.752801,37.21124],[126.752589,37.211396],[126.751533,37.211408],[126.750897,37.211382],[126.750454,37.210969],[126.750443,37.209954],[126.750409,37.209379],[126.750301,37.209213],[126.750319,37.208779],[126.750239,37.208668],[126.749927,37.208708],[126.749831,37.208506],[126.749706,37.207618],[126.74964,37.207301],[126.749614,37.206857],[126.749487,37.206627],[126.749297,37.20661],[126.749147,37.206421],[126.748834,37.206155],[126.74856,37.20617],[126.748397,37.206076],[126.748156,37.206221],[126.747635,37.206264],[126.747472,37.206044],[126.747243,37.205516],[126.746713,37.205356],[126.745885,37.205246],[126.745324,37.205341],[126.744931,37.205611],[126.744686,37.205841],[126.743772,37.20628],[126.742659,37.20589],[126.742241,37.205845],[126.741581,37.205473],[126.740895,37.205397],[126.740576,37.205268],[126.740394,37.205314],[126.739946,37.205228],[126.739727,37.205294],[126.739427,37.205278],[126.738931,37.205147],[126.738537,37.204909],[126.738167,37.20448],[126.737714,37.204502],[126.736861,37.203407],[126.736715,37.203267],[126.736471,37.203181],[126.736407,37.203071],[126.73587,37.202637],[126.735943,37.202936],[126.735637,37.202898],[126.735062,37.202766],[126.733955,37.202768],[126.73382,37.203056],[126.733816,37.20351],[126.733449,37.203505],[126.732632,37.20314],[126.732452,37.202943],[126.730645,37.202622],[126.730472,37.202669],[126.729883,37.202336],[126.72958,37.202247],[126.729274,37.202279],[126.729066,37.202383],[126.728778,37.202285],[126.727934,37.200717],[126.727879,37.199973],[126.728119,37.199714],[126.72833,37.199312],[126.728305,37.198724],[126.728394,37.198335],[126.728879,37.197727],[126.728441,37.197473],[126.727387,37.196569],[126.725095,37.196002],[126.724958,37.196209],[126.724522,37.196644],[126.723993,37.196578],[126.722996,37.19612],[126.722758,37.195953],[126.722294,37.195732],[126.721661,37.195484],[126.7212,37.195361],[126.721249,37.195154],[126.721186,37.194777],[126.721256,37.194591],[126.720942,37.194389],[126.719442,37.193658],[126.719115,37.193001],[126.718884,37.192378],[126.719062,37.192045],[126.71932,37.191384],[126.719117,37.190952],[126.7191,37.190816],[126.718748,37.190432],[126.718518,37.190093],[126.718562,37.190009],[126.719031,37.189657],[126.719682,37.189434],[126.719964,37.189283],[126.720386,37.188788],[126.720532,37.188415],[126.720143,37.188201],[126.720028,37.187928],[126.719001,37.186975],[126.718751,37.186471],[126.718998,37.185902],[126.71871,37.185755],[126.71798,37.185501],[126.717178,37.185524],[126.716445,37.184945],[126.716512,37.184547],[126.716125,37.184116],[126.715911,37.183997],[126.715502,37.183356],[126.71549,37.18292],[126.715159,37.181734],[126.715836,37.18133],[126.716636,37.180969],[126.716813,37.180809],[126.717028,37.180428],[126.717363,37.179505],[126.717555,37.17907],[126.717655,37.178587],[126.71734,37.17789],[126.717703,37.177639],[126.718,37.177502],[126.718481,37.17708],[126.719112,37.177029],[126.719971,37.176387],[126.720438,37.17657],[126.720879,37.176508],[126.721303,37.176346],[126.72166,37.176295],[126.722096,37.176299],[126.722725,37.176471],[126.723492,37.176418],[126.723988,37.176257],[126.724192,37.176342],[126.724839,37.176425],[126.72542,37.176381],[126.725737,37.176316],[126.726,37.176348],[126.72605,37.17613],[126.72626,37.175766],[126.726256,37.174798],[126.726404,37.174401],[126.726554,37.174223],[126.72692,37.174042],[126.727358,37.173926],[126.727644,37.173751],[126.727827,37.173478],[126.728081,37.173219],[126.728399,37.173016],[126.728968,37.172576],[126.729915,37.172383],[126.730077,37.172317],[126.730445,37.171807],[126.731033,37.171548],[126.731199,37.171315],[126.731294,37.170813],[126.731574,37.170567],[126.731918,37.170354],[126.732075,37.170193],[126.732482,37.170001],[126.732561,37.169713],[126.732731,37.169555],[126.733283,37.169817],[126.733656,37.169908],[126.734152,37.169812],[126.734465,37.169945],[126.735383,37.170275],[126.735755,37.170342],[126.73667,37.170183],[126.737005,37.170199],[126.737288,37.16998],[126.737204,37.169254],[126.737288,37.168775],[126.737519,37.168446],[126.738511,37.168154],[126.738614,37.168016],[126.739426,37.167858],[126.739969,37.168008],[126.740836,37.168015],[126.741302,37.167899],[126.741535,37.167795],[126.74156,37.167664],[126.741757,37.167466],[126.74259,37.16718],[126.742589,37.166215],[126.742476,37.166088],[126.742978,37.16568],[126.743437,37.165347],[126.743482,37.165244],[126.743866,37.164899],[126.744125,37.164206],[126.744097,37.163699],[126.743875,37.163308],[126.74407,37.163153],[126.745264,37.163125],[126.746087,37.163383],[126.746169,37.163444],[126.74657,37.163764],[126.74669,37.163995],[126.746528,37.164313],[126.746909,37.164826],[126.746955,37.164989],[126.746772,37.165469],[126.746561,37.165918],[126.746134,37.166348],[126.745987,37.166412],[126.746133,37.166624],[126.746513,37.166571],[126.746725,37.166733],[126.746544,37.167032],[126.747168,37.167582],[126.747435,37.167507],[126.747633,37.167367],[126.748131,37.167458],[126.748627,37.167637],[126.748847,37.167621],[126.74915,37.167773],[126.749781,37.168249],[126.750021,37.168102],[126.752438,37.167565],[126.754906,37.167026],[126.756498,37.166708],[126.756617,37.166701],[126.759331,37.166108],[126.759234,37.165699],[126.759348,37.165477],[126.759733,37.165013],[126.759948,37.16487],[126.759419,37.156734],[126.760444,37.156863],[126.768973,37.157393],[126.772974,37.157723],[126.773926,37.157882],[126.775067,37.158251],[126.77611,37.15883],[126.782074,37.163388],[126.784961,37.165695],[126.786942,37.167958],[126.787978,37.169415],[126.788212,37.169912],[126.788647,37.171746],[126.788991,37.173237],[126.788807,37.173826],[126.789802,37.17512]]]},"properties":{"dong_name":"마도면","ADM_CD":"31240350"}},
{"type":"Feature","geometry":{"type":"MultiPolygon","coordinates":[[[[126.721751,37.273463],[126.721851,37.273592],[126.721826,37.273767],[126.721691,37.273824],[126.721582,37.273498],[126.721751,37.273463]]],[[[126.726668,37.276833],[126.726653,37.277021],[126.726425,37.277032],[126.726406,37.276899],[126.726668,37.276833]]],[[[126.683165,37.284436],[126.68307,37.28468],[126.682773,37.28456],[126.682896,37.284452],[126.683165,37.284436]]],[[[126.804746,37.292987],[126.802579,37.292784],[126.799313,37.292154],[126.798216,37.291985],[126.79719,37.291884],[126.796534,37.291889],[126.794769,37.291564],[126.793946,37.291559],[126.792848,37.291419],[126.791192,37.291028],[126.790001,37.290706],[126.789203,37.290539],[126.788559,37.290468],[126.787558,37.29029],[126.786961,37.290268],[126.786199,37.290063],[126.785161,37.289904],[126.784911,37.289826],[126.784015,37.289935],[126.783131,37.289949],[126.781879,37.289817],[126.780948,37.289735],[126.779267,37.289496],[126.778313,37.289376],[126.777418,37.289332],[126.77607,37.289171],[126.774628,37.288905],[126.77396,37.288824],[126.773639,37.288717],[126.773129,37.28839],[126.772548,37.287967],[126.772383,37.287756],[126.772255,37.287402],[126.772031,37.287105],[126.772068,37.286933],[126.772359,37.286516],[126.77276,37.285745],[126.773447,37.285053],[126.773605,37.284796],[126.77362,37.284463],[126.773803,37.28412],[126.774213,37.283598],[126.774394,37.283447],[126.774541,37.283066],[126.774483,37.282913],[126.774258,37.282692],[126.773759,37.282489],[126.772976,37.281959],[126.772919,37.281663],[126.772946,37.281291],[126.773271,37.280425],[126.773511,37.279697],[126.773554,37.278967],[126.773497,37.278571],[126.773202,37.278152],[126.772873,37.277524],[126.772805,37.276808],[126.772962,37.276466],[126.773225,37.27606],[126.773542,37.275443],[126.77291,37.275315],[126.772753,37.275524],[126.772096,37.275548],[126.771737,37.275622],[126.771557,37.275783],[126.771421,37.27624],[126.77138,37.276765],[126.770997,37.278146],[126.770921,37.278603],[126.770512,37.27998],[126.770115,37.280898],[126.769861,37.281424],[126.769543,37.281983],[126.769286,37.282315],[126.769012,37.282838],[126.768634,37.283337],[126.767956,37.28406],[126.76719,37.284808],[126.766513,37.28531],[126.765951,37.285545],[126.765314,37.285869],[126.764863,37.286165],[126.763965,37.286427],[126.762882,37.28654],[126.761911,37.286623],[126.761312,37.286828],[126.760229,37.28697],[126.759557,37.287026],[126.758699,37.28705],[126.757876,37.287194],[126.75713,37.28719],[126.756087,37.287034],[126.755678,37.286882],[126.755383,37.286553],[126.755163,37.286164],[126.755168,37.285657],[126.755402,37.284555],[126.755565,37.283245],[126.755648,37.282381],[126.756068,37.28137],[126.756657,37.279801],[126.75717,37.278602],[126.756868,37.278357],[126.756817,37.278084],[126.757163,37.277514],[126.757093,37.277342],[126.756572,37.277525],[126.756283,37.277781],[126.755919,37.278336],[126.755429,37.278977],[126.754848,37.279846],[126.754246,37.28093],[126.7541,37.281244],[126.753955,37.281329],[126.753777,37.281285],[126.753618,37.281012],[126.753439,37.280997],[126.753347,37.281268],[126.753613,37.281556],[126.753736,37.281757],[126.753752,37.281943],[126.753641,37.282386],[126.75353,37.282657],[126.753452,37.283358],[126.753461,37.284259],[126.75344,37.284574],[126.753006,37.284972],[126.752825,37.285185],[126.752889,37.285973],[126.75278,37.286144],[126.752545,37.2863],[126.751791,37.286495],[126.751001,37.286762],[126.750713,37.286818],[126.74985,37.287156],[126.749456,37.287167],[126.749079,37.287322],[126.748611,37.287577],[126.74719,37.288155],[126.746597,37.288351],[126.746198,37.288429],[126.746129,37.288571],[126.746441,37.288776],[126.745812,37.288957],[126.745507,37.288806],[126.745224,37.288828],[126.744442,37.289413],[126.743746,37.289599],[126.743513,37.289753],[126.743237,37.289751],[126.742511,37.289979],[126.741868,37.290274],[126.741537,37.290349],[126.74121,37.290533],[126.739417,37.291155],[126.738594,37.291382],[126.737403,37.291809],[126.736946,37.291914],[126.736572,37.29206],[126.735645,37.292245],[126.734455,37.292444],[126.733986,37.292381],[126.733411,37.292419],[126.732732,37.292367],[126.731843,37.292508],[126.731627,37.292585],[126.731093,37.292252],[126.730825,37.292184],[126.730386,37.292238],[126.730246,37.292147],[126.729476,37.291898],[126.729199,37.291724],[126.728788,37.291578],[126.728575,37.291441],[126.728136,37.291441],[126.727695,37.291267],[126.727498,37.291265],[126.727266,37.29115],[126.726652,37.290734],[126.726469,37.290694],[126.726101,37.290391],[126.725633,37.290109],[126.725072,37.289858],[126.724727,37.289831],[126.724314,37.289925],[126.723752,37.290157],[126.723402,37.290093],[126.722688,37.28985],[126.722432,37.289803],[126.721798,37.28935],[126.72168,37.289087],[126.721846,37.288684],[126.721814,37.288493],[126.721668,37.288241],[126.721827,37.287935],[126.721822,37.286969],[126.721871,37.286576],[126.721967,37.286356],[126.722125,37.286202],[126.722152,37.285627],[126.722281,37.285313],[126.722614,37.28481],[126.722651,37.284701],[126.722632,37.284266],[126.723244,37.283312],[126.72377,37.283229],[126.724077,37.283017],[126.724132,37.282917],[126.724431,37.282842],[126.724888,37.282516],[126.725044,37.282474],[126.726076,37.281976],[126.726353,37.281744],[126.726767,37.281532],[126.727288,37.281349],[126.727796,37.281257],[126.728394,37.281199],[126.729564,37.281202],[126.730555,37.281146],[126.730717,37.281081],[126.731362,37.281004],[126.732359,37.281015],[126.732598,37.28095],[126.732875,37.28077],[126.73402,37.280816],[126.73466,37.280753],[126.734941,37.28066],[126.735861,37.280623],[126.736118,37.280577],[126.736598,37.280379],[126.737277,37.27994],[126.737785,37.279786],[126.738491,37.279638],[126.738547,37.279433],[126.737974,37.279425],[126.737018,37.279523],[126.736719,37.279603],[126.735709,37.279696],[126.735049,37.279706],[126.734504,37.279816],[126.733802,37.279829],[126.732922,37.2798],[126.732462,37.27973],[126.731971,37.279751],[126.731491,37.279856],[126.730986,37.2798],[126.729934,37.28009],[126.729247,37.280217],[126.72909,37.28021],[126.72866,37.279915],[126.727959,37.279905],[126.727758,37.279832],[126.727441,37.27952],[126.727161,37.279136],[126.727114,37.278605],[126.727301,37.277903],[126.727967,37.276989],[126.727985,37.27662],[126.728076,37.276471],[126.728566,37.276003],[126.728867,37.275779],[126.7292,37.275322],[126.729524,37.275026],[126.730346,37.274143],[126.730437,37.273965],[126.730425,37.273726],[126.730009,37.273479],[126.729707,37.273155],[126.729182,37.273378],[126.728325,37.274016],[126.727726,37.274281],[126.726877,37.2748],[126.72621,37.275153],[126.725362,37.275553],[126.725033,37.27567],[126.724428,37.275762],[126.723709,37.276001],[126.723441,37.275946],[126.722737,37.275435],[126.722635,37.275189],[126.722573,37.274003],[126.722581,37.273234],[126.722615,37.272781],[126.722596,37.27253],[126.722338,37.272141],[126.722109,37.27199],[126.721729,37.271892],[126.721436,37.272165],[126.721404,37.272302],[126.72149,37.272654],[126.721404,37.273089],[126.721398,37.274359],[126.721476,37.274776],[126.721529,37.275445],[126.721479,37.275921],[126.721025,37.276526],[126.720226,37.277266],[126.719956,37.277479],[126.719626,37.277662],[126.718874,37.278223],[126.718625,37.278478],[126.717992,37.279046],[126.717377,37.279346],[126.717173,37.279566],[126.7169,37.279999],[126.71675,37.280123],[126.715973,37.280196],[126.715515,37.280443],[126.715074,37.280577],[126.714736,37.280772],[126.714102,37.280785],[126.713621,37.281045],[126.713002,37.281034],[126.71205,37.280754],[126.711902,37.280663],[126.711328,37.280588],[126.710755,37.280405],[126.710355,37.280134],[126.710095,37.280043],[126.709407,37.279528],[126.709278,37.279289],[126.709318,37.278869],[126.709392,37.278679],[126.70946,37.277897],[126.709622,37.27723],[126.709804,37.276993],[126.710012,37.276441],[126.70999,37.27626],[126.709599,37.276038],[126.709265,37.275988],[126.709342,37.275444],[126.709283,37.275368],[126.708972,37.27549],[126.708735,37.275316],[126.708677,37.275106],[126.708403,37.275133],[126.707919,37.27574],[126.707772,37.276064],[126.707707,37.276578],[126.707714,37.277046],[126.707842,37.277333],[126.70771,37.277456],[126.707219,37.277529],[126.706775,37.277812],[126.706509,37.278154],[126.705908,37.278512],[126.705476,37.278672],[126.705131,37.278622],[126.704608,37.27837],[126.704265,37.278082],[126.703951,37.277955],[126.703562,37.277466],[126.70316,37.277072],[126.703064,37.277128],[126.702684,37.276916],[126.702552,37.276972],[126.702358,37.277295],[126.701904,37.27734],[126.701475,37.277309],[126.700987,37.277162],[126.700702,37.276969],[126.700474,37.277054],[126.700248,37.276995],[126.699834,37.276696],[126.69967,37.276361],[126.699616,37.275798],[126.699656,37.275426],[126.699626,37.274854],[126.699751,37.274387],[126.69989,37.273616],[126.699832,37.273415],[126.699514,37.273098],[126.699272,37.273316],[126.699088,37.273849],[126.69875,37.274209],[126.698842,37.274515],[126.698814,37.274887],[126.69837,37.275093],[126.698349,37.275942],[126.698476,37.276353],[126.698554,37.276898],[126.698717,37.277252],[126.698972,37.278026],[126.699075,37.278456],[126.699252,37.278907],[126.699587,37.279396],[126.700014,37.279599],[126.699958,37.279842],[126.699473,37.280025],[126.699006,37.280093],[126.698611,37.280262],[126.698213,37.280603],[126.697389,37.280597],[126.697032,37.28048],[126.696766,37.280307],[126.696087,37.280173],[126.695783,37.280071],[126.695233,37.279566],[126.695004,37.279264],[126.694918,37.278963],[126.694782,37.278233],[126.694499,37.27793],[126.69427,37.277585],[126.694148,37.277284],[126.693656,37.276408],[126.693268,37.275833],[126.692967,37.275444],[126.692653,37.274712],[126.692625,37.273968],[126.692307,37.273594],[126.692002,37.273635],[126.691472,37.27293],[126.691064,37.272627],[126.690223,37.272521],[126.689669,37.272474],[126.689042,37.272455],[126.688021,37.272534],[126.687607,37.272717],[126.686729,37.272812],[126.686049,37.27275],[126.685592,37.272484],[126.685207,37.272195],[126.684673,37.271905],[126.68417,37.271497],[126.6834,37.271014],[126.68272,37.270413],[126.682338,37.269838],[126.681216,37.268781],[126.680267,37.268202],[126.679644,37.267888],[126.678513,37.267546],[126.677563,37.267158],[126.676382,37.266858],[126.674903,37.266714],[126.674393,37.266716],[126.67383,37.268195],[126.673844,37.268311],[126.67411,37.268551],[126.674313,37.2686],[126.675604,37.268754],[126.67603,37.268879],[126.676574,37.269135],[126.67698,37.269384],[126.677029,37.269604],[126.676916,37.269676],[126.676411,37.269652],[126.676014,37.269544],[126.675068,37.269353],[126.674392,37.269314],[126.673578,37.269314],[126.673591,37.269496],[126.673475,37.269706],[126.673159,37.27002],[126.673066,37.270352],[126.672808,37.270847],[126.672657,37.271263],[126.672669,37.2716],[126.672476,37.27179],[126.671956,37.273183],[126.67305,37.272468],[126.673324,37.27232],[126.674605,37.27245],[126.675095,37.272438],[126.675355,37.272618],[126.676556,37.273141],[126.677391,37.273584],[126.677675,37.273678],[126.678586,37.274251],[126.678867,37.274334],[126.679231,37.274294],[126.679291,37.274627],[126.679634,37.274699],[126.680003,37.274878],[126.680449,37.275149],[126.681025,37.275554],[126.681655,37.276165],[126.682042,37.276473],[126.682631,37.277308],[126.683544,37.278667],[126.683737,37.278762],[126.684,37.278646],[126.684203,37.278782],[126.684746,37.278661],[126.684764,37.278712],[126.684226,37.278831],[126.683701,37.279052],[126.683489,37.27938],[126.683601,37.279511],[126.683515,37.279769],[126.683623,37.279832],[126.683654,37.280064],[126.683563,37.280135],[126.683636,37.280358],[126.683471,37.280494],[126.683509,37.280629],[126.68403,37.280812],[126.684101,37.280944],[126.684337,37.281055],[126.684984,37.281107],[126.684947,37.281246],[126.683998,37.281318],[126.683808,37.281441],[126.683244,37.281656],[126.681884,37.282667],[126.681298,37.282807],[126.681128,37.283015],[126.681115,37.283177],[126.680934,37.283319],[126.680683,37.283356],[126.680466,37.283583],[126.680387,37.284183],[126.680241,37.284478],[126.679988,37.284686],[126.679504,37.285274],[126.679215,37.285482],[126.678972,37.285872],[126.6783,37.286258],[126.677771,37.286512],[126.677495,37.286682],[126.677195,37.286938],[126.676408,37.28729],[126.675095,37.287907],[126.674832,37.288084],[126.673523,37.288403],[126.672516,37.288396],[126.670652,37.288264],[126.669683,37.288108],[126.6692,37.287956],[126.668678,37.287922],[126.668008,37.287738],[126.667375,37.287615],[126.666446,37.28734],[126.665665,37.287066],[126.664958,37.286912],[126.664212,37.286907],[126.663653,37.286843],[126.662834,37.286659],[126.662352,37.286357],[126.661701,37.285998],[126.661694,37.288536],[126.661677,37.289864],[126.661709,37.291167],[126.661701,37.292534],[126.661651,37.292556],[126.659071,37.292654],[126.658345,37.292689],[126.656992,37.292728],[126.653974,37.292849],[126.65217,37.292909],[126.650112,37.292995],[126.649198,37.292992],[126.648697,37.29295],[126.648176,37.292865],[126.641689,37.29129],[126.640497,37.291008],[126.637415,37.290254],[126.636803,37.290113],[126.634873,37.289636],[126.634157,37.289474],[126.633506,37.289295],[126.632917,37.289071],[126.632375,37.288802],[126.631834,37.288469],[126.631432,37.288156],[126.630953,37.287682],[126.630496,37.287079],[126.629866,37.285928],[126.629346,37.284918],[126.629639,37.284801],[126.62973,37.28494],[126.630064,37.285158],[126.630838,37.286638],[126.631013,37.286939],[126.631366,37.287401],[126.631639,37.287672],[126.631754,37.287678],[126.632607,37.287077],[126.632771,37.287218],[126.631968,37.287792],[126.631858,37.287942],[126.632144,37.288333],[126.632818,37.288735],[126.633555,37.289037],[126.634141,37.289202],[126.637027,37.289905],[126.63966,37.290532],[126.640161,37.290595],[126.640309,37.290676],[126.640805,37.29082],[126.643939,37.291575],[126.645646,37.292007],[126.647628,37.292492],[126.6485,37.292666],[126.648925,37.292722],[126.649643,37.292753],[126.650915,37.292711],[126.658546,37.292414],[126.660058,37.292364],[126.66055,37.29225],[126.660832,37.292101],[126.661154,37.291808],[126.661282,37.291615],[126.66138,37.291313],[126.661412,37.290715],[126.661421,37.289973],[126.661399,37.288724],[126.661304,37.288319],[126.661254,37.287745],[126.661134,37.287347],[126.661021,37.287174],[126.660763,37.287151],[126.660458,37.286962],[126.660367,37.286686],[126.660014,37.286414],[126.659879,37.286478],[126.659545,37.286132],[126.659168,37.285836],[126.658973,37.285833],[126.658993,37.285645],[126.659123,37.285484],[126.659023,37.285344],[126.658882,37.284965],[126.658674,37.284711],[126.658658,37.284588],[126.658232,37.283891],[126.658064,37.283556],[126.657552,37.282806],[126.657386,37.283186],[126.657229,37.282807],[126.657015,37.28278],[126.657017,37.282992],[126.656818,37.283085],[126.656587,37.282925],[126.656379,37.283012],[126.656201,37.282982],[126.655764,37.283063],[126.655876,37.28286],[126.656034,37.282269],[126.655866,37.282313],[126.655806,37.282709],[126.655659,37.282958],[126.655244,37.282859],[126.654758,37.282588],[126.654575,37.282639],[126.654636,37.282788],[126.654267,37.283181],[126.65348,37.283369],[126.652927,37.283391],[126.652884,37.28327],[126.652563,37.283209],[126.652237,37.282982],[126.652021,37.282958],[126.652063,37.282798],[126.651866,37.282693],[126.651915,37.282453],[126.651774,37.282315],[126.651501,37.282272],[126.651424,37.282044],[126.651609,37.281889],[126.65161,37.281739],[126.651379,37.281586],[126.651043,37.281486],[126.650525,37.281403],[126.650196,37.281404],[126.649892,37.281307],[126.649766,37.281194],[126.649326,37.281259],[126.649121,37.281024],[126.64876,37.280997],[126.648679,37.28087],[126.64828,37.280667],[126.648069,37.280306],[126.647811,37.280341],[126.647474,37.280288],[126.647436,37.280407],[126.646901,37.28042],[126.646723,37.280321],[126.646913,37.28],[126.646856,37.279713],[126.646916,37.279412],[126.646836,37.279333],[126.647027,37.278923],[126.646807,37.278883],[126.646549,37.278747],[126.646839,37.278631],[126.646165,37.278505],[126.645229,37.278452],[126.644969,37.278412],[126.639945,37.282046],[126.637788,37.283596],[126.633711,37.286548],[126.632893,37.287129],[126.632733,37.28698],[126.634352,37.285811],[126.634981,37.285368],[126.64045,37.281409],[126.645259,37.277942],[126.646807,37.276822],[126.648111,37.275891],[126.650476,37.274185],[126.651308,37.273559],[126.651971,37.272946],[126.652503,37.272338],[126.652857,37.271843],[126.653301,37.271059],[126.653614,37.27031],[126.653739,37.2699],[126.653899,37.269008],[126.653935,37.268631],[126.653934,37.26787],[126.653868,37.267272],[126.654351,37.26724],[126.654268,37.267043],[126.654086,37.267122],[126.653824,37.267136],[126.653512,37.266082],[126.653169,37.26536],[126.652948,37.264961],[126.652496,37.264318],[126.651982,37.263726],[126.651619,37.263372],[126.650362,37.262222],[126.649453,37.261418],[126.64872,37.2616],[126.648315,37.261558],[126.647953,37.261249],[126.647721,37.26099],[126.647418,37.260438],[126.647011,37.259844],[126.646882,37.25952],[126.64672,37.258847],[126.64641,37.258232],[126.646374,37.25803],[126.646556,37.257361],[126.646585,37.256635],[126.64674,37.255007],[126.646925,37.254318],[126.646896,37.254028],[126.646934,37.253752],[126.646922,37.253079],[126.647019,37.252938],[126.647512,37.252978],[126.648063,37.253132],[126.648021,37.253513],[126.648207,37.253498],[126.648248,37.252937],[126.648211,37.25279],[126.648418,37.252643],[126.64846,37.252504],[126.648384,37.252154],[126.648409,37.25179],[126.64863,37.251288],[126.6487,37.250944],[126.648831,37.25058],[126.64863,37.250297],[126.648612,37.250076],[126.648354,37.249865],[126.648147,37.252199],[126.648069,37.252964],[126.647831,37.252957],[126.647889,37.252089],[126.648094,37.25],[126.647937,37.250117],[126.647892,37.250385],[126.647695,37.250657],[126.647368,37.250682],[126.647174,37.250577],[126.64709,37.250425],[126.647074,37.250184],[126.647202,37.25],[126.647232,37.249589],[126.647162,37.249241],[126.647218,37.248723],[126.647327,37.248385],[126.647311,37.248005],[126.647186,37.247793],[126.647458,37.247794],[126.647418,37.247573],[126.64767,37.24754],[126.647751,37.247316],[126.647687,37.247038],[126.647514,37.246839],[126.647648,37.246758],[126.647746,37.246373],[126.647721,37.246084],[126.647789,37.245668],[126.647729,37.245433],[126.647817,37.245283],[126.647754,37.244938],[126.647855,37.244286],[126.64779,37.243847],[126.647902,37.243744],[126.648163,37.243297],[126.648122,37.243027],[126.648334,37.242806],[126.648367,37.242583],[126.648539,37.242499],[126.648737,37.242154],[126.649197,37.241453],[126.649227,37.241286],[126.649402,37.241083],[126.649327,37.240968],[126.649535,37.240804],[126.650238,37.239705],[126.650621,37.239164],[126.650706,37.23895],[126.650661,37.238616],[126.650866,37.238543],[126.651074,37.238564],[126.651115,37.238405],[126.651289,37.23833],[126.651976,37.237576],[126.652249,37.237159],[126.652419,37.236983],[126.652389,37.236678],[126.652628,37.236597],[126.65301,37.236292],[126.653261,37.236018],[126.654523,37.234757],[126.654939,37.234377],[126.655104,37.234363],[126.655213,37.234632],[126.655343,37.234624],[126.65582,37.234304],[126.65595,37.234097],[126.656222,37.233816],[126.655965,37.233733],[126.655622,37.233909],[126.655613,37.233769],[126.655957,37.233335],[126.656278,37.233052],[126.656408,37.232832],[126.656639,37.232735],[126.656728,37.233071],[126.656999,37.233406],[126.657159,37.233252],[126.656905,37.233138],[126.65693,37.232962],[126.657114,37.232694],[126.657434,37.232483],[126.657431,37.232293],[126.65707,37.232142],[126.65714,37.231955],[126.657407,37.231706],[126.657621,37.231603],[126.657886,37.231697],[126.657993,37.231627],[126.658181,37.231297],[126.657792,37.231177],[126.658282,37.230346],[126.658653,37.229956],[126.658623,37.229717],[126.658881,37.229657],[126.659221,37.229458],[126.659631,37.229471],[126.659682,37.229381],[126.660266,37.229438],[126.660274,37.229307],[126.659711,37.229263],[126.659674,37.229132],[126.659288,37.229008],[126.659185,37.228784],[126.658945,37.228658],[126.658934,37.228354],[126.659095,37.227909],[126.658924,37.227678],[126.659117,37.2274],[126.65924,37.227324],[126.65944,37.22694],[126.659467,37.226716],[126.659604,37.226398],[126.65948,37.226318],[126.659897,37.226058],[126.660375,37.226132],[126.660384,37.226056],[126.660029,37.22597],[126.659968,37.225611],[126.660048,37.225375],[126.66028,37.22497],[126.660698,37.223519],[126.66081,37.222911],[126.66086,37.222466],[126.660683,37.222308],[126.66089,37.222209],[126.660913,37.22204],[126.660704,37.22168],[126.660805,37.221603],[126.660792,37.221251],[126.660867,37.220989],[126.660817,37.220804],[126.660688,37.220711],[126.660608,37.220422],[126.660462,37.220259],[126.660289,37.220241],[126.660313,37.220071],[126.660127,37.219998],[126.660153,37.219637],[126.660381,37.219575],[126.660364,37.219332],[126.660574,37.219134],[126.660529,37.218982],[126.660604,37.218525],[126.660561,37.21835],[126.660355,37.218061],[126.660435,37.217941],[126.66041,37.217222],[126.660158,37.216602],[126.660125,37.216359],[126.659948,37.216027],[126.659976,37.215844],[126.659698,37.215072],[126.659677,37.214707],[126.659567,37.214573],[126.659446,37.213888],[126.659319,37.213705],[126.659029,37.212898],[126.659117,37.212802],[126.658953,37.21252],[126.658867,37.21218],[126.658634,37.212088],[126.658731,37.211896],[126.659148,37.211839],[126.659239,37.211685],[126.659317,37.211241],[126.659466,37.211258],[126.659512,37.211013],[126.65907,37.211139],[126.659157,37.211385],[126.65914,37.211677],[126.658418,37.211882],[126.658338,37.211489],[126.658118,37.211379],[126.657983,37.210691],[126.657778,37.209776],[126.657941,37.209499],[126.657809,37.208865],[126.657646,37.208431],[126.657551,37.208287],[126.657611,37.208153],[126.657534,37.207799],[126.657349,37.207341],[126.657229,37.207205],[126.657301,37.207074],[126.657284,37.206799],[126.657167,37.206597],[126.656882,37.206314],[126.656649,37.206003],[126.656666,37.205726],[126.656546,37.205423],[126.656378,37.205293],[126.656166,37.204841],[126.656258,37.204595],[126.656214,37.204264],[126.656085,37.204092],[126.656119,37.203874],[126.655999,37.20336],[126.655783,37.202856],[126.655819,37.202763],[126.655616,37.202386],[126.655478,37.201806],[126.655529,37.201476],[126.655322,37.201175],[126.655339,37.20106],[126.654775,37.200551],[126.654655,37.200237],[126.654729,37.199907],[126.654665,37.199719],[126.654796,37.199617],[126.654764,37.199347],[126.654791,37.198984],[126.654767,37.198626],[126.654594,37.198025],[126.654362,37.197434],[126.654193,37.197126],[126.65397,37.196528],[126.653696,37.196193],[126.653641,37.195863],[126.653241,37.194433],[126.653481,37.194459],[126.6539,37.19468],[126.654071,37.19521],[126.654394,37.195493],[126.65493,37.195745],[126.655864,37.196322],[126.656118,37.196415],[126.656418,37.19644],[126.656553,37.196651],[126.656596,37.197084],[126.656755,37.197093],[126.656813,37.196663],[126.656692,37.19658],[126.656643,37.196322],[126.656543,37.196251],[126.655944,37.196098],[126.655807,37.196125],[126.655225,37.195756],[126.654593,37.195437],[126.654332,37.195236],[126.654245,37.194908],[126.65405,37.194654],[126.653684,37.194416],[126.653195,37.194265],[126.653142,37.194078],[126.652759,37.193142],[126.651992,37.191701],[126.652959,37.191551],[126.653281,37.191393],[126.656549,37.190826],[126.657031,37.1909],[126.657428,37.191201],[126.657683,37.191584],[126.657828,37.192073],[126.658065,37.19216],[126.658218,37.192097],[126.659255,37.193996],[126.659401,37.194202],[126.659344,37.194611],[126.659185,37.194838],[126.659322,37.195023],[126.659643,37.195091],[126.659972,37.195317],[126.660212,37.195713],[126.660116,37.195978],[126.660127,37.196193],[126.660535,37.196333],[126.661076,37.196196],[126.661261,37.196396],[126.661882,37.196768],[126.662247,37.19676],[126.662868,37.196432],[126.663349,37.196311],[126.663979,37.196438],[126.664115,37.196139],[126.672673,37.193727],[126.673063,37.193614],[126.67322,37.193818],[126.67374,37.194255],[126.674111,37.194426],[126.674534,37.194182],[126.675028,37.194237],[126.675093,37.194589],[126.675228,37.194833],[126.676224,37.196113],[126.676364,37.196234],[126.676338,37.196843],[126.676377,37.197197],[126.677249,37.197526],[126.67805,37.197498],[126.6783,37.197572],[126.678708,37.197854],[126.679178,37.197911],[126.679884,37.198108],[126.680188,37.198224],[126.680484,37.19844],[126.680559,37.198695],[126.680359,37.198691],[126.680301,37.19916],[126.680336,37.199559],[126.681236,37.199804],[126.68178,37.199903],[126.68228,37.200411],[126.682725,37.200645],[126.683017,37.200839],[126.683414,37.201025],[126.684076,37.201261],[126.685483,37.201636],[126.685858,37.201702],[126.686292,37.202037],[126.686515,37.202144],[126.686956,37.202247],[126.687396,37.202257],[126.687749,37.20209],[126.688166,37.202328],[126.689084,37.202667],[126.690041,37.202919],[126.691164,37.203245],[126.691396,37.203276],[126.692002,37.203217],[126.692678,37.203193],[126.693355,37.20312],[126.693745,37.203145],[126.6938,37.203094],[126.694921,37.203008],[126.695302,37.202903],[126.696178,37.203126],[126.696116,37.203372],[126.696847,37.203943],[126.697455,37.204028],[126.697809,37.203846],[126.697687,37.203588],[126.698623,37.203161],[126.698553,37.202933],[126.698733,37.202883],[126.69878,37.202538],[126.699462,37.202512],[126.699839,37.202547],[126.700244,37.202367],[126.700432,37.202404],[126.700822,37.202289],[126.701863,37.201334],[126.701653,37.201165],[126.701699,37.200921],[126.701673,37.200621],[126.701588,37.2004],[126.701308,37.200081],[126.701187,37.199633],[126.701345,37.199253],[126.701363,37.198874],[126.701326,37.198587],[126.701152,37.197993],[126.700811,37.197349],[126.700714,37.196941],[126.70093,37.19667],[126.701134,37.196511],[126.701622,37.196384],[126.701877,37.196396],[126.702232,37.196326],[126.702566,37.196319],[126.7029,37.19611],[126.702893,37.196037],[126.70313,37.195611],[126.70352,37.195458],[126.703655,37.195265],[126.703733,37.194666],[126.703724,37.193607],[126.704286,37.193445],[126.704449,37.193252],[126.704749,37.192753],[126.705294,37.192355],[126.705529,37.192283],[126.705618,37.191918],[126.705822,37.1917],[126.706659,37.191383],[126.707024,37.191319],[126.707015,37.191682],[126.707171,37.192239],[126.707613,37.193015],[126.708263,37.19319],[126.708456,37.193452],[126.709389,37.194108],[126.709899,37.194278],[126.710138,37.194663],[126.710287,37.194788],[126.710154,37.195435],[126.71022,37.195503],[126.710946,37.195458],[126.711241,37.195589],[126.711777,37.196035],[126.712469,37.196401],[126.713018,37.197487],[126.713241,37.197857],[126.713741,37.197804],[126.714296,37.197566],[126.71499,37.197083],[126.716053,37.196288],[126.716662,37.196076],[126.716546,37.195403],[126.716851,37.194741],[126.718124,37.194448],[126.719289,37.193989],[126.719442,37.193658],[126.720942,37.194389],[126.721256,37.194591],[126.721186,37.194777],[126.721249,37.195154],[126.7212,37.195361],[126.721661,37.195484],[126.722294,37.195732],[126.722758,37.195953],[126.722996,37.19612],[126.723993,37.196578],[126.724522,37.196644],[126.724958,37.196209],[126.725095,37.196002],[126.727387,37.196569],[126.728441,37.197473],[126.728879,37.197727],[126.728394,37.198335],[126.728305,37.198724],[126.72833,37.199312],[126.728119,37.199714],[126.727879,37.199973],[126.727934,37.200717],[126.728778,37.202285],[126.729066,37.202383],[126.729274,37.202279],[126.72958,37.202247],[126.729883,37.202336],[126.730472,37.202669],[126.730645,37.202622],[126.732452,37.202943],[126.732632,37.20314],[126.733449,37.203505],[126.733816,37.20351],[126.73382,37.203056],[126.733955,37.202768],[126.735062,37.202766],[126.735637,37.202898],[126.735943,37.202936],[126.73587,37.202637],[126.736407,37.203071],[126.736471,37.203181],[126.736715,37.203267],[126.736861,37.203407],[126.737714,37.204502],[126.738167,37.20448],[126.738537,37.204909],[126.738931,37.205147],[126.739427,37.205278],[126.739727,37.205294],[126.739946,37.205228],[126.740394,37.205314],[126.740576,37.205268],[126.740895,37.205397],[126.741581,37.205473],[126.742241,37.205845],[126.742659,37.20589],[126.743772,37.20628],[126.744686,37.205841],[126.744931,37.205611],[126.745324,37.205341],[126.745885,37.205246],[126.746713,37.205356],[126.747243,37.205516],[126.747472,37.206044],[126.747635,37.206264],[126.748156,37.206221],[126.748397,37.206076],[126.74856,37.20617],[126.748834,37.206155],[126.749147,37.206421],[126.749297,37.20661],[126.749487,37.206627],[126.749614,37.206857],[126.74964,37.207301],[126.749706,37.207618],[126.749831,37.208506],[126.749927,37.208708],[126.750239,37.208668],[126.750319,37.208779],[126.750301,37.209213],[126.750409,37.209379],[126.750443,37.209954],[126.750454,37.210969],[126.750897,37.211382],[126.751533,37.211408],[126.752589,37.211396],[126.752801,37.21124],[126.753155,37.210865],[126.753893,37.210688],[126.754493,37.210362],[126.754989,37.210289],[126.755067,37.209388],[126.75436,37.209344],[126.754371,37.209047],[126.754147,37.208967],[126.754119,37.208769],[126.754399,37.208688],[126.754407,37.20836],[126.754508,37.208151],[126.754384,37.208032],[126.755012,37.207392],[126.755466,37.207077],[126.755773,37.206612],[126.75609,37.206312],[126.756524,37.206076],[126.757114,37.205922],[126.757766,37.205822],[126.757902,37.206016],[126.758295,37.206289],[126.758591,37.206701],[126.75922,37.207163],[126.760417,37.207859],[126.760755,37.207897],[126.760886,37.208322],[126.760898,37.208625],[126.760688,37.2092],[126.760623,37.209926],[126.760792,37.210082],[126.761144,37.210107],[126.761434,37.210359],[126.761336,37.210562],[126.761549,37.210681],[126.761828,37.210721],[126.763498,37.210567],[126.763706,37.210632],[126.76429,37.210732],[126.764742,37.210673],[126.765079,37.210674],[126.765458,37.210583],[126.766412,37.210506],[126.768086,37.210318],[126.76834,37.210457],[126.768438,37.210897],[126.768709,37.211042],[126.770609,37.210704],[126.772646,37.210321],[126.773016,37.210217],[126.773913,37.210159],[126.774529,37.210206],[126.774559,37.210421],[126.773715,37.210913],[126.774267,37.212513],[126.772634,37.215019],[126.772706,37.215981],[126.773452,37.218099],[126.772831,37.219441],[126.777249,37.223276],[126.781425,37.226993],[126.782507,37.228397],[126.782474,37.229347],[126.782384,37.229978],[126.782713,37.230245],[126.783214,37.23042],[126.783067,37.23327],[126.781111,37.235143],[126.778435,37.237416],[126.777374,37.239103],[126.777118,37.240961],[126.777126,37.245936],[126.777086,37.250086],[126.778897,37.25008],[126.788883,37.250113],[126.789299,37.250105],[126.788306,37.255192],[126.791669,37.25788],[126.793369,37.259231],[126.793323,37.25954],[126.793363,37.259738],[126.793273,37.260177],[126.792863,37.260413],[126.792629,37.260654],[126.792434,37.260726],[126.792159,37.260923],[126.791744,37.261442],[126.791562,37.261877],[126.791627,37.261907],[126.791692,37.262394],[126.7918,37.262731],[126.79222,37.263349],[126.792329,37.263658],[126.792332,37.263888],[126.792157,37.263971],[126.791889,37.264301],[126.792066,37.264704],[126.791967,37.264771],[126.792006,37.265015],[126.791734,37.265145],[126.791403,37.265563],[126.791192,37.265952],[126.790667,37.266061],[126.790682,37.266501],[126.790549,37.266827],[126.790339,37.266904],[126.790324,37.267169],[126.790661,37.267087],[126.790921,37.267368],[126.791359,37.267594],[126.791687,37.268177],[126.791909,37.268107],[126.792137,37.268235],[126.792308,37.268675],[126.792555,37.268747],[126.792623,37.268464],[126.794255,37.268635],[126.794824,37.268759],[126.794993,37.268643],[126.795102,37.268792],[126.795088,37.268979],[126.795181,37.269154],[126.795397,37.26936],[126.795614,37.269421],[126.795742,37.27015],[126.796284,37.270727],[126.797667,37.270638],[126.799315,37.270087],[126.800177,37.269637],[126.800287,37.269651],[126.800721,37.269425],[126.800996,37.269536],[126.80127,37.269497],[126.801667,37.269377],[126.801912,37.269351],[126.802143,37.269165],[126.802561,37.269199],[126.803035,37.269081],[126.803217,37.268672],[126.803404,37.268407],[126.803771,37.268037],[126.804061,37.267878],[126.80457,37.267851],[126.804986,37.267936],[126.80576,37.267955],[126.805862,37.267851],[126.807536,37.267302],[126.807803,37.267252],[126.808837,37.266808],[126.809036,37.266457],[126.809559,37.266511],[126.810488,37.266879],[126.811002,37.267349],[126.811221,37.267628],[126.810872,37.267948],[126.810957,37.268156],[126.810928,37.268417],[126.810656,37.26858],[126.810885,37.26888],[126.810693,37.269008],[126.810285,37.268826],[126.809594,37.268952],[126.809098,37.268758],[126.809054,37.268439],[126.80888,37.268558],[126.80856,37.268566],[126.808525,37.268686],[126.808511,37.26926],[126.808284,37.269354],[126.808244,37.269515],[126.808257,37.270026],[126.807986,37.270327],[126.807777,37.270704],[126.807386,37.271129],[126.80721,37.271505],[126.807026,37.271695],[126.806922,37.271998],[126.806533,37.272344],[126.806529,37.272478],[126.806387,37.272708],[126.806207,37.272786],[126.806028,37.273322],[126.805806,37.273421],[126.805702,37.273739],[126.80574,37.273877],[126.805448,37.27482],[126.80524,37.274962],[126.805075,37.275315],[126.804845,37.275658],[126.804683,37.276029],[126.804306,37.27642],[126.804072,37.276823],[126.803268,37.277087],[126.802884,37.276912],[126.802601,37.276931],[126.801288,37.277773],[126.800701,37.277908],[126.800481,37.277859],[126.800283,37.277966],[126.800398,37.278487],[126.800495,37.278626],[126.800788,37.278626],[126.800977,37.278374],[126.801409,37.278164],[126.801623,37.278229],[126.802278,37.278651],[126.80247,37.2789],[126.802998,37.279251],[126.803228,37.279551],[126.803362,37.27964],[126.80355,37.280064],[126.803568,37.280242],[126.803734,37.280661],[126.803879,37.280819],[126.803975,37.281063],[126.804076,37.281547],[126.80429,37.282234],[126.804229,37.282401],[126.804776,37.283408],[126.805002,37.283919],[126.804973,37.284276],[126.804629,37.284272],[126.804746,37.292987]],[[126.69413,37.207168],[126.694241,37.207068],[126.69437,37.206565],[126.694225,37.20633],[126.694146,37.205931],[126.694286,37.205736],[126.694615,37.205461],[126.694774,37.205254],[126.694707,37.205048],[126.69438,37.204682],[126.694136,37.204527],[126.693411,37.204231],[126.692524,37.204202],[126.692417,37.20424],[126.692152,37.20502],[126.692194,37.205235],[126.692596,37.206038],[126.692726,37.206459],[126.693204,37.206937],[126.693864,37.207147],[126.69413,37.207168]]],[[[126.653507,37.2952],[126.653329,37.295203],[126.653221,37.295043],[126.653489,37.295031],[126.653507,37.2952]]],[[[126.647691,37.298725],[126.64757,37.298737],[126.647399,37.298577],[126.647016,37.298464],[126.647092,37.29821],[126.647395,37.298237],[126.647758,37.298417],[126.647629,37.298624],[126.647691,37.298725]]]]},"properties":{"dong_name":"송산면","ADM_CD":"31240360"}},
{"type":"Feature","geometry":{"type":"MultiPolygon","coordinates":[[[[126.690872,37.110779],[126.690988,37.110986],[126.690761,37.111235],[126.690491,37.111865],[126.690125,37.111913],[126.689923,37.111792],[126.690158,37.111255],[126.690325,37.111059],[126.690346,37.1109],[126.690664,37.110732],[126.690872,37.110779]]],[[[126.656994,37.113061],[126.656998,37.113318],[126.657111,37.113911],[126.657054,37.114115],[126.656938,37.114183],[126.656393,37.114316],[126.655466,37.114735],[126.655439,37.114658],[126.655686,37.113568],[126.655946,37.113182],[126.65636,37.112792],[126.656622,37.112699],[126.656994,37.113061]]],[[[126.616145,37.123943],[126.616016,37.124105],[126.615797,37.124155],[126.615322,37.124373],[126.615266,37.124582],[126.615387,37.125102],[126.615267,37.125206],[126.614831,37.125246],[126.614351,37.125115],[126.614099,37.124816],[126.613826,37.124636],[126.613563,37.124268],[126.613495,37.123814],[126.614012,37.123864],[126.614347,37.123821],[126.614675,37.12363],[126.614674,37.123439],[126.614404,37.123374],[126.614443,37.123273],[126.614188,37.123166],[126.614367,37.122982],[126.614313,37.122842],[126.613816,37.122989],[126.613484,37.122964],[126.612445,37.123126],[126.612419,37.122916],[126.612165,37.12288],[126.612107,37.122645],[126.611882,37.122456],[126.612297,37.122221],[126.612432,37.121887],[126.612583,37.121852],[126.612622,37.121508],[126.612974,37.121439],[126.613186,37.121315],[126.612958,37.121113],[126.612538,37.120848],[126.612111,37.120733],[126.611848,37.120506],[126.611601,37.119506],[126.61129,37.119056],[126.611115,37.118937],[126.610777,37.118294],[126.610625,37.118188],[126.610658,37.118057],[126.610339,37.117844],[126.610462,37.117751],[126.61101,37.117607],[126.611364,37.117399],[126.61158,37.117368],[126.611805,37.117145],[126.612117,37.117138],[126.61286,37.117306],[126.613108,37.117567],[126.61399,37.118214],[126.614547,37.118403],[126.614946,37.118657],[126.61552,37.118784],[126.616152,37.118826],[126.616602,37.118784],[126.616898,37.118892],[126.617672,37.11891],[126.618381,37.11889],[126.618839,37.118823],[126.619014,37.118924],[126.619465,37.118852],[126.620164,37.118653],[126.620908,37.118384],[126.621354,37.118132],[126.621791,37.11805],[126.622031,37.11816],[126.622192,37.118073],[126.622719,37.117996],[126.623013,37.118065],[126.623043,37.118188],[126.622471,37.118315],[126.621978,37.118462],[126.621415,37.118728],[126.621724,37.118869],[126.621844,37.119027],[126.621511,37.119227],[126.621498,37.119544],[126.621603,37.11958],[126.62208,37.119528],[126.622347,37.119541],[126.623338,37.11928],[126.623563,37.119251],[126.623949,37.119332],[126.624383,37.119342],[126.624833,37.119226],[126.62523,37.119324],[126.625339,37.119112],[126.625832,37.119205],[126.626562,37.11949],[126.626771,37.119513],[126.627279,37.119276],[126.627499,37.119217],[126.628079,37.119255],[126.628375,37.119383],[126.629055,37.119311],[126.628975,37.11917],[126.628484,37.119117],[126.628063,37.119023],[126.627765,37.118889],[126.62776,37.118631],[126.627495,37.118142],[126.62802,37.117869],[126.628119,37.117551],[126.628301,37.117455],[126.628628,37.117386],[126.629319,37.117372],[126.629817,37.117327],[126.6301,37.117237],[126.630286,37.117018],[126.630664,37.11699],[126.630976,37.11704],[126.631114,37.117216],[126.632589,37.11723],[126.632904,37.117267],[126.633504,37.117405],[126.633709,37.117517],[126.633681,37.117639],[126.633022,37.117805],[126.63272,37.118106],[126.632614,37.118368],[126.632549,37.119236],[126.632536,37.119886],[126.63249,37.120117],[126.632548,37.120244],[126.633014,37.120272],[126.633478,37.120097],[126.633538,37.11942],[126.633635,37.118856],[126.633961,37.118358],[126.634153,37.118317],[126.634547,37.118607],[126.634949,37.118856],[126.635329,37.119015],[126.635821,37.11909],[126.636007,37.119007],[126.636193,37.118803],[126.636259,37.118591],[126.636279,37.118224],[126.636623,37.117869],[126.636679,37.117738],[126.637071,37.117531],[126.63742,37.117205],[126.638141,37.116629],[126.639082,37.115764],[126.639392,37.115574],[126.639735,37.115489],[126.639974,37.11534],[126.640167,37.115327],[126.640315,37.115081],[126.640642,37.115089],[126.641023,37.115026],[126.641244,37.114881],[126.64134,37.115038],[126.64179,37.114874],[126.642337,37.114792],[126.643131,37.114739],[126.64338,37.114766],[126.643583,37.114865],[126.643701,37.115021],[126.643686,37.115342],[126.643331,37.115953],[126.643259,37.116278],[126.643218,37.116797],[126.643238,37.11709],[126.643203,37.117479],[126.64329,37.117627],[126.643506,37.117655],[126.643956,37.117588],[126.644277,37.118057],[126.644433,37.118065],[126.644413,37.117849],[126.644516,37.117736],[126.644757,37.117072],[126.644955,37.116792],[126.645174,37.116663],[126.645319,37.116709],[126.645213,37.116958],[126.645197,37.117172],[126.645376,37.117425],[126.645582,37.117463],[126.645815,37.117412],[126.646091,37.11723],[126.646523,37.116828],[126.646977,37.116464],[126.646923,37.116233],[126.647145,37.116229],[126.647293,37.115998],[126.647624,37.115863],[126.647911,37.115684],[126.64795,37.115412],[126.648318,37.115115],[126.648693,37.115195],[126.649502,37.11471],[126.649859,37.114556],[126.65036,37.114448],[126.650756,37.114419],[126.651105,37.114483],[126.651295,37.114647],[126.651559,37.114995],[126.652,37.115953],[126.652238,37.116235],[126.65156,37.116392],[126.651072,37.116571],[126.650647,37.116776],[126.650283,37.116868],[126.649665,37.116944],[126.649641,37.117071],[126.650069,37.117266],[126.650024,37.117369],[126.647906,37.118136],[126.647252,37.118445],[126.647079,37.118438],[126.646882,37.118318],[126.6467,37.118343],[126.646443,37.118497],[126.645608,37.11878],[126.645156,37.11881],[126.645005,37.1187],[126.644649,37.118311],[126.64454,37.118512],[126.644302,37.11877],[126.643949,37.118878],[126.643415,37.119161],[126.642891,37.119352],[126.642258,37.119647],[126.641617,37.119765],[126.641168,37.119895],[126.639995,37.12041],[126.639762,37.120466],[126.639091,37.120295],[126.63856,37.120305],[126.637937,37.120106],[126.637296,37.12],[126.636617,37.120079],[126.636289,37.120237],[126.635695,37.120384],[126.635366,37.12066],[126.63496,37.120812],[126.634538,37.120825],[126.634427,37.120877],[126.634206,37.121145],[126.63396,37.121198],[126.633818,37.121141],[126.633709,37.120927],[126.633417,37.120756],[126.63306,37.120811],[126.632714,37.120994],[126.632471,37.121334],[126.632184,37.121514],[126.632116,37.121676],[126.631522,37.121839],[126.63114,37.121822],[126.629492,37.121308],[126.629123,37.121207],[126.628783,37.121202],[126.628335,37.121286],[126.626947,37.121667],[126.626684,37.121716],[126.62609,37.121571],[126.625948,37.121612],[126.62596,37.121788],[126.625733,37.121998],[126.625355,37.122081],[126.625058,37.122067],[126.624887,37.121921],[126.624935,37.121622],[126.624462,37.121359],[126.624251,37.121284],[126.623898,37.121294],[126.624033,37.121549],[126.623867,37.12162],[126.622962,37.121397],[126.622926,37.121226],[126.623252,37.121037],[126.623181,37.120788],[126.622738,37.120615],[126.622253,37.120368],[126.621765,37.120223],[126.621082,37.120351],[126.620676,37.120507],[126.620478,37.120672],[126.619483,37.121812],[126.61904,37.122286],[126.618393,37.12289],[126.617531,37.123511],[126.617252,37.123821],[126.617133,37.123832],[126.616936,37.123615],[126.616657,37.123616],[126.616283,37.123789],[126.616145,37.123943]]],[[[126.671839,37.134163],[126.671676,37.134259],[126.671546,37.134041],[126.671706,37.134008],[126.671839,37.134163]]],[[[126.638352,37.140877],[126.638095,37.140721],[126.638351,37.140547],[126.638423,37.140701],[126.638352,37.140877]]],[[[126.643504,37.142921],[126.643669,37.142745],[126.643481,37.142628],[126.643295,37.142634],[126.643347,37.142344],[126.643714,37.142353],[126.644144,37.142429],[126.644219,37.142548],[126.643504,37.142921]]],[[[126.617679,37.15602],[126.617892,37.156099],[126.617983,37.156381],[126.617751,37.156362],[126.617679,37.15602]]],[[[126.647958,37.158008],[126.647515,37.158048],[126.647217,37.157698],[126.64721,37.157508],[126.647007,37.157438],[126.647187,37.157294],[126.647768,37.157622],[126.647986,37.157876],[126.647958,37.158008]]],[[[126.628221,37.177051],[126.627947,37.177328],[126.627609,37.177159],[126.627482,37.176964],[126.627533,37.176778],[126.627993,37.176501],[126.627953,37.176862],[126.628221,37.177051]]],[[[126.622286,37.179562],[126.621973,37.179576],[126.621689,37.17891],[126.621555,37.178826],[126.621315,37.178849],[126.620978,37.17847],[126.620519,37.178396],[126.619983,37.178126],[126.619714,37.177904],[126.618852,37.177308],[126.61825,37.176729],[126.618174,37.176333],[126.618056,37.175977],[126.617596,37.175491],[126.616946,37.174989],[126.616555,37.173996],[126.616499,37.173715],[126.616373,37.173566],[126.616178,37.172864],[126.616423,37.171653],[126.6165,37.171068],[126.616755,37.168507],[126.616955,37.166401],[126.617074,37.16548],[126.617393,37.164051],[126.617479,37.163095],[126.617748,37.162054],[126.617856,37.161759],[126.618024,37.161012],[126.618011,37.160559],[126.618113,37.160105],[126.61827,37.159708],[126.618494,37.159504],[126.618559,37.159324],[126.618949,37.158703],[126.619128,37.158517],[126.6189,37.158367],[126.618822,37.157969],[126.618948,37.157844],[126.619136,37.157877],[126.619096,37.158176],[126.619266,37.158419],[126.619593,37.158649],[126.619903,37.15911],[126.620159,37.15957],[126.620342,37.160359],[126.620296,37.160525],[126.620513,37.161022],[126.620508,37.161305],[126.620329,37.161323],[126.620297,37.16154],[126.620489,37.161884],[126.620706,37.161615],[126.620839,37.161605],[126.621006,37.161978],[126.620705,37.162167],[126.620949,37.162393],[126.621497,37.162665],[126.621666,37.162696],[126.621751,37.162846],[126.621965,37.162852],[126.622223,37.163003],[126.622149,37.163224],[126.622611,37.163475],[126.622897,37.163693],[126.625081,37.165592],[126.625419,37.165772],[126.625616,37.165999],[126.626378,37.166639],[126.62659,37.166848],[126.627146,37.167515],[126.627423,37.16779],[126.627783,37.168221],[126.628183,37.168573],[126.628182,37.168702],[126.62859,37.169438],[126.628692,37.169837],[126.629198,37.17131],[126.629318,37.171592],[126.629406,37.171632],[126.629552,37.172274],[126.629904,37.173035],[126.629964,37.173248],[126.630318,37.173626],[126.630653,37.173878],[126.631178,37.17422],[126.631923,37.174649],[126.632532,37.174746],[126.632455,37.1749],[126.631493,37.174772],[126.630675,37.174786],[126.629283,37.174966],[126.628766,37.175087],[126.628257,37.175138],[126.628281,37.175376],[126.628492,37.17603],[126.628355,37.176064],[126.627653,37.175844],[126.62758,37.175649],[126.625331,37.176194],[126.625245,37.176106],[126.62501,37.176258],[126.625047,37.17641],[126.62491,37.176489],[126.625376,37.176952],[126.625103,37.177385],[126.624587,37.177512],[126.624338,37.176987],[126.624118,37.177073],[126.623789,37.176976],[126.623601,37.176713],[126.622732,37.177077],[126.622503,37.177466],[126.62275,37.177403],[126.622878,37.177768],[126.622657,37.177832],[126.623058,37.178772],[126.62296,37.178798],[126.622805,37.178467],[126.622061,37.178677],[126.622063,37.17876],[126.622399,37.179557],[126.622286,37.179562]]],[[[126.649757,37.187677],[126.649643,37.187739],[126.648855,37.18691],[126.649045,37.186977],[126.649606,37.18758],[126.649757,37.187677]]],[[[126.650833,37.190802],[126.650725,37.190755],[126.650642,37.190516],[126.650764,37.190488],[126.650833,37.190802]]],[[[126.683986,37.11352],[126.684047,37.11461],[126.684569,37.114603],[126.684928,37.114652],[126.686421,37.114734],[126.686691,37.114779],[126.686401,37.11517],[126.689569,37.115941],[126.690548,37.116081],[126.690966,37.116076],[126.691453,37.116018],[126.692356,37.115783],[126.69392,37.115449],[126.694405,37.115395],[126.69509,37.11541],[126.69577,37.115539],[126.69697,37.115948],[126.69958,37.116873],[126.702638,37.117935],[126.703262,37.11821],[126.704957,37.119153],[126.707013,37.120356],[126.709031,37.12155],[126.711032,37.122747],[126.713639,37.124346],[126.714722,37.125059],[126.716289,37.126242],[126.717165,37.126938],[126.718134,37.127646],[126.719352,37.128562],[126.720906,37.129697],[126.722029,37.130443],[126.72465,37.13238],[126.725156,37.132802],[126.726027,37.133604],[126.727243,37.134822],[126.728184,37.135729],[126.729115,37.136676],[126.73338,37.140833],[126.736876,37.144224],[126.737849,37.145025],[126.742475,37.148953],[126.74416,37.150204],[126.746393,37.151923],[126.747739,37.152868],[126.751294,37.155117],[126.746348,37.160175],[126.745999,37.160431],[126.746926,37.161663],[126.746932,37.161698],[126.746169,37.163444],[126.746087,37.163383],[126.745264,37.163125],[126.74407,37.163153],[126.743875,37.163308],[126.744097,37.163699],[126.744125,37.164206],[126.743866,37.164899],[126.743482,37.165244],[126.743437,37.165347],[126.742978,37.16568],[126.742476,37.166088],[126.742589,37.166215],[126.74259,37.16718],[126.741757,37.167466],[126.74156,37.167664],[126.741535,37.167795],[126.741302,37.167899],[126.740836,37.168015],[126.739969,37.168008],[126.739426,37.167858],[126.738614,37.168016],[126.738511,37.168154],[126.737519,37.168446],[126.737288,37.168775],[126.737204,37.169254],[126.737288,37.16998],[126.737005,37.170199],[126.73667,37.170183],[126.735755,37.170342],[126.735383,37.170275],[126.734465,37.169945],[126.734152,37.169812],[126.733656,37.169908],[126.733283,37.169817],[126.732731,37.169555],[126.732561,37.169713],[126.732482,37.170001],[126.732075,37.170193],[126.731918,37.170354],[126.731574,37.170567],[126.731294,37.170813],[126.731199,37.171315],[126.731033,37.171548],[126.730445,37.171807],[126.730077,37.172317],[126.729915,37.172383],[126.728968,37.172576],[126.728399,37.173016],[126.728081,37.173219],[126.727827,37.173478],[126.727644,37.173751],[126.727358,37.173926],[126.72692,37.174042],[126.726554,37.174223],[126.726404,37.174401],[126.726256,37.174798],[126.72626,37.175766],[126.72605,37.17613],[126.726,37.176348],[126.725737,37.176316],[126.72542,37.176381],[126.724839,37.176425],[126.724192,37.176342],[126.723988,37.176257],[126.723492,37.176418],[126.722725,37.176471],[126.722096,37.176299],[126.72166,37.176295],[126.721303,37.176346],[126.720879,37.176508],[126.720438,37.17657],[126.719971,37.176387],[126.719112,37.177029],[126.718481,37.17708],[126.718,37.177502],[126.717703,37.177639],[126.71734,37.17789],[126.717655,37.178587],[126.717555,37.17907],[126.717363,37.179505],[126.717028,37.180428],[126.716813,37.180809],[126.716636,37.180969],[126.715836,37.18133],[126.715159,37.181734],[126.71549,37.18292],[126.715502,37.183356],[126.715911,37.183997],[126.716125,37.184116],[126.716512,37.184547],[126.716445,37.184945],[126.717178,37.185524],[126.71798,37.185501],[126.71871,37.185755],[126.718998,37.185902],[126.718751,37.186471],[126.719001,37.186975],[126.720028,37.187928],[126.720143,37.188201],[126.720532,37.188415],[126.720386,37.188788],[126.719964,37.189283],[126.719682,37.189434],[126.719031,37.189657],[126.718562,37.190009],[126.718518,37.190093],[126.718748,37.190432],[126.7191,37.190816],[126.719117,37.190952],[126.71932,37.191384],[126.719062,37.192045],[126.718884,37.192378],[126.719115,37.193001],[126.719442,37.193658],[126.719289,37.193989],[126.718124,37.194448],[126.716851,37.194741],[126.716546,37.195403],[126.716662,37.196076],[126.716053,37.196288],[126.71499,37.197083],[126.714296,37.197566],[126.713741,37.197804],[126.713241,37.197857],[126.713018,37.197487],[126.712469,37.196401],[126.711777,37.196035],[126.711241,37.195589],[126.710946,37.195458],[126.71022,37.195503],[126.710154,37.195435],[126.710287,37.194788],[126.710138,37.194663],[126.709899,37.194278],[126.709389,37.194108],[126.708456,37.193452],[126.708263,37.19319],[126.707613,37.193015],[126.707171,37.192239],[126.707015,37.191682],[126.707024,37.191319],[126.706659,37.191383],[126.705822,37.1917],[126.705618,37.191918],[126.705529,37.192283],[126.705294,37.192355],[126.704749,37.192753],[126.704449,37.193252],[126.704286,37.193445],[126.703724,37.193607],[126.703733,37.194666],[126.703655,37.195265],[126.70352,37.195458],[126.70313,37.195611],[126.702893,37.196037],[126.7029,37.19611],[126.702566,37.196319],[126.702232,37.196326],[126.701877,37.196396],[126.701622,37.196384],[126.701134,37.196511],[126.70093,37.19667],[126.700714,37.196941],[126.700811,37.197349],[126.701152,37.197993],[126.701326,37.198587],[126.701363,37.198874],[126.701345,37.199253],[126.701187,37.199633],[126.701308,37.200081],[126.701588,37.2004],[126.701673,37.200621],[126.701699,37.200921],[126.701653,37.201165],[126.701863,37.201334],[126.700822,37.202289],[126.700432,37.202404],[126.700244,37.202367],[126.699839,37.202547],[126.699462,37.202512],[126.69878,37.202538],[126.698733,37.202883],[126.698553,37.202933],[126.698623,37.203161],[126.697687,37.203588],[126.697809,37.203846],[126.697455,37.204028],[126.696847,37.203943],[126.696116,37.203372],[126.696178,37.203126],[126.695302,37.202903],[126.694921,37.203008],[126.6938,37.203094],[126.693745,37.203145],[126.693355,37.20312],[126.692678,37.203193],[126.692002,37.203217],[126.691396,37.203276],[126.691164,37.203245],[126.690041,37.202919],[126.689084,37.202667],[126.688166,37.202328],[126.687749,37.20209],[126.687396,37.202257],[126.686956,37.202247],[126.686515,37.202144],[126.686292,37.202037],[126.685858,37.201702],[126.685483,37.201636],[126.684076,37.201261],[126.683414,37.201025],[126.683017,37.200839],[126.682725,37.200645],[126.68228,37.200411],[126.68178,37.199903],[126.681236,37.199804],[126.680336,37.199559],[126.680301,37.19916],[126.680359,37.198691],[126.680559,37.198695],[126.680484,37.19844],[126.680188,37.198224],[126.679884,37.198108],[126.679178,37.197911],[126.678708,37.197854],[126.6783,37.197572],[126.67805,37.197498],[126.677249,37.197526],[126.676377,37.197197],[126.676338,37.196843],[126.676364,37.196234],[126.676224,37.196113],[126.675228,37.194833],[126.675093,37.194589],[126.675028,37.194237],[126.674534,37.194182],[126.674111,37.194426],[126.67374,37.194255],[126.67322,37.193818],[126.673063,37.193614],[126.672673,37.193727],[126.664115,37.196139],[126.663979,37.196438],[126.663349,37.196311],[126.662868,37.196432],[126.662247,37.19676],[126.661882,37.196768],[126.661261,37.196396],[126.661076,37.196196],[126.660535,37.196333],[126.660127,37.196193],[126.660116,37.195978],[126.660212,37.195713],[126.659972,37.195317],[126.659643,37.195091],[126.659322,37.195023],[126.659185,37.194838],[126.659344,37.194611],[126.659401,37.194202],[126.659255,37.193996],[126.658218,37.192097],[126.658065,37.19216],[126.657828,37.192073],[126.657683,37.191584],[126.657428,37.191201],[126.657031,37.1909],[126.656549,37.190826],[126.653281,37.191393],[126.652959,37.191551],[126.651992,37.191701],[126.651937,37.191596],[126.650768,37.191799],[126.650581,37.191106],[126.652393,37.190789],[126.654306,37.190464],[126.65479,37.190401],[126.655213,37.190428],[126.655251,37.189846],[126.655049,37.18959],[126.654323,37.1889],[126.653828,37.188377],[126.653479,37.188444],[126.653178,37.188627],[126.651883,37.187274],[126.651452,37.187435],[126.651243,37.187377],[126.650783,37.187662],[126.650698,37.187575],[126.650382,37.187619],[126.651447,37.186954],[126.650432,37.185885],[126.650633,37.186197],[126.650564,37.186245],[126.651234,37.186954],[126.650299,37.187534],[126.65027,37.187506],[126.651181,37.186947],[126.65086,37.186609],[126.649886,37.187208],[126.649853,37.187177],[126.65083,37.186579],[126.650533,37.186261],[126.649667,37.186795],[126.649636,37.186768],[126.650573,37.186193],[126.649982,37.185574],[126.649922,37.185204],[126.648864,37.185849],[126.648788,37.185811],[126.649816,37.185185],[126.650016,37.184967],[126.650369,37.184765],[126.650397,37.184681],[126.650098,37.184114],[126.649958,37.184084],[126.649574,37.183714],[126.649737,37.183263],[126.65,37.182968],[126.650264,37.182831],[126.650599,37.182768],[126.65124,37.182818],[126.651589,37.182814],[126.651822,37.182701],[126.652224,37.182738],[126.652722,37.18251],[126.652934,37.182822],[126.652868,37.182997],[126.653066,37.183117],[126.653216,37.183323],[126.653819,37.1836],[126.653911,37.183677],[126.655102,37.184909],[126.655356,37.185152],[126.655381,37.18532],[126.655134,37.185497],[126.654357,37.185965],[126.654524,37.186157],[126.655533,37.187211],[126.656114,37.187794],[126.656483,37.188195],[126.656837,37.18848],[126.656877,37.188608],[126.657337,37.189125],[126.657897,37.189686],[126.658233,37.190071],[126.658409,37.190137],[126.658738,37.190092],[126.659181,37.189951],[126.659308,37.189991],[126.659711,37.190615],[126.659871,37.190747],[126.660435,37.190798],[126.660593,37.190867],[126.660988,37.190881],[126.661389,37.190661],[126.66467,37.191643],[126.665288,37.192242],[126.665609,37.192127],[126.666019,37.19223],[126.666458,37.191635],[126.666389,37.191401],[126.666486,37.191097],[126.666764,37.190799],[126.669893,37.189243],[126.669873,37.189164],[126.668814,37.188633],[126.668499,37.188573],[126.667945,37.188257],[126.667617,37.188107],[126.66731,37.188124],[126.667032,37.188432],[126.66698,37.188679],[126.666806,37.188967],[126.666621,37.189042],[126.6664,37.188829],[126.666006,37.188334],[126.665457,37.187985],[126.665322,37.187727],[126.665132,37.187499],[126.66501,37.187219],[126.665459,37.186821],[126.665923,37.186665],[126.665936,37.186448],[126.666031,37.186249],[126.666043,37.18592],[126.665802,37.185366],[126.665566,37.184706],[126.665331,37.183388],[126.665315,37.182928],[126.665025,37.182669],[126.664993,37.18254],[126.665204,37.182316],[126.664828,37.181982],[126.664315,37.181711],[126.663981,37.181724],[126.663527,37.181354],[126.663227,37.181003],[126.662995,37.18094],[126.662783,37.180798],[126.662563,37.180249],[126.662288,37.179962],[126.661727,37.179819],[126.661675,37.179681],[126.661803,37.179555],[126.66195,37.179168],[126.661713,37.178798],[126.66079,37.177541],[126.660648,37.177308],[126.660019,37.176423],[126.659552,37.176574],[126.65925,37.176725],[126.659242,37.176852],[126.65889,37.176941],[126.658674,37.176918],[126.658205,37.176771],[126.657653,37.176519],[126.657488,37.176489],[126.657323,37.176325],[126.656971,37.176204],[126.656882,37.176656],[126.656788,37.176874],[126.656774,37.177128],[126.656655,37.177499],[126.65668,37.177693],[126.656876,37.177829],[126.657619,37.177979],[126.657914,37.178189],[126.65822,37.178293],[126.658615,37.178234],[126.660179,37.177907],[126.660077,37.177996],[126.658337,37.178372],[126.65768,37.178286],[126.657333,37.178447],[126.656941,37.178578],[126.656676,37.178714],[126.6562,37.178882],[126.655411,37.179677],[126.655452,37.179781],[126.656124,37.180031],[126.65646,37.179722],[126.656679,37.179608],[126.657064,37.179808],[126.657034,37.179932],[126.656789,37.180098],[126.656488,37.180178],[126.65609,37.1805],[126.655778,37.180656],[126.654965,37.180722],[126.6546,37.180842],[126.654414,37.180998],[126.653957,37.181219],[126.653663,37.181628],[126.65345,37.18154],[126.653672,37.181261],[126.653585,37.180958],[126.653564,37.18066],[126.653452,37.180624],[126.653606,37.180293],[126.653749,37.180201],[126.65384,37.179894],[126.65406,37.179643],[126.654067,37.17937],[126.654473,37.179083],[126.654736,37.178682],[126.654879,37.178592],[126.655396,37.177918],[126.655732,37.177793],[126.655849,37.177902],[126.656174,37.177862],[126.65655,37.177535],[126.656663,37.177109],[126.656665,37.176935],[126.65683,37.176498],[126.656844,37.176188],[126.656448,37.175865],[126.656339,37.175728],[126.655604,37.175244],[126.655206,37.175131],[126.655099,37.175052],[126.655141,37.174677],[126.65521,37.174482],[126.654754,37.174434],[126.65469,37.174146],[126.655095,37.173753],[126.655522,37.173405],[126.656068,37.173188],[126.656222,37.17306],[126.656362,37.172804],[126.656761,37.172404],[126.657375,37.170338],[126.657626,37.170128],[126.657682,37.169858],[126.657481,37.169634],[126.657513,37.169262],[126.657687,37.168744],[126.657668,37.168578],[126.657958,37.167705],[126.657312,37.167724],[126.656004,37.167731],[126.655557,37.167785],[126.655441,37.167857],[126.65495,37.167997],[126.654781,37.167966],[126.654483,37.168033],[126.654318,37.167998],[126.653595,37.167623],[126.653737,37.167301],[126.65371,37.166882],[126.653998,37.166722],[126.654325,37.166642],[126.655284,37.167429],[126.655389,37.167645],[126.655537,37.167712],[126.655965,37.167677],[126.65733,37.167666],[126.656679,37.167514],[126.65666,37.167306],[126.656854,37.166934],[126.657841,37.167018],[126.658246,37.167098],[126.658357,37.166955],[126.658302,37.166722],[126.65837,37.166438],[126.659049,37.16519],[126.659579,37.164724],[126.660179,37.164441],[126.660299,37.164165],[126.660212,37.164106],[126.659606,37.164108],[126.659306,37.163975],[126.660265,37.163992],[126.660362,37.16371],[126.660777,37.163832],[126.660994,37.163692],[126.661,37.163472],[126.661097,37.16317],[126.661088,37.162993],[126.660895,37.162656],[126.660911,37.162286],[126.660342,37.161652],[126.660007,37.161034],[126.659736,37.160807],[126.659166,37.160251],[126.658695,37.159922],[126.657746,37.159132],[126.657552,37.159031],[126.657124,37.158937],[126.656691,37.158933],[126.655889,37.158512],[126.655095,37.157959],[126.65493,37.157803],[126.65448,37.157593],[126.654348,37.157357],[126.654086,37.15703],[126.653764,37.156804],[126.653347,37.156568],[126.652899,37.156537],[126.652553,37.156584],[126.651855,37.156561],[126.651289,37.156442],[126.650932,37.156569],[126.650411,37.156493],[126.650418,37.156372],[126.650602,37.156129],[126.650598,37.155921],[126.650407,37.155621],[126.65021,37.155473],[126.650213,37.154996],[126.650034,37.154909],[126.650022,37.154779],[126.649821,37.15464],[126.649744,37.154437],[126.649823,37.154321],[126.650402,37.154445],[126.650483,37.15416],[126.650954,37.154045],[126.651049,37.153928],[126.651483,37.153945],[126.651572,37.154096],[126.651906,37.154186],[126.65197,37.154458],[126.65233,37.154539],[126.653008,37.154267],[126.653824,37.153686],[126.653797,37.153503],[126.65421,37.153573],[126.654538,37.153454],[126.655032,37.153758],[126.655176,37.153793],[126.655466,37.153997],[126.655952,37.154205],[126.656401,37.154316],[126.656552,37.154236],[126.656942,37.154266],[126.657274,37.154178],[126.657557,37.154023],[126.657666,37.15404],[126.657983,37.154297],[126.658022,37.154638],[126.657975,37.154794],[126.658222,37.154917],[126.658294,37.155038],[126.659255,37.154995],[126.659977,37.154801],[126.660282,37.154864],[126.660458,37.155054],[126.660752,37.155207],[126.660924,37.155407],[126.661328,37.155539],[126.661418,37.155742],[126.66175,37.156139],[126.662127,37.156174],[126.661282,37.155449],[126.660114,37.154749],[126.657718,37.153875],[126.656261,37.151475],[126.65497,37.149706],[126.653632,37.147835],[126.653126,37.147155],[126.652694,37.146926],[126.65062,37.145697],[126.650121,37.145457],[126.647025,37.143616],[126.646155,37.143142],[126.645852,37.142954],[126.643725,37.141165],[126.643453,37.14103],[126.643068,37.140958],[126.641348,37.141063],[126.640138,37.141159],[126.638807,37.141248],[126.638874,37.141469],[126.638039,37.141671],[126.637869,37.141491],[126.637846,37.141154],[126.63809,37.141128],[126.638214,37.141347],[126.638365,37.141283],[126.638283,37.141021],[126.638679,37.140932],[126.638766,37.141157],[126.639044,37.141113],[126.638525,37.140091],[126.638361,37.140019],[126.638184,37.139769],[126.638322,37.139626],[126.637816,37.138615],[126.638288,37.138225],[126.638366,37.13829],[126.637918,37.138676],[126.638452,37.139705],[126.639135,37.141099],[126.639189,37.141144],[126.640755,37.141019],[126.641876,37.140965],[126.642703,37.140896],[126.643187,37.140902],[126.643494,37.140967],[126.643987,37.141233],[126.644041,37.141312],[126.645498,37.142526],[126.645582,37.14255],[126.646218,37.14303],[126.647354,37.143641],[126.648002,37.144075],[126.649346,37.144867],[126.65051,37.145519],[126.651809,37.146314],[126.652101,37.146066],[126.6523,37.146107],[126.652318,37.14635],[126.652439,37.146397],[126.652489,37.146607],[126.652643,37.14683],[126.653082,37.14704],[126.653254,37.147189],[126.654173,37.148482],[126.656248,37.151351],[126.656684,37.15205],[126.656777,37.152116],[126.656907,37.152422],[126.657789,37.153837],[126.659088,37.154289],[126.660209,37.1547],[126.661345,37.155394],[126.662062,37.155984],[126.662763,37.156636],[126.663247,37.156778],[126.663719,37.156841],[126.664051,37.156922],[126.664986,37.156743],[126.667157,37.156374],[126.668502,37.156125],[126.668723,37.156139],[126.669572,37.156001],[126.669712,37.156006],[126.671185,37.156533],[126.671362,37.156578],[126.673176,37.157258],[126.675249,37.157967],[126.676566,37.158451],[126.678514,37.15912],[126.680354,37.159766],[126.681332,37.160131],[126.682355,37.16047],[126.682802,37.160435],[126.683062,37.160326],[126.684669,37.159728],[126.685462,37.159419],[126.686625,37.158995],[126.688722,37.158174],[126.688801,37.158101],[126.689235,37.157928],[126.691216,37.157194],[126.691286,37.156604],[126.691741,37.155703],[126.692159,37.155296],[126.69253,37.154749],[126.692843,37.154191],[126.692966,37.15405],[126.693304,37.153874],[126.6939,37.153682],[126.694248,37.153434],[126.695908,37.152379],[126.697452,37.151425],[126.697262,37.15126],[126.697383,37.151079],[126.697312,37.15095],[126.696867,37.150585],[126.696726,37.150585],[126.695942,37.151275],[126.69485,37.152164],[126.694598,37.152253],[126.692447,37.151594],[126.690032,37.150787],[126.689637,37.15064],[126.688661,37.150208],[126.687116,37.149546],[126.686643,37.149362],[126.686308,37.149175],[126.686189,37.148982],[126.685889,37.149028],[126.686061,37.14948],[126.685917,37.149647],[126.684969,37.149644],[126.685111,37.149736],[126.685547,37.149843],[126.685712,37.149936],[126.685608,37.150125],[126.685239,37.150092],[126.684646,37.149899],[126.683948,37.149564],[126.683334,37.14907],[126.682868,37.148627],[126.682623,37.148296],[126.682513,37.147788],[126.682483,37.147116],[126.682319,37.146934],[126.681766,37.145706],[126.68125,37.144665],[126.681058,37.144445],[126.680743,37.144245],[126.680428,37.144202],[126.680166,37.144408],[126.679932,37.144501],[126.679517,37.144475],[126.679194,37.144497],[126.679023,37.144441],[126.678956,37.144197],[126.678258,37.144143],[126.677597,37.144123],[126.677445,37.144012],[126.67749,37.143569],[126.677411,37.143257],[126.676311,37.143164],[126.674049,37.143002],[126.673378,37.142965],[126.673236,37.142984],[126.672207,37.142887],[126.669891,37.142734],[126.666079,37.142498],[126.665873,37.142505],[126.665761,37.142354],[126.663956,37.140815],[126.663194,37.140127],[126.66271,37.139734],[126.660296,37.137993],[126.660335,37.137936],[126.662252,37.139308],[126.662933,37.139781],[126.662973,37.139838],[126.664502,37.141186],[126.665841,37.142332],[126.666048,37.142427],[126.669871,37.142663],[126.673323,37.142903],[126.676901,37.143165],[126.677005,37.143091],[126.676864,37.142483],[126.676883,37.142267],[126.676791,37.141766],[126.676793,37.141564],[126.677001,37.140942],[126.677325,37.140355],[126.677395,37.140371],[126.67706,37.140963],[126.67684,37.141605],[126.676857,37.141823],[126.677094,37.143152],[126.677222,37.143186],[126.678284,37.143261],[126.678938,37.143275],[126.678968,37.14317],[126.67957,37.143143],[126.6797,37.14238],[126.679701,37.141696],[126.67959,37.141078],[126.679326,37.140695],[126.679102,37.140526],[126.678746,37.140436],[126.678303,37.140271],[126.677596,37.140173],[126.677321,37.139782],[126.677135,37.139586],[126.677065,37.139336],[126.676727,37.139183],[126.676584,37.138943],[126.676374,37.138787],[126.676133,37.138696],[126.675697,37.138271],[126.675333,37.138197],[126.675083,37.137869],[126.674858,37.137803],[126.674424,37.137806],[126.674219,37.137696],[126.673919,37.137685],[126.673744,37.137783],[126.673513,37.137731],[126.67359,37.137425],[126.673681,37.137404],[126.673904,37.137609],[126.674091,37.137662],[126.67404,37.137347],[126.6739,37.137148],[126.674043,37.136954],[126.674377,37.136266],[126.674326,37.136061],[126.674526,37.135882],[126.674603,37.135509],[126.674353,37.135433],[126.67444,37.135276],[126.674722,37.135226],[126.674837,37.135052],[126.675274,37.135426],[126.67568,37.135657],[126.676003,37.135906],[126.676419,37.135754],[126.676588,37.135924],[126.67691,37.135654],[126.677125,37.135693],[126.677568,37.135343],[126.677927,37.13496],[126.678323,37.134406],[126.678379,37.134244],[126.678936,37.133356],[126.679278,37.13269],[126.679383,37.132619],[126.679417,37.132353],[126.679732,37.131236],[126.680019,37.131191],[126.677408,37.130197],[126.676995,37.129994],[126.676067,37.129463],[126.674276,37.128587],[126.674513,37.128489],[126.674573,37.128659],[126.676031,37.129386],[126.677383,37.130118],[126.679734,37.131028],[126.680262,37.131079],[126.680682,37.130603],[126.681028,37.130164],[126.681439,37.129577],[126.68171,37.129143],[126.682035,37.128556],[126.682419,37.127767],[126.682755,37.12699],[126.683262,37.125723],[126.683479,37.125113],[126.683457,37.124958],[126.683636,37.124662],[126.683991,37.123515],[126.684319,37.122314],[126.684365,37.122204],[126.684161,37.122008],[126.683962,37.122023],[126.684055,37.121742],[126.68444,37.121754],[126.68432,37.121522],[126.684364,37.121263],[126.684487,37.121091],[126.684537,37.120744],[126.684686,37.12068],[126.684742,37.119536],[126.684719,37.119138],[126.683971,37.118206],[126.683896,37.11816],[126.683357,37.117446],[126.683256,37.117089],[126.682711,37.117257],[126.682654,37.117328],[126.681906,37.11755],[126.681098,37.11782],[126.680071,37.118128],[126.679415,37.11828],[126.67823,37.118286],[126.677512,37.11831],[126.677198,37.118281],[126.676504,37.118302],[126.675322,37.118297],[126.675042,37.118212],[126.674648,37.117822],[126.674309,37.11735],[126.674152,37.117222],[126.674429,37.117057],[126.674622,37.117114],[126.675144,37.117787],[126.675343,37.117948],[126.675501,37.117972],[126.677291,37.117947],[126.678266,37.117963],[126.679296,37.117953],[126.679731,37.117884],[126.679691,37.117708],[126.680942,37.117319],[126.680857,37.115987],[126.680707,37.11599],[126.680698,37.115416],[126.679704,37.115458],[126.679214,37.115511],[126.67916,37.115455],[126.677781,37.115509],[126.677625,37.115501],[126.676564,37.116081],[126.67632,37.116025],[126.67551,37.116015],[126.675502,37.1158],[126.676312,37.115696],[126.676946,37.11553],[126.677465,37.115259],[126.677672,37.115202],[126.678446,37.115199],[126.679747,37.115246],[126.680843,37.115207],[126.680834,37.114972],[126.680991,37.114864],[126.682533,37.114796],[126.682823,37.114668],[126.683759,37.114624],[126.683701,37.113525],[126.683986,37.11352]]],[[[126.69413,37.207168],[126.693864,37.207147],[126.693204,37.206937],[126.692726,37.206459],[126.692596,37.206038],[126.692194,37.205235],[126.692152,37.20502],[126.692417,37.20424],[126.692524,37.204202],[126.693411,37.204231],[126.694136,37.204527],[126.69438,37.204682],[126.694707,37.205048],[126.694774,37.205254],[126.694615,37.205461],[126.694286,37.205736],[126.694146,37.205931],[126.694225,37.20633],[126.69437,37.206565],[126.694241,37.207068],[126.69413,37.207168]]]]},"properties":{"dong_name":"서신면","ADM_CD":"31240370"}},
{"type":"Feature","geometry":{"type":"Polygon","coordinates":[[[126.900025,37.193861],[126.899237,37.193969],[126.898294,37.19384],[126.896714,37.194202],[126.895908,37.193999],[126.89548,37.193672],[126.895378,37.193344],[126.895399,37.192819],[126.89574,37.192411],[126.895756,37.191791],[126.895547,37.191709],[126.894903,37.191885],[126.894704,37.191904],[126.894499,37.19203],[126.894301,37.192406],[126.89416,37.192583],[126.894157,37.192951],[126.894045,37.193189],[126.893304,37.193791],[126.892858,37.194053],[126.892849,37.194107],[126.892182,37.194468],[126.890469,37.195579],[126.890265,37.196101],[126.889907,37.196555],[126.88968,37.197056],[126.889621,37.197029],[126.889037,37.197295],[126.888561,37.197387],[126.888489,37.197335],[126.888451,37.197005],[126.888041,37.197037],[126.887965,37.196937],[126.887218,37.196971],[126.887223,37.197126],[126.886339,37.197065],[126.885645,37.197052],[126.885621,37.196807],[126.88526,37.196785],[126.885484,37.197184],[126.885258,37.197211],[126.882143,37.19713],[126.881122,37.196317],[126.88088,37.196142],[126.878716,37.194414],[126.878708,37.194313],[126.878988,37.193176],[126.876644,37.193612],[126.87674,37.193483],[126.876775,37.193096],[126.876392,37.192883],[126.876284,37.192959],[126.87552,37.193219],[126.875092,37.193499],[126.874835,37.194161],[126.874516,37.194486],[126.87409,37.195197],[126.873471,37.195806],[126.873272,37.196565],[126.872616,37.196826],[126.871251,37.197193],[126.870573,37.197641],[126.869195,37.198032],[126.868373,37.198224],[126.867777,37.198442],[126.867599,37.198631],[126.867285,37.198823],[126.867064,37.199292],[126.867008,37.199657],[126.865758,37.20023],[126.865395,37.199878],[126.864099,37.1997],[126.863307,37.199882],[126.86264,37.200207],[126.862372,37.200031],[126.862368,37.199815],[126.862497,37.199547],[126.862193,37.199298],[126.862181,37.198879],[126.862357,37.197967],[126.862556,37.197053],[126.862859,37.196397],[126.862906,37.196208],[126.863073,37.196129],[126.863189,37.195948],[126.862885,37.195725],[126.861847,37.195347],[126.86142,37.195296],[126.861147,37.195197],[126.860629,37.195123],[126.8605,37.194766],[126.860632,37.19403],[126.860137,37.193627],[126.859726,37.193151],[126.859835,37.192774],[126.859753,37.192464],[126.859925,37.192003],[126.860595,37.191282],[126.86062,37.190441],[126.861051,37.189871],[126.860764,37.18955],[126.860295,37.189233],[126.860264,37.188828],[126.859961,37.188471],[126.858903,37.188327],[126.858658,37.188141],[126.858243,37.188135],[126.857827,37.187885],[126.857647,37.187501],[126.857431,37.187154],[126.85737,37.186299],[126.857555,37.185677],[126.857063,37.185627],[126.856794,37.185152],[126.85668,37.184816],[126.856985,37.18459],[126.857491,37.184335],[126.857707,37.184129],[126.857648,37.183656],[126.857711,37.183548],[126.858079,37.183417],[126.858067,37.182641],[126.858873,37.182138],[126.860036,37.181879],[126.861124,37.181533],[126.860913,37.180651],[126.860865,37.180304],[126.86058,37.180116],[126.860086,37.179409],[126.859743,37.178502],[126.859903,37.178099],[126.860652,37.17694],[126.8609,37.176771],[126.861281,37.176889],[126.861681,37.17678],[126.862999,37.17683],[126.863296,37.17687],[126.863603,37.176698],[126.86356,37.176454],[126.863889,37.176156],[126.864219,37.176064],[126.864604,37.175273],[126.865075,37.175068],[126.865108,37.174775],[126.864751,37.174449],[126.863357,37.172382],[126.862934,37.171976],[126.862474,37.171591],[126.862173,37.171024],[126.862298,37.170361],[126.862314,37.169279],[126.862733,37.169104],[126.862444,37.168621],[126.861275,37.167488],[126.859235,37.165399],[126.858662,37.164987],[126.857349,37.164435],[126.856034,37.163933],[126.854382,37.16325],[126.852918,37.162886],[126.851715,37.162653],[126.851147,37.162278],[126.850678,37.161836],[126.848961,37.160682],[126.848826,37.160443],[126.847612,37.159772],[126.846428,37.15934],[126.84507,37.1587],[126.844791,37.158339],[126.844754,37.158017],[126.844855,37.157357],[126.844682,37.15693],[126.843742,37.156054],[126.843301,37.155551],[126.841063,37.154305],[126.840325,37.153929],[126.83972,37.153218],[126.839442,37.153018],[126.838774,37.152766],[126.837523,37.152422],[126.835989,37.15195],[126.835622,37.151852],[126.834325,37.151684],[126.832996,37.151566],[126.832528,37.151487],[126.831863,37.151298],[126.831097,37.150917],[126.830549,37.15032],[126.831752,37.150326],[126.832334,37.150262],[126.833003,37.150099],[126.833418,37.150088],[126.834134,37.150297],[126.83496,37.150393],[126.835278,37.150351],[126.835765,37.150091],[126.8373,37.149591],[126.838463,37.149152],[126.839173,37.148915],[126.839507,37.148735],[126.839704,37.148556],[126.839682,37.147941],[126.839791,37.147627],[126.839709,37.147487],[126.840074,37.147303],[126.839894,37.146605],[126.839814,37.146155],[126.839838,37.146024],[126.840132,37.145755],[126.840517,37.145464],[126.841964,37.144507],[126.842536,37.143782],[126.842671,37.143723],[126.84421,37.143241],[126.845387,37.142892],[126.845864,37.142641],[126.846635,37.141613],[126.847171,37.141272],[126.847671,37.140754],[126.847493,37.140444],[126.847283,37.14022],[126.846791,37.139986],[126.846254,37.13986],[126.845597,37.139929],[126.845236,37.140085],[126.844375,37.139171],[126.8438,37.138444],[126.84251,37.137823],[126.841637,37.137508],[126.841447,37.137255],[126.841192,37.137134],[126.841178,37.136978],[126.841489,37.136482],[126.841428,37.136302],[126.841315,37.135615],[126.841017,37.134825],[126.840952,37.134549],[126.841115,37.134042],[126.84112,37.133543],[126.841291,37.133098],[126.841377,37.132691],[126.841644,37.132362],[126.842135,37.131863],[126.842293,37.131583],[126.842596,37.131325],[126.842943,37.131191],[126.843075,37.131067],[126.84311,37.130893],[126.843747,37.130772],[126.844059,37.130778],[126.844671,37.130591],[126.84477,37.130385],[126.845067,37.130171],[126.845411,37.129985],[126.845723,37.129741],[126.846804,37.129221],[126.84723,37.128895],[126.847599,37.128552],[126.848223,37.128407],[126.848793,37.127745],[126.848866,37.127491],[126.848812,37.127232],[126.848897,37.127049],[126.849141,37.126895],[126.849145,37.126672],[126.848932,37.126311],[126.849176,37.125664],[126.849343,37.125098],[126.848816,37.124558],[126.848388,37.124438],[126.848115,37.124161],[126.848185,37.12374],[126.848413,37.123432],[126.848538,37.12235],[126.849005,37.122203],[126.849612,37.121612],[126.849821,37.121635],[126.850292,37.121422],[126.850994,37.121177],[126.851599,37.12108],[126.851708,37.12087],[126.8516,37.120527],[126.851953,37.119846],[126.852132,37.1194],[126.852365,37.118961],[126.85287,37.118809],[126.853498,37.11792],[126.853318,37.117698],[126.853544,37.117144],[126.853767,37.116793],[126.854788,37.116588],[126.855105,37.116576],[126.855635,37.116234],[126.855999,37.115954],[126.85687,37.115909],[126.857161,37.115667],[126.857329,37.115748],[126.857431,37.115446],[126.857857,37.115095],[126.857914,37.11471],[126.858073,37.11435],[126.858729,37.113948],[126.858941,37.113656],[126.85907,37.113294],[126.859348,37.112986],[126.85934,37.1126],[126.859721,37.1125],[126.860691,37.112547],[126.861007,37.112458],[126.861915,37.112082],[126.862181,37.111521],[126.862624,37.110908],[126.862845,37.110805],[126.86264,37.110571],[126.862575,37.110285],[126.862635,37.110081],[126.862966,37.109728],[126.863337,37.109501],[126.863741,37.109005],[126.863779,37.108809],[126.863919,37.108579],[126.863791,37.108225],[126.863837,37.10792],[126.864138,37.107543],[126.864471,37.107305],[126.864848,37.106726],[126.864794,37.106529],[126.864849,37.106301],[126.865021,37.106214],[126.865203,37.105868],[126.865462,37.10552],[126.865418,37.105207],[126.865321,37.104991],[126.865508,37.104641],[126.865704,37.104442],[126.865866,37.104444],[126.866626,37.104122],[126.867151,37.104243],[126.867341,37.104051],[126.867621,37.103935],[126.868214,37.104011],[126.868531,37.104015],[126.869055,37.103967],[126.869145,37.103923],[126.869307,37.103383],[126.870097,37.103022],[126.870515,37.102707],[126.871467,37.102692],[126.871863,37.102618],[126.872615,37.102593],[126.872851,37.102307],[126.872917,37.102063],[126.873329,37.10146],[126.873785,37.101478],[126.874771,37.101264],[126.874974,37.10129],[126.875507,37.101547],[126.875866,37.101893],[126.875932,37.102039],[126.876439,37.102042],[126.876445,37.101286],[126.876397,37.101092],[126.876554,37.100784],[126.877312,37.099585],[126.877763,37.099394],[126.877629,37.097479],[126.87777,37.097355],[126.8778,37.097014],[126.877534,37.096609],[126.877351,37.096488],[126.878356,37.095274],[126.879637,37.093832],[126.879968,37.093537],[126.880349,37.094064],[126.881797,37.095093],[126.882657,37.095813],[126.882976,37.096163],[126.883221,37.096649],[126.883342,37.09741],[126.883673,37.098495],[126.88391,37.098827],[126.884484,37.099222],[126.885194,37.099391],[126.886024,37.099534],[126.886551,37.099765],[126.886906,37.100063],[126.887169,37.101392],[126.887505,37.102105],[126.888179,37.102939],[126.888526,37.103804],[126.888515,37.104351],[126.888422,37.104833],[126.888167,37.105151],[126.887762,37.105318],[126.887287,37.105183],[126.886795,37.104968],[126.886275,37.104927],[126.88547,37.105157],[126.884822,37.105845],[126.884576,37.106398],[126.884678,37.106739],[126.884959,37.107075],[126.885924,37.107884],[126.885652,37.108065],[126.886142,37.108526],[126.886419,37.108882],[126.886548,37.109123],[126.886974,37.110534],[126.887719,37.111458],[126.888051,37.111963],[126.888216,37.112399],[126.888154,37.11261],[126.887894,37.112904],[126.88819,37.113505],[126.888844,37.114999],[126.889669,37.115102],[126.890115,37.115278],[126.890547,37.116262],[126.890578,37.116449],[126.890334,37.116636],[126.890013,37.117076],[126.889913,37.117305],[126.889927,37.117938],[126.890093,37.11854],[126.890197,37.119153],[126.89041,37.119511],[126.890228,37.119759],[126.890269,37.119884],[126.889757,37.121655],[126.889641,37.122762],[126.888928,37.122867],[126.888432,37.12322],[126.887819,37.123276],[126.887572,37.12373],[126.887007,37.124476],[126.88737,37.124796],[126.887933,37.125119],[126.888451,37.125713],[126.888563,37.125898],[126.888656,37.126219],[126.888605,37.126644],[126.888637,37.126841],[126.888893,37.126949],[126.888888,37.127273],[126.888768,37.127483],[126.88793,37.127942],[126.888556,37.127883],[126.889341,37.128483],[126.889979,37.130299],[126.890569,37.131285],[126.890908,37.131989],[126.891143,37.133037],[126.891457,37.133596],[126.892304,37.135238],[126.892466,37.1355],[126.893525,37.134688],[126.893585,37.134667],[126.894329,37.134881],[126.894914,37.13524],[126.895139,37.13567],[126.89547,37.136063],[126.895383,37.136725],[126.89541,37.137009],[126.895898,37.137584],[126.895589,37.138579],[126.896121,37.138619],[126.896314,37.138684],[126.896654,37.138681],[126.897196,37.138547],[126.897554,37.138418],[126.898083,37.138371],[126.897401,37.140366],[126.896974,37.141327],[126.897331,37.141151],[126.897769,37.141067],[126.898086,37.140742],[126.89877,37.141356],[126.899088,37.141758],[126.899291,37.142086],[126.899825,37.14326],[126.89974,37.143418],[126.90126,37.145073],[126.901728,37.145544],[126.901967,37.146102],[126.902722,37.146141],[126.903623,37.146345],[126.904138,37.146549],[126.904014,37.146865],[126.903963,37.147391],[126.903416,37.147769],[126.903526,37.148608],[126.90443,37.149489],[126.905378,37.150188],[126.906172,37.149848],[126.906888,37.149297],[126.90739,37.149248],[126.907693,37.14886],[126.908859,37.14829],[126.909561,37.147921],[126.910446,37.147408],[126.911921,37.146493],[126.911708,37.146187],[126.911489,37.145785],[126.911325,37.145118],[126.911302,37.144759],[126.911071,37.14401],[126.910945,37.143473],[126.910968,37.142723],[126.910903,37.142353],[126.910907,37.141983],[126.910555,37.141677],[126.91036,37.140649],[126.910727,37.140697],[126.911291,37.140721],[126.911798,37.140674],[126.912628,37.140469],[126.912945,37.14048],[126.913571,37.140419],[126.914294,37.140106],[126.914611,37.140133],[126.915491,37.1403],[126.915541,37.140016],[126.916015,37.14028],[126.916024,37.140471],[126.916368,37.140685],[126.91649,37.140545],[126.916998,37.140784],[126.917108,37.140924],[126.916986,37.141143],[126.917162,37.141405],[126.91782,37.141738],[126.918219,37.141786],[126.91851,37.141901],[126.919187,37.142393],[126.919519,37.142568],[126.919754,37.142608],[126.920215,37.142794],[126.920478,37.142713],[126.92102,37.142734],[126.921297,37.142708],[126.921884,37.143311],[126.922891,37.143531],[126.923012,37.14342],[126.923175,37.143587],[126.924725,37.143894],[126.92535,37.144508],[126.926337,37.144954],[126.927101,37.145189],[126.927921,37.145587],[126.928437,37.145937],[126.929148,37.146175],[126.929045,37.146375],[126.929123,37.147328],[126.929468,37.147964],[126.929957,37.148369],[126.930244,37.148453],[126.930556,37.148478],[126.931134,37.148714],[126.931445,37.149208],[126.931976,37.149289],[126.932546,37.149496],[126.932783,37.149527],[126.933213,37.149446],[126.933282,37.149811],[126.933433,37.149868],[126.93403,37.150235],[126.934477,37.150677],[126.934777,37.151276],[126.935074,37.15306],[126.935402,37.154092],[126.93582,37.155482],[126.936817,37.156891],[126.937463,37.157338],[126.937289,37.158574],[126.93699,37.159475],[126.93694,37.159708],[126.936006,37.159891],[126.935643,37.160041],[126.935196,37.160169],[126.934978,37.16039],[126.934271,37.1607],[126.933817,37.160769],[126.933627,37.16067],[126.933199,37.160585],[126.932923,37.160688],[126.931912,37.160959],[126.931414,37.161064],[126.931244,37.161374],[126.930754,37.161729],[126.92987,37.161755],[126.929503,37.161419],[126.927382,37.161005],[126.926786,37.161028],[126.926186,37.160956],[126.925937,37.160655],[126.925013,37.160516],[126.925254,37.159894],[126.92428,37.159598],[126.924193,37.159399],[126.924218,37.159189],[126.923587,37.15837],[126.922866,37.157808],[126.922426,37.156655],[126.92231,37.156153],[126.922016,37.156023],[126.920967,37.155032],[126.920767,37.155036],[126.920548,37.154686],[126.919592,37.154379],[126.919202,37.154554],[126.918433,37.155005],[126.91718,37.155633],[126.917016,37.155806],[126.917462,37.156139],[126.916736,37.156693],[126.916301,37.156928],[126.914949,37.157348],[126.915548,37.158331],[126.91588,37.159153],[126.91553,37.159413],[126.915324,37.159721],[126.914619,37.16009],[126.91439,37.160462],[126.914524,37.160602],[126.914233,37.160671],[126.915039,37.161556],[126.914967,37.162528],[126.915079,37.162782],[126.914887,37.163398],[126.914948,37.163617],[126.915271,37.164024],[126.91523,37.164578],[126.915187,37.164675],[126.915308,37.165558],[126.915583,37.166142],[126.915723,37.166167],[126.915986,37.165983],[126.916518,37.165923],[126.917045,37.16622],[126.917357,37.166783],[126.918093,37.166845],[126.918687,37.167067],[126.9198,37.166988],[126.920139,37.167047],[126.920839,37.167087],[126.921464,37.167331],[126.921903,37.167415],[126.92206,37.167605],[126.922396,37.167804],[126.922866,37.16791],[126.923275,37.168304],[126.923257,37.168448],[126.92274,37.168407],[126.922301,37.1685],[126.921327,37.16886],[126.920694,37.16917],[126.919598,37.169325],[126.918953,37.169506],[126.9187,37.169625],[126.918651,37.16981],[126.919006,37.169962],[126.91941,37.170406],[126.919639,37.170759],[126.919727,37.171201],[126.919656,37.171636],[126.919481,37.173193],[126.919001,37.1733],[126.918953,37.173451],[126.918269,37.173965],[126.917883,37.174529],[126.917767,37.174993],[126.917314,37.175508],[126.917156,37.175973],[126.917541,37.176604],[126.918021,37.176913],[126.91918,37.177347],[126.919433,37.177651],[126.919075,37.178682],[126.91913,37.178845],[126.919442,37.178977],[126.920792,37.179061],[126.920991,37.179829],[126.920782,37.180381],[126.920502,37.180761],[126.920971,37.181776],[126.921021,37.182241],[126.920918,37.18256],[126.920903,37.183196],[126.920801,37.18375],[126.920606,37.184025],[126.920402,37.184439],[126.920256,37.185164],[126.92043,37.185421],[126.920385,37.186028],[126.920004,37.186202],[126.919517,37.186591],[126.919351,37.187044],[126.919234,37.187666],[126.919655,37.188029],[126.920002,37.188514],[126.919808,37.189094],[126.919955,37.189665],[126.919265,37.189876],[126.918564,37.19013],[126.917712,37.190867],[126.915476,37.191405],[126.915202,37.191458],[126.914694,37.191878],[126.913599,37.191654],[126.913087,37.19165],[126.912656,37.191788],[126.912346,37.191831],[126.911888,37.191455],[126.911691,37.191456],[126.910751,37.191662],[126.910659,37.191483],[126.910302,37.191435],[126.909583,37.191848],[126.909318,37.192184],[126.908824,37.192312],[126.908572,37.192193],[126.908352,37.191692],[126.908216,37.191638],[126.908013,37.191707],[126.907467,37.191763],[126.906705,37.191756],[126.906265,37.191167],[126.905888,37.191328],[126.905035,37.192022],[126.9047,37.192149],[126.904312,37.191991],[126.903533,37.192131],[126.903475,37.192292],[126.902948,37.192239],[126.902735,37.192136],[126.902461,37.191921],[126.902065,37.192095],[126.90171,37.192306],[126.901181,37.192342],[126.900961,37.192463],[126.900741,37.192751],[126.900518,37.192891],[126.900426,37.193237],[126.900025,37.193861]]]},"properties":{"dong_name":"팔탄면","ADM_CD":"31240380"}},
{"type":"Feature","geometry":{"type":"Polygon","coordinates":[[[126.830549,37.15032],[126.830183,37.150176],[126.829812,37.150085],[126.828867,37.150056],[126.828107,37.150117],[126.82747,37.150052],[126.825991,37.14986],[126.824652,37.149847],[126.82357,37.14992],[126.823135,37.150026],[126.823039,37.149764],[126.821407,37.150263],[126.820339,37.150462],[126.819011,37.150497],[126.818434,37.150442],[126.813859,37.149747],[126.811243,37.149307],[126.806014,37.148764],[126.803701,37.148293],[126.804679,37.145468],[126.805308,37.143823],[126.80562,37.142973],[126.805787,37.142732],[126.806111,37.14186],[126.806961,37.139088],[126.807094,37.138697],[126.807544,37.139081],[126.807856,37.139262],[126.808298,37.139247],[126.809056,37.13909],[126.809271,37.139106],[126.809339,37.139289],[126.810175,37.139754],[126.811784,37.13911],[126.811995,37.139053],[126.812198,37.139219],[126.812058,37.139529],[126.812296,37.139734],[126.812772,37.139327],[126.813707,37.138614],[126.814272,37.137874],[126.814973,37.137209],[126.815211,37.137032],[126.824354,37.129467],[126.828683,37.130022],[126.828747,37.129929],[126.829021,37.129829],[126.828585,37.127885],[126.828005,37.128045],[126.827748,37.128175],[126.827408,37.128185],[126.827094,37.128267],[126.826293,37.128179],[126.825784,37.128238],[126.826015,37.12772],[126.825847,37.127686],[126.826148,37.126779],[126.826261,37.126379],[126.826934,37.125576],[126.827653,37.124523],[126.828471,37.123729],[126.828087,37.122742],[126.828537,37.122669],[126.829009,37.122543],[126.829293,37.122325],[126.829439,37.12128],[126.829666,37.121148],[126.829813,37.120597],[126.830046,37.120048],[126.830067,37.11952],[126.829612,37.119056],[126.830252,37.118803],[126.830474,37.118255],[126.8303,37.118166],[126.830061,37.11815],[126.830048,37.118038],[126.829742,37.117861],[126.829676,37.117308],[126.828704,37.11731],[126.827791,37.117179],[126.827367,37.117077],[126.82697,37.117149],[126.826619,37.117263],[126.825237,37.11759],[126.824322,37.117649],[126.824134,37.117526],[126.822913,37.117085],[126.8224,37.116963],[126.820883,37.116383],[126.818655,37.116586],[126.818366,37.116653],[126.816793,37.116609],[126.816452,37.116568],[126.814655,37.116437],[126.814178,37.116338],[126.814286,37.115729],[126.814175,37.115465],[126.814375,37.114958],[126.814295,37.114699],[126.814406,37.114566],[126.814717,37.113753],[126.814491,37.112759],[126.814578,37.112516],[126.814561,37.11215],[126.814218,37.11134],[126.814311,37.110981],[126.814226,37.110291],[126.814658,37.109685],[126.814947,37.109735],[126.814989,37.109461],[126.814899,37.109224],[126.814732,37.109059],[126.814701,37.108623],[126.815287,37.108423],[126.815734,37.108415],[126.816254,37.108606],[126.816893,37.108953],[126.817154,37.108939],[126.817561,37.108746],[126.817891,37.108666],[126.818339,37.10848],[126.818395,37.108368],[126.818417,37.107948],[126.818646,37.107724],[126.81878,37.107349],[126.819541,37.106566],[126.819105,37.106336],[126.818626,37.106368],[126.818085,37.1065],[126.817954,37.106477],[126.817718,37.105521],[126.817686,37.104737],[126.817944,37.104427],[126.818584,37.104474],[126.818731,37.104455],[126.818821,37.104226],[126.819183,37.104048],[126.819812,37.103413],[126.820542,37.103192],[126.820891,37.103273],[126.822119,37.103802],[126.822524,37.102925],[126.82325,37.103157],[126.823652,37.103442],[126.824526,37.103811],[126.824775,37.10309],[126.825865,37.10272],[126.826251,37.10257],[126.826725,37.102465],[126.827243,37.102814],[126.828129,37.102802],[126.828422,37.102821],[126.828776,37.102569],[126.829607,37.102225],[126.829842,37.102195],[126.830007,37.101982],[126.830972,37.101692],[126.831158,37.101618],[126.831449,37.101051],[126.832432,37.100501],[126.832596,37.099849],[126.833251,37.099575],[126.83344,37.099528],[126.83362,37.099281],[126.833858,37.099071],[126.833434,37.098803],[126.832949,37.098636],[126.832293,37.098203],[126.831871,37.098063],[126.831037,37.097607],[126.830069,37.097578],[126.829771,37.097785],[126.829515,37.097624],[126.829286,37.097377],[126.828671,37.096786],[126.828212,37.096729],[126.827919,37.09657],[126.827819,37.096216],[126.828075,37.095783],[126.82813,37.095513],[126.828137,37.094716],[126.828406,37.094384],[126.828282,37.093918],[126.828373,37.093688],[126.828159,37.093476],[126.828087,37.093253],[126.828141,37.093123],[126.828156,37.09256],[126.828638,37.092204],[126.828914,37.091881],[126.829081,37.091471],[126.828967,37.091115],[126.828649,37.090803],[126.82833,37.090385],[126.828506,37.089986],[126.82837,37.089668],[126.828099,37.08933],[126.827884,37.088727],[126.827735,37.088448],[126.827629,37.088128],[126.82722,37.087728],[126.826501,37.087304],[126.826526,37.086852],[126.824817,37.086641],[126.824865,37.086232],[126.823695,37.086231],[126.823696,37.086133],[126.823213,37.086014],[126.823159,37.085563],[126.822934,37.085424],[126.823372,37.084808],[126.822405,37.084385],[126.822707,37.08364],[126.822575,37.083514],[126.82228,37.083377],[126.822034,37.083331],[126.82146,37.082852],[126.821137,37.082385],[126.821027,37.082283],[126.820487,37.082115],[126.82002,37.081826],[126.819515,37.081244],[126.819298,37.0811],[126.819163,37.080924],[126.818903,37.080714],[126.818532,37.080546],[126.81837,37.080387],[126.817817,37.080051],[126.817375,37.079923],[126.817121,37.079732],[126.81666,37.079821],[126.816329,37.079782],[126.816002,37.079535],[126.815197,37.079283],[126.814841,37.079833],[126.81472,37.080108],[126.814219,37.08092],[126.813205,37.080872],[126.812882,37.081115],[126.812268,37.081281],[126.810546,37.08119],[126.810233,37.081131],[126.809863,37.080825],[126.809666,37.080526],[126.809112,37.080017],[126.808537,37.079733],[126.808135,37.079688],[126.808159,37.078518],[126.808196,37.078034],[126.808027,37.077653],[126.807546,37.077456],[126.807308,37.077258],[126.806976,37.077135],[126.806776,37.07695],[126.806535,37.076349],[126.806779,37.07597],[126.8072,37.075571],[126.807326,37.075364],[126.807399,37.075095],[126.807354,37.074627],[126.807534,37.074207],[126.8079,37.073999],[126.808831,37.073811],[126.808803,37.07357],[126.809049,37.07347],[126.809491,37.073385],[126.809973,37.073439],[126.811446,37.074047],[126.811866,37.07399],[126.811937,37.07359],[126.812132,37.072999],[126.812433,37.072612],[126.812451,37.072291],[126.81256,37.071735],[126.812543,37.07158],[126.812401,37.071459],[126.811964,37.071341],[126.811715,37.07122],[126.811794,37.071115],[126.810822,37.070063],[126.809731,37.069355],[126.809463,37.069312],[126.809073,37.068966],[126.808764,37.068748],[126.808285,37.068495],[126.807716,37.068133],[126.806744,37.067896],[126.806513,37.067797],[126.806,37.067466],[126.805937,37.067337],[126.805548,37.06708],[126.805016,37.066843],[126.803898,37.066689],[126.803662,37.066575],[126.803325,37.066517],[126.802803,37.066546],[126.802388,37.066512],[126.80194,37.066271],[126.801521,37.065308],[126.800901,37.064673],[126.800276,37.063993],[126.800044,37.063999],[126.799348,37.063791],[126.798775,37.064002],[126.798278,37.063769],[126.798068,37.063349],[126.797371,37.062834],[126.796806,37.062626],[126.796323,37.062538],[126.796227,37.062118],[126.796344,37.061616],[126.796528,37.061199],[126.79655,37.060696],[126.796171,37.059925],[126.796046,37.05962],[126.796054,37.059487],[126.79639,37.059482],[126.796419,37.05919],[126.796042,37.059201],[126.795933,37.058923],[126.795885,37.057621],[126.796035,37.05713],[126.795918,37.056563],[126.796071,37.056235],[126.796183,37.056215],[126.797048,37.055852],[126.797635,37.055376],[126.798256,37.054528],[126.798945,37.05406],[126.799772,37.05364],[126.800463,37.05342],[126.800689,37.052993],[126.800948,37.052584],[126.801387,37.052358],[126.801702,37.052133],[126.801797,37.051811],[126.801277,37.051621],[126.800697,37.051175],[126.800823,37.050851],[126.801036,37.049991],[126.801423,37.050109],[126.801797,37.05012],[126.802389,37.049702],[126.803045,37.049205],[126.804113,37.048901],[126.804923,37.048559],[126.805167,37.048537],[126.8059,37.048843],[126.806638,37.04888],[126.80714,37.048468],[126.807935,37.048673],[126.808506,37.04862],[126.808963,37.048379],[126.809461,37.048075],[126.809917,37.047701],[126.810189,37.047662],[126.810448,37.047358],[126.81056,37.047121],[126.810656,37.046638],[126.810814,37.046212],[126.810729,37.045911],[126.810868,37.045308],[126.811321,37.044637],[126.811376,37.044415],[126.811271,37.043493],[126.811199,37.043111],[126.811272,37.042477],[126.811413,37.042208],[126.811106,37.041937],[126.810536,37.041624],[126.810046,37.041412],[126.810464,37.040813],[126.810513,37.040677],[126.810839,37.040393],[126.810737,37.039858],[126.81109,37.038694],[126.811311,37.038284],[126.811517,37.038122],[126.811346,37.037673],[126.811085,37.037713],[126.810915,37.037115],[126.810893,37.036768],[126.810937,37.036565],[126.811306,37.036502],[126.811028,37.036337],[126.811408,37.036273],[126.811852,37.036035],[126.812577,37.03549],[126.812657,37.03534],[126.813011,37.035091],[126.813068,37.03495],[126.813039,37.034682],[126.813072,37.034355],[126.812794,37.034394],[126.812679,37.034011],[126.812661,37.033764],[126.812666,37.030488],[126.812662,37.027988],[126.811423,37.026842],[126.811328,37.026895],[126.809841,37.025483],[126.809185,37.02455],[126.809319,37.024311],[126.809499,37.024137],[126.810559,37.023635],[126.811091,37.023154],[126.811451,37.022643],[126.811716,37.022079],[126.81261,37.020712],[126.812622,37.016444],[126.812621,37.013409],[126.813944,37.013384],[126.816697,37.013379],[126.823079,37.013389],[126.824158,37.013381],[126.829259,37.013389],[126.834023,37.013378],[126.835843,37.013597],[126.842112,37.014317],[126.844581,37.015429],[126.848881,37.01738],[126.851138,37.018393],[126.853639,37.020657],[126.854795,37.021695],[126.8566,37.023932],[126.858405,37.026304],[126.859111,37.027206],[126.863853,37.033762],[126.866084,37.037036],[126.868034,37.039921],[126.868315,37.040318],[126.870804,37.043979],[126.873955,37.048128],[126.876165,37.051049],[126.877444,37.052727],[126.878722,37.054818],[126.879855,37.056703],[126.880617,37.057947],[126.881772,37.059868],[126.883587,37.064167],[126.883707,37.066528],[126.88374,37.066988],[126.883584,37.06863],[126.883489,37.069805],[126.883016,37.073082],[126.88171,37.076359],[126.880657,37.079636],[126.879995,37.082912],[126.879534,37.083714],[126.879098,37.084629],[126.878665,37.086189],[126.878342,37.087394],[126.878258,37.088008],[126.87823,37.088437],[126.878369,37.089466],[126.879553,37.092742],[126.879968,37.093537],[126.879637,37.093832],[126.878356,37.095274],[126.877351,37.096488],[126.877534,37.096609],[126.8778,37.097014],[126.87777,37.097355],[126.877629,37.097479],[126.877763,37.099394],[126.877312,37.099585],[126.876554,37.100784],[126.876397,37.101092],[126.876445,37.101286],[126.876439,37.102042],[126.875932,37.102039],[126.875866,37.101893],[126.875507,37.101547],[126.874974,37.10129],[126.874771,37.101264],[126.873785,37.101478],[126.873329,37.10146],[126.872917,37.102063],[126.872851,37.102307],[126.872615,37.102593],[126.871863,37.102618],[126.871467,37.102692],[126.870515,37.102707],[126.870097,37.103022],[126.869307,37.103383],[126.869145,37.103923],[126.869055,37.103967],[126.868531,37.104015],[126.868214,37.104011],[126.867621,37.103935],[126.867341,37.104051],[126.867151,37.104243],[126.866626,37.104122],[126.865866,37.104444],[126.865704,37.104442],[126.865508,37.104641],[126.865321,37.104991],[126.865418,37.105207],[126.865462,37.10552],[126.865203,37.105868],[126.865021,37.106214],[126.864849,37.106301],[126.864794,37.106529],[126.864848,37.106726],[126.864471,37.107305],[126.864138,37.107543],[126.863837,37.10792],[126.863791,37.108225],[126.863919,37.108579],[126.863779,37.108809],[126.863741,37.109005],[126.863337,37.109501],[126.862966,37.109728],[126.862635,37.110081],[126.862575,37.110285],[126.86264,37.110571],[126.862845,37.110805],[126.862624,37.110908],[126.862181,37.111521],[126.861915,37.112082],[126.861007,37.112458],[126.860691,37.112547],[126.859721,37.1125],[126.85934,37.1126],[126.859348,37.112986],[126.85907,37.113294],[126.858941,37.113656],[126.858729,37.113948],[126.858073,37.11435],[126.857914,37.11471],[126.857857,37.115095],[126.857431,37.115446],[126.857329,37.115748],[126.857161,37.115667],[126.85687,37.115909],[126.855999,37.115954],[126.855635,37.116234],[126.855105,37.116576],[126.854788,37.116588],[126.853767,37.116793],[126.853544,37.117144],[126.853318,37.117698],[126.853498,37.11792],[126.85287,37.118809],[126.852365,37.118961],[126.852132,37.1194],[126.851953,37.119846],[126.8516,37.120527],[126.851708,37.12087],[126.851599,37.12108],[126.850994,37.121177],[126.850292,37.121422],[126.849821,37.121635],[126.849612,37.121612],[126.849005,37.122203],[126.848538,37.12235],[126.848413,37.123432],[126.848185,37.12374],[126.848115,37.124161],[126.848388,37.124438],[126.848816,37.124558],[126.849343,37.125098],[126.849176,37.125664],[126.848932,37.126311],[126.849145,37.126672],[126.849141,37.126895],[126.848897,37.127049],[126.848812,37.127232],[126.848866,37.127491],[126.848793,37.127745],[126.848223,37.128407],[126.847599,37.128552],[126.84723,37.128895],[126.846804,37.129221],[126.845723,37.129741],[126.845411,37.129985],[126.845067,37.130171],[126.84477,37.130385],[126.844671,37.130591],[126.844059,37.130778],[126.843747,37.130772],[126.84311,37.130893],[126.843075,37.131067],[126.842943,37.131191],[126.842596,37.131325],[126.842293,37.131583],[126.842135,37.131863],[126.841644,37.132362],[126.841377,37.132691],[126.841291,37.133098],[126.84112,37.133543],[126.841115,37.134042],[126.840952,37.134549],[126.841017,37.134825],[126.841315,37.135615],[126.841428,37.136302],[126.841489,37.136482],[126.841178,37.136978],[126.841192,37.137134],[126.841447,37.137255],[126.841637,37.137508],[126.84251,37.137823],[126.8438,37.138444],[126.844375,37.139171],[126.845236,37.140085],[126.845597,37.139929],[126.846254,37.13986],[126.846791,37.139986],[126.847283,37.14022],[126.847493,37.140444],[126.847671,37.140754],[126.847171,37.141272],[126.846635,37.141613],[126.845864,37.142641],[126.845387,37.142892],[126.84421,37.143241],[126.842671,37.143723],[126.842536,37.143782],[126.841964,37.144507],[126.840517,37.145464],[126.840132,37.145755],[126.839838,37.146024],[126.839814,37.146155],[126.839894,37.146605],[126.840074,37.147303],[126.839709,37.147487],[126.839791,37.147627],[126.839682,37.147941],[126.839704,37.148556],[126.839507,37.148735],[126.839173,37.148915],[126.838463,37.149152],[126.8373,37.149591],[126.835765,37.150091],[126.835278,37.150351],[126.83496,37.150393],[126.834134,37.150297],[126.833418,37.150088],[126.833003,37.150099],[126.832334,37.150262],[126.831752,37.150326],[126.830549,37.15032]]]},"properties":{"dong_name":"장안면","ADM_CD":"31240390"}},
{"type":"Feature","geometry":{"type":"Polygon","coordinates":[[[126.904556,37.073377],[126.905298,37.073477],[126.90522,37.07299],[126.905289,37.072116],[126.905368,37.0719],[126.904896,37.07153],[126.904874,37.071125],[126.905167,37.070413],[126.905303,37.069971],[126.905573,37.069449],[126.905821,37.069332],[126.906248,37.069215],[126.906484,37.069198],[126.906833,37.06945],[126.907586,37.06937],[126.907778,37.069117],[126.908239,37.069001],[126.908587,37.069055],[126.908655,37.068992],[126.90897,37.069019],[126.909397,37.069164],[126.90988,37.069119],[126.910319,37.068894],[126.910657,37.068867],[126.91114,37.068922],[126.911466,37.068913],[126.911511,37.068751],[126.912029,37.068553],[126.912265,37.068337],[126.91276,37.068049],[126.912884,37.067878],[126.912862,37.067184],[126.913031,37.066968],[126.913324,37.066743],[126.913763,37.066518],[126.914281,37.066041],[126.914584,37.065807],[126.914956,37.065654],[126.915113,37.065645],[126.915506,37.065871],[126.915844,37.06588],[126.916293,37.066079],[126.916507,37.066079],[126.91689,37.065818],[126.917126,37.065719],[126.917429,37.065764],[126.917564,37.065854],[126.917957,37.06626],[126.918104,37.066071],[126.91843,37.065846],[126.918419,37.065675],[126.918543,37.065504],[126.918903,37.065279],[126.919645,37.065189],[126.920016,37.065081],[126.920218,37.065234],[126.921151,37.065406],[126.921939,37.065317],[126.922096,37.065335],[126.922366,37.065569],[126.922444,37.065849],[126.922702,37.066056],[126.923489,37.066336],[126.923939,37.066598],[126.924995,37.066959],[126.926187,37.067311],[126.926895,37.067555],[126.92721,37.067852],[126.927434,37.067969],[126.927805,37.068042],[126.928491,37.068096],[126.928649,37.067862],[126.929144,37.067601],[126.929695,37.067367],[126.930122,37.067268],[126.930235,37.067187],[126.930393,37.066881],[126.930292,37.066511],[126.930382,37.066295],[126.930596,37.066205],[126.931058,37.065341],[126.930709,37.065131],[126.928724,37.064936],[126.928825,37.064239],[126.931026,37.064447],[126.931339,37.064494],[126.931407,37.064124],[126.931756,37.063548],[126.931712,37.063133],[126.931498,37.062709],[126.93151,37.06262],[126.932185,37.062305],[126.933781,37.062378],[126.934423,37.061684],[126.934659,37.061603],[126.935109,37.061666],[126.935536,37.061541],[126.935716,37.061541],[126.936053,37.061676],[126.936458,37.061676],[126.936649,37.061541],[126.938797,37.061335],[126.939393,37.060975],[126.940023,37.060705],[126.940349,37.060696],[126.940641,37.061057],[126.941012,37.061381],[126.941259,37.061183],[126.941765,37.061084],[126.942226,37.061256],[126.942428,37.061175],[126.942856,37.060905],[126.943946,37.06095],[126.945048,37.061149],[126.946453,37.061681],[126.94697,37.061736],[126.947915,37.061745],[126.948174,37.061637],[126.948533,37.061628],[126.948612,37.062088],[126.948454,37.062601],[126.948454,37.063007],[126.948038,37.063115],[126.947149,37.064105],[126.94725,37.064421],[126.947238,37.064808],[126.947586,37.065782],[126.948013,37.065926],[126.948384,37.066314],[126.948552,37.066323],[126.948361,37.066845],[126.948361,37.067449],[126.948417,37.067647],[126.948754,37.067936],[126.94908,37.068395],[126.949046,37.068773],[126.949462,37.068846],[126.949765,37.068837],[126.950057,37.068936],[126.950271,37.068891],[126.950653,37.068918],[126.951092,37.068828],[126.951339,37.068639],[126.951598,37.06854],[126.951992,37.068495],[126.952577,37.068288],[126.953105,37.068325],[126.953521,37.068226],[126.953892,37.06828],[126.954848,37.0682],[126.955275,37.068227],[126.95604,37.0682],[126.956209,37.068281],[126.95658,37.068353],[126.956973,37.068507],[126.9574,37.06857],[126.957738,37.068759],[126.958502,37.069066],[126.959098,37.069174],[126.959334,37.068949],[126.959672,37.068814],[126.959908,37.068877],[126.960346,37.068643],[126.960594,37.068337],[126.960931,37.068094],[126.961078,37.068058],[126.961482,37.068184],[126.961831,37.068193],[126.962359,37.06804],[126.962854,37.067797],[126.963923,37.067689],[126.964159,37.067779],[126.964653,37.067843],[126.964844,37.068203],[126.965069,37.068347],[126.965272,37.068627],[126.966328,37.069141],[126.966407,37.06924],[126.966901,37.070339],[126.967205,37.070816],[126.967294,37.071222],[126.968059,37.072024],[126.968272,37.072394],[126.968991,37.073088],[126.969138,37.073169],[126.970139,37.073043],[126.971241,37.072773],[126.971337,37.072616],[126.971559,37.072574],[126.97224,37.072311],[126.97322,37.072062],[126.973929,37.071692],[126.974187,37.07117],[126.97484,37.070873],[126.975604,37.070701],[126.976448,37.070783],[126.977246,37.071008],[126.977505,37.070918],[126.978134,37.071071],[126.978955,37.071081],[126.97963,37.070955],[126.980226,37.070892],[126.981058,37.071081],[126.981946,37.071406],[126.983048,37.071514],[126.983431,37.071478],[126.984735,37.071631],[126.984881,37.07155],[126.986351,37.071172],[126.986782,37.070983],[126.987108,37.070685],[126.986816,37.069956],[126.98713,37.069891],[126.987513,37.069524],[126.987682,37.069415],[126.98785,37.069451],[126.987952,37.06965],[126.988131,37.069794],[126.988491,37.069776],[126.98875,37.069884],[126.989155,37.069893],[126.989796,37.070046],[126.989762,37.070208],[126.99002,37.07056],[126.990301,37.070677],[126.99119,37.070686],[126.991662,37.070488],[126.992393,37.070082],[126.992775,37.06992],[126.99336,37.069812],[126.993776,37.069866],[126.994485,37.069857],[126.995553,37.070046],[126.995688,37.069965],[126.99586,37.069543],[126.996205,37.069686],[126.99688,37.070137],[126.997105,37.070452],[126.997273,37.070866],[126.997239,37.071479],[126.997015,37.071948],[126.996857,37.072164],[126.996205,37.07256],[126.995328,37.072813],[126.994619,37.072993],[126.994406,37.07302],[126.993765,37.073236],[126.992899,37.073705],[126.992539,37.074038],[126.992269,37.074362],[126.991706,37.075218],[126.991268,37.075795],[126.990592,37.076459],[126.990413,37.076822],[126.99041,37.077105],[126.990694,37.077453],[126.990953,37.077534],[126.991571,37.077552],[126.992797,37.077363],[126.993506,37.077318],[126.994866,37.077309],[126.995395,37.077327],[126.995912,37.077579],[126.996193,37.077904],[126.996272,37.078652],[126.996261,37.07885],[126.996137,37.079391],[126.995755,37.080121],[126.995507,37.08049],[126.995091,37.081031],[126.994607,37.081535],[126.993955,37.082175],[126.993198,37.082832],[126.992808,37.083337],[126.992335,37.083653],[126.991773,37.084337],[126.991312,37.085121],[126.990873,37.085905],[126.990513,37.086878],[126.99049,37.087491],[126.990783,37.087788],[126.99112,37.08787],[126.991694,37.087924],[126.99229,37.087906],[126.993403,37.08778],[126.994629,37.087581],[126.995664,37.087473],[126.996609,37.087167],[126.997002,37.086771],[126.997464,37.086095],[126.997587,37.085428],[126.997925,37.084833],[126.998408,37.084572],[126.998802,37.084491],[126.999072,37.084545],[126.999398,37.08468],[126.999668,37.084878],[126.999927,37.085211],[127.000163,37.085761],[127.00023,37.086122],[127.000107,37.086644],[126.999893,37.086932],[126.999488,37.087311],[126.998543,37.088095],[126.997598,37.08896],[126.996586,37.089266],[126.996012,37.089383],[126.995563,37.089545],[126.995416,37.089753],[126.99536,37.090095],[126.995405,37.090401],[126.995675,37.091113],[126.995844,37.09142],[126.99635,37.091834],[126.996743,37.092005],[126.997711,37.092555],[126.998172,37.092861],[126.998341,37.093114],[126.998408,37.093465],[126.998442,37.09415],[126.998374,37.094529],[126.998161,37.095169],[126.997654,37.095673],[126.997283,37.096088],[126.997002,37.096475],[126.996991,37.096826],[126.997036,37.097061],[126.997519,37.097349],[126.997958,37.097376],[126.998453,37.097457],[126.998739,37.097634],[126.998762,37.097855],[126.998535,37.098139],[126.998338,37.098277],[126.997542,37.098232],[126.997182,37.098304],[126.9969,37.098466],[126.99681,37.098682],[126.996923,37.098889],[126.99744,37.099196],[126.997958,37.099673],[126.998104,37.099899],[126.998037,37.100169],[126.997654,37.100223],[126.997204,37.100377],[126.996867,37.100737],[126.996687,37.101152],[126.996675,37.101313],[126.997148,37.101385],[126.997485,37.101485],[126.997643,37.101611],[126.997755,37.101836],[126.997778,37.102169],[126.99762,37.103224],[126.997519,37.103521],[126.997249,37.103647],[126.997069,37.103629],[126.996743,37.103404],[126.996687,37.102999],[126.996529,37.102855],[126.996248,37.1028],[126.996012,37.102846],[126.995359,37.103296],[126.995393,37.103494],[126.995584,37.103756],[126.995663,37.103981],[126.995415,37.104368],[126.995415,37.10462],[126.995494,37.104782],[126.995831,37.10489],[126.99627,37.104674],[126.996585,37.104692],[126.997485,37.104629],[126.997755,37.104692],[126.997958,37.104836],[126.998081,37.105329],[126.998059,37.105747],[126.998216,37.106233],[126.998161,37.106513],[126.997822,37.106909],[126.997417,37.1069],[126.997046,37.106954],[126.996439,37.107179],[126.996225,37.107296],[126.996022,37.107576],[126.996079,37.107982],[126.996181,37.108261],[126.995955,37.108549],[126.995617,37.108639],[126.995302,37.109035],[126.995505,37.109657],[126.995629,37.109901],[126.995977,37.110189],[126.996259,37.110234],[126.99654,37.110027],[126.996787,37.10991],[126.997102,37.109838],[126.998002,37.109928],[126.998587,37.109882],[126.999926,37.1099],[127.000286,37.110072],[127.000354,37.110486],[127.000207,37.111135],[127.000072,37.111423],[126.999487,37.111631],[126.999049,37.11145],[126.998824,37.11127],[126.99843,37.111045],[126.998002,37.110955],[126.997699,37.111],[126.997372,37.11118],[126.997091,37.111415],[126.996641,37.111685],[126.996326,37.111676],[126.99582,37.111532],[126.995415,37.11164],[126.995313,37.111838],[126.995268,37.112117],[126.995246,37.112748],[126.994503,37.11355],[126.994211,37.114541],[126.994312,37.114667],[126.994582,37.114667],[126.995223,37.11446],[126.996134,37.114243],[126.996472,37.114234],[126.997462,37.114135],[126.998013,37.114126],[126.998396,37.11428],[126.998677,37.114685],[126.998778,37.115027],[126.99888,37.115757],[126.998317,37.115793],[126.998283,37.115073],[126.998227,37.114911],[126.998058,37.114758],[126.997822,37.114704],[126.997428,37.114713],[126.996247,37.115019],[126.995864,37.11519],[126.995414,37.115595],[126.995178,37.115929],[126.995077,37.116244],[126.995358,37.116658],[126.995785,37.116766],[126.996145,37.116658],[126.996359,37.116532],[126.996674,37.116154],[126.997102,37.115947],[126.997496,37.115983],[126.997777,37.116262],[126.997935,37.116568],[126.997946,37.117163],[126.998216,37.11774],[126.998227,37.117974],[126.997991,37.11829],[126.997901,37.118524],[126.997913,37.118877],[126.998024,37.119128],[126.998362,37.119497],[126.998655,37.119704],[126.999318,37.119948],[126.999622,37.120191],[126.999802,37.120596],[126.999723,37.120975],[126.999352,37.121119],[126.998992,37.121489],[126.998868,37.121822],[126.999048,37.122236],[126.999206,37.123038],[126.998751,37.123151],[126.998003,37.12334],[126.997045,37.123416],[126.996694,37.123396],[126.996185,37.123305],[126.995634,37.123122],[126.995573,37.123018],[126.995085,37.122775],[126.99479,37.122684],[126.994575,37.122526],[126.993938,37.12222],[126.993488,37.121814],[126.993184,37.121447],[126.992877,37.120833],[126.992606,37.120405],[126.992435,37.120072],[126.992568,37.11976],[126.992362,37.119703],[126.991837,37.119445],[126.991208,37.119186],[126.990674,37.11905],[126.990316,37.119236],[126.989996,37.119507],[126.989677,37.11972],[126.989143,37.120016],[126.989194,37.120627],[126.988954,37.120975],[126.987823,37.121411],[126.986792,37.121514],[126.985877,37.121024],[126.985466,37.120545],[126.984748,37.119877],[126.984319,37.119619],[126.983325,37.119715],[126.982217,37.119666],[126.980623,37.119471],[126.980082,37.119643],[126.979492,37.119752],[126.978855,37.120024],[126.97844,37.120057],[126.978238,37.120148],[126.978102,37.120036],[126.977152,37.120032],[126.976681,37.119949],[126.976013,37.11976],[126.975976,37.119362],[126.975758,37.119117],[126.974979,37.118513],[126.97477,37.117541],[126.974358,37.117362],[126.973936,37.117244],[126.973857,37.117129],[126.97354,37.116911],[126.973317,37.116581],[126.973309,37.116343],[126.973707,37.116135],[126.973691,37.115996],[126.973778,37.115268],[126.973173,37.114018],[126.973062,37.113249],[126.973521,37.112975],[126.97361,37.112782],[126.973407,37.112223],[126.973206,37.111849],[126.972879,37.111432],[126.972384,37.111047],[126.972249,37.110661],[126.971821,37.109846],[126.971633,37.109724],[126.971402,37.109127],[126.969984,37.10929],[126.970026,37.108945],[126.969697,37.10883],[126.969489,37.108636],[126.969213,37.108235],[126.968948,37.10797],[126.968641,37.107793],[126.968407,37.107541],[126.968399,37.107387],[126.968059,37.107321],[126.967532,37.107303],[126.966537,37.107051],[126.966184,37.106783],[126.965637,37.106632],[126.965142,37.106293],[126.964771,37.105903],[126.964717,37.105756],[126.964812,37.105501],[126.96445,37.105483],[126.964229,37.105524],[126.963707,37.105954],[126.963516,37.106262],[126.963387,37.106649],[126.962991,37.107044],[126.961805,37.107484],[126.961359,37.107428],[126.960906,37.107699],[126.960435,37.107855],[126.960345,37.108166],[126.958781,37.108564],[126.958047,37.108728],[126.957416,37.108341],[126.956725,37.108271],[126.955502,37.108668],[126.955214,37.10853],[126.954402,37.107017],[126.954605,37.106747],[126.954474,37.106436],[126.954642,37.106108],[126.955345,37.10548],[126.954603,37.104768],[126.954863,37.103821],[126.95467,37.10283],[126.954327,37.102088],[126.953763,37.101798],[126.954184,37.10109],[126.953892,37.100496],[126.954005,37.100249],[126.953907,37.100095],[126.953843,37.099452],[126.953071,37.09938],[126.952116,37.09912],[126.951166,37.09867],[126.950126,37.098669],[126.949614,37.09859],[126.948989,37.098007],[126.948584,37.097943],[126.948456,37.097992],[126.948521,37.097094],[126.947948,37.097132],[126.948031,37.09802],[126.94742,37.098059],[126.94746,37.097903],[126.94732,37.097806],[126.946899,37.097653],[126.94669,37.097662],[126.946481,37.097569],[126.945912,37.096817],[126.945471,37.096616],[126.945282,37.096723],[126.945047,37.096957],[126.945027,37.097223],[126.945192,37.097586],[126.945356,37.098118],[126.945626,37.098503],[126.945708,37.09937],[126.945886,37.099342],[126.945975,37.09975],[126.945867,37.100427],[126.94568,37.100823],[126.944729,37.100505],[126.944283,37.101315],[126.94363,37.101078],[126.943411,37.10122],[126.943152,37.101584],[126.943133,37.102145],[126.943072,37.102283],[126.942653,37.102527],[126.94251,37.102548],[126.942493,37.102224],[126.942384,37.101967],[126.941998,37.101965],[126.94154,37.102163],[126.941044,37.10233],[126.940583,37.102572],[126.940237,37.102951],[126.940099,37.103364],[126.939022,37.103689],[126.93863,37.103706],[126.938134,37.103819],[126.937924,37.103957],[126.937703,37.104364],[126.937763,37.104829],[126.937531,37.105039],[126.937436,37.105414],[126.93722,37.105947],[126.936593,37.105664],[126.935986,37.105659],[126.935771,37.105495],[126.935626,37.105621],[126.935159,37.105774],[126.933446,37.105693],[126.932827,37.105771],[126.932863,37.105617],[126.932802,37.105148],[126.93219,37.104594],[126.932362,37.104309],[126.932469,37.104024],[126.931853,37.103392],[126.931884,37.102861],[126.931766,37.102567],[126.931398,37.102222],[126.930543,37.101653],[126.92993,37.10172],[126.929338,37.101676],[126.928619,37.10037],[126.928674,37.100153],[126.928423,37.100006],[126.927931,37.099961],[126.927539,37.099687],[126.927063,37.099642],[126.925995,37.099318],[126.925695,37.099355],[126.925702,37.098627],[126.925752,37.09839],[126.925777,37.097814],[126.925973,37.097632],[126.925881,37.096807],[126.926065,37.096406],[126.925994,37.095848],[126.926096,37.095682],[126.92615,37.094976],[126.926608,37.094091],[126.92687,37.093659],[126.926893,37.093141],[126.926871,37.092566],[126.926697,37.092175],[126.926718,37.091731],[126.926687,37.091338],[126.926656,37.090315],[126.927178,37.088754],[126.927188,37.088468],[126.927332,37.087577],[126.927643,37.087177],[126.927703,37.08702],[126.927317,37.08612],[126.927268,37.085774],[126.927337,37.085513],[126.92721,37.084998],[126.926993,37.084845],[126.926939,37.084582],[126.926742,37.084012],[126.926644,37.083145],[126.926516,37.082619],[126.926812,37.082074],[126.926963,37.081912],[126.925945,37.081298],[126.924936,37.08116],[126.923825,37.080875],[126.923473,37.080903],[126.922583,37.081144],[126.921353,37.081156],[126.920913,37.080155],[126.920112,37.080013],[126.919576,37.079958],[126.918712,37.079753],[126.918346,37.079747],[126.916618,37.080279],[126.91605,37.080077],[126.915595,37.079764],[126.913746,37.07935],[126.913433,37.079341],[126.913188,37.079202],[126.91288,37.079149],[126.912381,37.07889],[126.912198,37.078655],[126.91178,37.078616],[126.911597,37.078319],[126.91138,37.078156],[126.911325,37.078009],[126.911059,37.077749],[126.910441,37.077389],[126.91017,37.076813],[126.910043,37.076611],[126.909696,37.076338],[126.909266,37.07616],[126.908757,37.075734],[126.908206,37.075474],[126.907544,37.075327],[126.907186,37.075219],[126.906644,37.074886],[126.90635,37.074648],[126.905897,37.074209],[126.905897,37.074165],[126.904928,37.073667],[126.904556,37.073377]]]},"properties":{"dong_name":"양감면","ADM_CD":"31240420"}},
{"type":"Feature","geometry":{"type":"Polygon","coordinates":[[[126.984471,37.195728],[126.983545,37.196063],[126.982748,37.196188],[126.982451,37.196288],[126.982036,37.196987],[126.981679,37.197221],[126.981675,37.197361],[126.981383,37.197394],[126.98095,37.197582],[126.981081,37.19777],[126.981062,37.197994],[126.980753,37.197933],[126.980429,37.197977],[126.980103,37.197958],[126.979683,37.198003],[126.979188,37.197975],[126.978757,37.198167],[126.978591,37.198111],[126.978054,37.198101],[126.977193,37.197912],[126.976911,37.197917],[126.976117,37.197794],[126.975841,37.197619],[126.975541,37.197359],[126.975296,37.197239],[126.975151,37.196936],[126.975018,37.196821],[126.974322,37.196565],[126.974064,37.196095],[126.973734,37.195897],[126.973381,37.195822],[126.973369,37.19566],[126.973129,37.195335],[126.972751,37.195223],[126.97255,37.195254],[126.972052,37.195444],[126.971437,37.195406],[126.971236,37.195554],[126.971195,37.195864],[126.971084,37.196081],[126.970556,37.196751],[126.969853,37.197266],[126.969542,37.197676],[126.969108,37.198189],[126.968865,37.198296],[126.968688,37.198267],[126.967771,37.198275],[126.967545,37.198224],[126.967254,37.198074],[126.966933,37.198043],[126.966363,37.197892],[126.965665,37.197856],[126.964769,37.197618],[126.963912,37.197281],[126.963117,37.197314],[126.962648,37.197285],[126.962118,37.197353],[126.961877,37.197161],[126.961592,37.197165],[126.960683,37.197016],[126.959754,37.196993],[126.959193,37.197064],[126.958787,37.197148],[126.958614,37.197382],[126.958442,37.197472],[126.958175,37.197475],[126.957958,37.197393],[126.957508,37.197324],[126.956856,37.197434],[126.956419,37.197394],[126.955429,37.197171],[126.955154,37.197038],[126.953799,37.196757],[126.953684,37.196524],[126.953384,37.196125],[126.952446,37.195043],[126.952064,37.195103],[126.951887,37.194924],[126.951307,37.194484],[126.951395,37.194452],[126.951084,37.193992],[126.950628,37.193545],[126.950317,37.193465],[126.950898,37.192301],[126.950783,37.19173],[126.951428,37.190808],[126.951817,37.190492],[126.951887,37.189688],[126.952602,37.189174],[126.95112,37.186896],[126.9502,37.185347],[126.950049,37.185035],[126.949738,37.18452],[126.94962,37.18425],[126.949373,37.183522],[126.94951,37.183161],[126.949462,37.183012],[126.949262,37.182835],[126.949378,37.182207],[126.94977,37.181803],[126.949877,37.181329],[126.950263,37.180464],[126.950544,37.180321],[126.950371,37.179936],[126.950859,37.179316],[126.950797,37.178897],[126.950851,37.178735],[126.951757,37.178115],[126.9518,37.177448],[126.951871,37.177244],[126.952027,37.177127],[126.951542,37.176852],[126.950403,37.176525],[126.949446,37.17603],[126.949211,37.175739],[126.94909,37.175314],[126.948967,37.174196],[126.948121,37.173755],[126.948133,37.173864],[126.947494,37.17378],[126.947018,37.173686],[126.946434,37.173471],[126.946042,37.173442],[126.945161,37.173048],[126.944246,37.172414],[126.943699,37.171846],[126.943893,37.171654],[126.944065,37.171317],[126.944472,37.171238],[126.944719,37.171048],[126.944921,37.170353],[126.944912,37.170125],[126.944753,37.169306],[126.944698,37.169144],[126.944873,37.168679],[126.944825,37.168416],[126.94487,37.168177],[126.945096,37.167688],[126.945731,37.167296],[126.9456,37.167018],[126.94534,37.16673],[126.945417,37.166393],[126.945375,37.165798],[126.94556,37.165492],[126.945538,37.165117],[126.945654,37.164851],[126.945379,37.164281],[126.945059,37.163481],[126.945401,37.162647],[126.945293,37.162525],[126.945094,37.162011],[126.944706,37.161648],[126.944673,37.16061],[126.944753,37.160326],[126.944957,37.159963],[126.945066,37.159592],[126.944778,37.159286],[126.944743,37.158785],[126.94383,37.158254],[126.944243,37.157666],[126.943762,37.157159],[126.943843,37.15658],[126.943795,37.156182],[126.94389,37.155916],[126.943739,37.155361],[126.943823,37.154921],[126.943908,37.153708],[126.944486,37.152806],[126.944707,37.15218],[126.945252,37.151456],[126.946357,37.150463],[126.946805,37.150205],[126.947617,37.150015],[126.948204,37.150075],[126.948709,37.149646],[126.948987,37.149475],[126.949742,37.149249],[126.950174,37.14882],[126.950577,37.148788],[126.950817,37.148854],[126.951181,37.148641],[126.952361,37.148435],[126.952435,37.148169],[126.95241,37.147438],[126.952686,37.146758],[126.952575,37.146503],[126.952808,37.145652],[126.953014,37.145421],[126.953624,37.145189],[126.954047,37.145143],[126.954516,37.145237],[126.954916,37.145052],[126.955033,37.143885],[126.955404,37.143494],[126.956767,37.143045],[126.957366,37.142878],[126.957807,37.142709],[126.958369,37.142578],[126.958674,37.143041],[126.959424,37.143525],[126.959589,37.143826],[126.959669,37.143854],[126.95995,37.144688],[126.960689,37.144342],[126.960785,37.144059],[126.96162,37.143995],[126.962091,37.143935],[126.962737,37.143697],[126.963289,37.143611],[126.964125,37.143754],[126.964625,37.14356],[126.965411,37.143556],[126.965648,37.143646],[126.966139,37.143569],[126.967124,37.14374],[126.967558,37.14436],[126.967748,37.144302],[126.968032,37.144317],[126.969184,37.14463],[126.969506,37.144451],[126.96974,37.14403],[126.970161,37.143668],[126.970841,37.14366],[126.971247,37.143691],[126.972175,37.143804],[126.972657,37.143679],[126.973082,37.143523],[126.973674,37.143466],[126.974093,37.143377],[126.974636,37.142762],[126.9749,37.142644],[126.97516,37.14273],[126.975613,37.142789],[126.976016,37.143013],[126.976906,37.14298],[126.977218,37.142928],[126.977994,37.142986],[126.978576,37.143418],[126.97921,37.14312],[126.979549,37.142561],[126.979724,37.142184],[126.98083,37.141807],[126.981901,37.141749],[126.982255,37.141591],[126.982187,37.141478],[126.982144,37.140876],[126.982271,37.140278],[126.982124,37.139987],[126.982366,37.139508],[126.982405,37.138959],[126.982531,37.138725],[126.982544,37.137856],[126.982426,37.137378],[126.982227,37.136752],[126.982169,37.136355],[126.982003,37.135647],[126.982163,37.135446],[126.982261,37.134813],[126.98271,37.134562],[126.983036,37.134071],[126.983453,37.133598],[126.983806,37.133638],[126.984372,37.133251],[126.984512,37.132744],[126.985597,37.132513],[126.985591,37.132397],[126.985927,37.131521],[126.986425,37.131092],[126.98677,37.130494],[126.987038,37.130149],[126.987507,37.129807],[126.987977,37.129674],[126.988559,37.129559],[126.98906,37.129695],[126.989639,37.129631],[126.989856,37.129511],[126.990257,37.12916],[126.990724,37.129183],[126.991453,37.129085],[126.992858,37.129701],[126.992854,37.129784],[126.993193,37.129861],[126.993918,37.129663],[126.994515,37.12962],[126.995186,37.129487],[126.995461,37.12946],[126.995661,37.129525],[126.996133,37.129328],[126.996741,37.128693],[126.996987,37.128528],[126.997334,37.128051],[126.997385,37.127888],[126.997296,37.127639],[126.997229,37.127157],[126.997117,37.126826],[126.996828,37.126248],[126.996888,37.125909],[126.996822,37.125746],[126.996855,37.125548],[126.996843,37.125009],[126.996769,37.124717],[126.996857,37.124579],[126.997237,37.124228],[126.997501,37.124187],[126.997605,37.124313],[126.997439,37.124561],[126.997428,37.124957],[126.99754,37.125327],[126.99772,37.125525],[126.99799,37.125615],[126.998193,37.125588],[126.998576,37.125417],[126.999251,37.124894],[126.99951,37.124912],[127.00014,37.125173],[127.000185,37.125417],[126.999982,37.125732],[126.999645,37.125868],[126.999239,37.126183],[126.999104,37.12648],[126.999104,37.126759],[126.999206,37.12693],[126.999554,37.12712],[126.999937,37.127093],[127.000522,37.126777],[127.000837,37.126516],[127.001062,37.126426],[127.001344,37.126435],[127.001524,37.126516],[127.001625,37.126741],[127.001625,37.126949],[127.001197,37.127057],[127.000995,37.127183],[127.00086,37.127552],[127.001119,37.127868],[127.001422,37.128012],[127.002131,37.127994],[127.0023,37.127913],[127.002705,37.127895],[127.002885,37.127931],[127.003606,37.127958],[127.003999,37.127895],[127.004517,37.127949],[127.004922,37.128129],[127.005125,37.128111],[127.005429,37.128318],[127.005564,37.128228],[127.005553,37.128057],[127.00571,37.128021],[127.006036,37.128165],[127.006374,37.128147],[127.00661,37.128264],[127.006914,37.12821],[127.007376,37.128192],[127.007949,37.128057],[127.008231,37.127886],[127.008535,37.128282],[127.00903,37.12858],[127.009851,37.128679],[127.010425,37.128787],[127.010977,37.128832],[127.011573,37.128994],[127.011922,37.12912],[127.012282,37.129084],[127.01253,37.12912],[127.013272,37.129021],[127.013464,37.129102],[127.016187,37.129687],[127.017571,37.130029],[127.018213,37.130291],[127.018326,37.130453],[127.019192,37.131047],[127.019507,37.1312],[127.020059,37.131362],[127.021218,37.132056],[127.021871,37.132191],[127.022287,37.132173],[127.022805,37.13229],[127.023041,37.132389],[127.024133,37.133101],[127.024471,37.133164],[127.024865,37.133073],[127.025146,37.132857],[127.025405,37.132857],[127.026046,37.133019],[127.026463,37.133217],[127.027521,37.133613],[127.027757,37.133559],[127.02832,37.133595],[127.028669,37.133541],[127.02967,37.133676],[127.029986,37.133856],[127.030278,37.13428],[127.030301,37.134424],[127.0302,37.134613],[127.030605,37.134965],[127.031595,37.134955],[127.032912,37.135334],[127.033306,37.135388],[127.033666,37.135496],[127.034105,37.135685],[127.035006,37.135711],[127.035208,37.135747],[127.035377,37.135892],[127.035625,37.136405],[127.035631,37.136527],[127.035186,37.136905],[127.034793,37.137135],[127.03423,37.137343],[127.033994,37.137397],[127.033763,37.137681],[127.033572,37.138271],[127.033735,37.138834],[127.033702,37.139153],[127.033443,37.139401],[127.032757,37.13994],[127.032644,37.140239],[127.032155,37.140726],[127.032076,37.141168],[127.031633,37.142185],[127.031745,37.142488],[127.031756,37.142984],[127.031177,37.143971],[127.030884,37.144311],[127.031048,37.144898],[127.031116,37.145462],[127.031009,37.145732],[127.031285,37.146741],[127.030801,37.147471],[127.030555,37.147557],[127.030154,37.147611],[127.02971,37.148003],[127.03007,37.148557],[127.030138,37.14899],[127.029761,37.149886],[127.029204,37.150851],[127.028747,37.151311],[127.028484,37.151455],[127.028119,37.152147],[127.027798,37.15286],[127.027876,37.153058],[127.027871,37.153333],[127.027719,37.153689],[127.027843,37.153964],[127.027804,37.154189],[127.028834,37.154973],[127.028964,37.155464],[127.029662,37.155536],[127.030248,37.15591],[127.030602,37.156283],[127.030529,37.156765],[127.030022,37.157302],[127.030062,37.157842],[127.030029,37.158522],[127.029916,37.158842],[127.029759,37.159135],[127.029494,37.159329],[127.029061,37.159482],[127.028329,37.159996],[127.027986,37.160321],[127.02726,37.160708],[127.027378,37.161668],[127.027362,37.162037],[127.0273,37.162303],[127.027008,37.162788],[127.026501,37.163529],[127.026163,37.163804],[127.02528,37.164817],[127.0247,37.165277],[127.023782,37.165255],[127.023647,37.165381],[127.022904,37.16534],[127.02228,37.165818],[127.021886,37.165967],[127.021441,37.16621],[127.021356,37.166431],[127.020771,37.166544],[127.020597,37.166724],[127.0204,37.166823],[127.020051,37.16722],[127.019842,37.167229],[127.019611,37.167098],[127.019409,37.167107],[127.019133,37.167013],[127.01857,37.167274],[127.018148,37.167382],[127.017596,37.16758],[127.017371,37.16777],[127.016769,37.167864],[127.016579,37.167957],[127.015986,37.16777],[127.015541,37.167509],[127.015069,37.167702],[127.014664,37.167626],[127.014145,37.167815],[127.013915,37.167797],[127.013245,37.167536],[127.012975,37.167592],[127.012192,37.167685],[127.011646,37.168014],[127.011173,37.168014],[127.010661,37.167942],[127.009597,37.168144],[127.009135,37.168433],[127.008769,37.168419],[127.00824,37.168523],[127.007564,37.168514],[127.00712,37.168311],[127.006894,37.168428],[127.006247,37.168284],[127.005662,37.169082],[127.005251,37.169379],[127.004913,37.169568],[127.004513,37.169735],[127.004142,37.170091],[127.003323,37.170499],[127.003128,37.170808],[127.002723,37.171348],[127.001946,37.171704],[127.001704,37.1721],[127.001636,37.17265],[127.001434,37.172785],[127.00118,37.172844],[127.000657,37.173118],[127.000381,37.173191],[126.999846,37.173497],[126.999458,37.173763],[126.998416,37.17379],[126.997267,37.174285],[126.996778,37.174673],[126.996322,37.174889],[126.995792,37.174916],[126.995274,37.174817],[126.995145,37.174947],[126.994982,37.175263],[126.994914,37.17565],[126.99497,37.176547],[126.995128,37.17715],[126.995426,37.177475],[126.996321,37.178272],[126.99667,37.178808],[126.99671,37.17893],[126.997104,37.17934],[126.997504,37.179592],[126.997785,37.179696],[126.998123,37.17975],[126.998528,37.179975],[126.999001,37.180349],[126.999232,37.180647],[126.999474,37.180701],[126.999829,37.180579],[127.000105,37.180241],[127.000392,37.179962],[127.000414,37.179656],[127.000099,37.179223],[126.999249,37.178728],[126.998934,37.178476],[126.998776,37.178214],[126.998799,37.177957],[126.998951,37.177764],[126.999356,37.177588],[127.000015,37.177385],[127.000381,37.177385],[127.000724,37.177435],[127.000933,37.177593],[127.001575,37.177831],[127.002019,37.178052],[127.002513,37.178337],[127.002898,37.178962],[127.003241,37.179332],[127.003686,37.179579],[127.004542,37.180269],[127.004756,37.180507],[127.00506,37.181102],[127.005071,37.181291],[127.004925,37.181508],[127.004683,37.181571],[127.003703,37.181679],[127.00274,37.181805],[127.002335,37.182093],[127.002318,37.182372],[127.002543,37.182719],[127.003247,37.183134],[127.003742,37.183652],[127.003933,37.184034],[127.004784,37.184377],[127.004919,37.184467],[127.005302,37.185017],[127.005409,37.185296],[127.005527,37.18595],[127.005961,37.186391],[127.005949,37.186491],[127.005915,37.187025],[127.006028,37.187446],[127.005647,37.187784],[127.005306,37.1878],[127.005226,37.187864],[127.004939,37.188324],[127.004572,37.188417],[127.004058,37.188733],[127.003572,37.188692],[127.002977,37.189312],[127.002749,37.189393],[127.002024,37.189794],[127.001707,37.190286],[127.000692,37.190015],[127.0001,37.189671],[126.999263,37.189603],[126.998784,37.19049],[126.998294,37.190524],[126.998287,37.190772],[126.99785,37.191187],[126.997607,37.191894],[126.997033,37.192214],[126.996823,37.192825],[126.995721,37.193198],[126.995194,37.19357],[126.994716,37.19421],[126.994632,37.194227],[126.993155,37.194124],[126.992595,37.194186],[126.991742,37.194392],[126.991274,37.194445],[126.990187,37.194403],[126.990034,37.194484],[126.989657,37.194811],[126.988922,37.194667],[126.988345,37.194473],[126.987792,37.194505],[126.986879,37.194818],[126.98621,37.194622],[126.985601,37.194493],[126.984931,37.194152],[126.98496,37.194872],[126.984471,37.195728]]]},"properties":{"dong_name":"정남면","ADM_CD":"31240430"}},
{"type":"Feature","geometry":{"type":"MultiPolygon","coordinates":[[[[127.050616,37.196486],[127.049908,37.196897],[127.050109,37.196956],[127.050533,37.197191],[127.050035,37.197898],[127.050288,37.197952],[127.050117,37.198188],[127.050562,37.198418],[127.051083,37.198505],[127.051367,37.198652],[127.051163,37.199386],[127.051064,37.199547],[127.051235,37.199656],[127.051528,37.200005],[127.051568,37.200253],[127.051941,37.200298],[127.052245,37.200495],[127.052659,37.20088],[127.052967,37.20142],[127.053382,37.201576],[127.053336,37.201944],[127.052997,37.202283],[127.053139,37.202561],[127.053069,37.202805],[127.052678,37.203184],[127.051742,37.20373],[127.049079,37.205236],[127.049082,37.205175],[127.048657,37.204805],[127.048146,37.204546],[127.047737,37.204283],[127.0473,37.204135],[127.047278,37.20371],[127.046849,37.203617],[127.046276,37.203259],[127.045918,37.202912],[127.04477,37.202629],[127.044495,37.202631],[127.044334,37.202471],[127.044207,37.202382],[127.043912,37.201903],[127.043455,37.201659],[127.04327,37.201629],[127.042756,37.200972],[127.042707,37.200874],[127.043419,37.200563],[127.043552,37.200918],[127.043843,37.200853],[127.043553,37.200182],[127.044254,37.199921],[127.044353,37.199668],[127.044163,37.199535],[127.044027,37.199281],[127.043855,37.198208],[127.043605,37.197799],[127.043412,37.197799],[127.043034,37.197894],[127.042517,37.197644],[127.043175,37.197462],[127.043768,37.197209],[127.044263,37.197146],[127.044708,37.196876],[127.044956,37.196655],[127.045462,37.19642],[127.04598,37.196281],[127.04621,37.196108],[127.046583,37.196046],[127.046938,37.196086],[127.047087,37.196164],[127.047659,37.196127],[127.047997,37.196185],[127.048391,37.196045],[127.048807,37.196081],[127.048931,37.195987],[127.049562,37.195973],[127.050058,37.196],[127.050227,37.196224],[127.050616,37.196486]]],[[[127.046698,37.232872],[127.046639,37.232919],[127.046078,37.232846],[127.046076,37.235681],[127.045689,37.235428],[127.045603,37.235991],[127.044351,37.23604],[127.043793,37.236805],[127.04384,37.237295],[127.043698,37.237487],[127.043847,37.237558],[127.043587,37.237949],[127.043861,37.238085],[127.043942,37.23854],[127.043624,37.238735],[127.042913,37.238929],[127.042551,37.239],[127.041235,37.239095],[127.040449,37.239065],[127.039225,37.238925],[127.038132,37.238741],[127.037435,37.238539],[127.037366,37.238334],[127.037199,37.238283],[127.037245,37.237695],[127.037326,37.237482],[127.037321,37.237257],[127.037538,37.237071],[127.03742,37.236871],[127.036625,37.236721],[127.036588,37.236631],[127.03619,37.236565],[127.035856,37.236674],[127.03558,37.23684],[127.035276,37.236845],[127.034836,37.236764],[127.034627,37.23657],[127.034847,37.236142],[127.034717,37.235958],[127.034576,37.235913],[127.034075,37.235944],[127.033263,37.23535],[127.032728,37.235012],[127.032407,37.234643],[127.032333,37.234224],[127.032164,37.234102],[127.031629,37.233881],[127.031617,37.233733],[127.031352,37.233566],[127.030637,37.23358],[127.030445,37.233494],[127.030124,37.233017],[127.030124,37.23271],[127.030191,37.232377],[127.02991,37.232071],[127.029915,37.231728],[127.029991,37.23122],[127.029706,37.231173],[127.029335,37.231226],[127.028951,37.231188],[127.02858,37.231063],[127.028493,37.231261],[127.028292,37.231216],[127.028,37.231052],[127.027407,37.230837],[127.026957,37.230621],[127.026326,37.230639],[127.02609,37.230874],[127.025741,37.230949],[127.025211,37.231012],[127.024905,37.230985],[127.024263,37.230859],[127.023802,37.230823],[127.023408,37.230932],[127.0232,37.230894],[127.023582,37.230234],[127.023447,37.229765],[127.023798,37.229537],[127.024015,37.229608],[127.024215,37.229537],[127.02427,37.229353],[127.02401,37.229208],[127.02392,37.228837],[127.024078,37.228476],[127.023819,37.228046],[127.023717,37.227737],[127.023889,37.227572],[127.024135,37.227519],[127.024034,37.227318],[127.023676,37.227225],[127.023406,37.226954],[127.023192,37.226315],[127.023102,37.226215],[127.023277,37.225887],[127.023397,37.225696],[127.023515,37.225357],[127.026109,37.220395],[127.02624,37.2201],[127.02603,37.220017],[127.025857,37.219444],[127.025636,37.218559],[127.025342,37.218063],[127.024073,37.217098],[127.023299,37.21657],[127.023691,37.216149],[127.02558,37.214433],[127.026717,37.21344],[127.027095,37.213087],[127.026977,37.212985],[127.028411,37.211679],[127.02881,37.211133],[127.028254,37.210942],[127.026019,37.210132],[127.021401,37.208477],[127.021661,37.208021],[127.022032,37.207827],[127.022572,37.207468],[127.022956,37.20713],[127.023585,37.206629],[127.024288,37.205792],[127.02459,37.205316],[127.024554,37.204865],[127.024343,37.204343],[127.02638,37.20507],[127.026377,37.205195],[127.026721,37.20567],[127.027346,37.206647],[127.027486,37.206713],[127.028063,37.205674],[127.029625,37.206232],[127.029399,37.206632],[127.03044,37.207011],[127.030674,37.206606],[127.031623,37.206944],[127.03276,37.20521],[127.033483,37.205493],[127.034211,37.20444],[127.034422,37.204529],[127.034263,37.205345],[127.034168,37.206097],[127.034047,37.206729],[127.033808,37.207193],[127.034007,37.207361],[127.034892,37.207828],[127.035183,37.208038],[127.035845,37.208166],[127.035843,37.208391],[127.036201,37.208667],[127.036491,37.208771],[127.036473,37.208943],[127.036896,37.209295],[127.03694,37.209422],[127.037353,37.209544],[127.03793,37.20988],[127.038417,37.210533],[127.038661,37.210724],[127.038904,37.210832],[127.038951,37.210928],[127.039363,37.211085],[127.040308,37.211191],[127.041164,37.211441],[127.041566,37.211534],[127.042395,37.21155],[127.042733,37.211596],[127.043474,37.211984],[127.041865,37.214072],[127.046874,37.216519],[127.046205,37.216998],[127.045956,37.217147],[127.045554,37.217233],[127.045553,37.217482],[127.045345,37.217713],[127.045348,37.218282],[127.045567,37.21823],[127.046113,37.218017],[127.04942,37.215632],[127.049485,37.215613],[127.050333,37.214993],[127.051032,37.214507],[127.051268,37.214533],[127.05148,37.214277],[127.051711,37.214288],[127.052191,37.214126],[127.052774,37.214091],[127.052968,37.213947],[127.053338,37.213788],[127.053258,37.213404],[127.05286,37.212913],[127.052594,37.212871],[127.05266,37.212567],[127.05218,37.212498],[127.052366,37.212359],[127.052302,37.212091],[127.052049,37.211753],[127.051941,37.211457],[127.051476,37.210921],[127.051342,37.210876],[127.051315,37.210784],[127.051014,37.210423],[127.051018,37.209987],[127.051395,37.209453],[127.051445,37.209213],[127.05139,37.208898],[127.05269,37.208475],[127.053258,37.208233],[127.053874,37.20818],[127.054205,37.208303],[127.054521,37.208289],[127.054478,37.208613],[127.054176,37.209084],[127.053974,37.209461],[127.05389,37.209813],[127.053936,37.210035],[127.054165,37.210426],[127.054394,37.210279],[127.054645,37.210677],[127.05412,37.210802],[127.054253,37.211002],[127.05451,37.211053],[127.054751,37.21086],[127.055101,37.210802],[127.05541,37.210696],[127.056174,37.210622],[127.056826,37.210407],[127.057162,37.210066],[127.057599,37.210041],[127.057952,37.210223],[127.058426,37.21025],[127.058821,37.210521],[127.058865,37.210677],[127.058752,37.211013],[127.058255,37.211162],[127.057568,37.211579],[127.057053,37.211758],[127.055704,37.212619],[127.055132,37.212735],[127.054776,37.212997],[127.054625,37.213339],[127.054229,37.213619],[127.054071,37.213801],[127.053338,37.214208],[127.052952,37.214635],[127.052778,37.214739],[127.052966,37.214927],[127.053375,37.214973],[127.053821,37.215156],[127.054118,37.215384],[127.054902,37.215645],[127.055402,37.215921],[127.055531,37.216233],[127.055368,37.216881],[127.055289,37.217319],[127.055121,37.217528],[127.055219,37.21769],[127.05552,37.217924],[127.055818,37.218075],[127.056598,37.218605],[127.056513,37.218674],[127.055899,37.218982],[127.055692,37.21913],[127.055525,37.219141],[127.055378,37.219307],[127.054813,37.219685],[127.054533,37.220082],[127.054375,37.220512],[127.053861,37.220992],[127.053453,37.221195],[127.052987,37.22113],[127.052818,37.221172],[127.052433,37.221491],[127.051951,37.221227],[127.051784,37.22106],[127.051616,37.221238],[127.051156,37.22135],[127.050899,37.221614],[127.050752,37.222139],[127.050564,37.222526],[127.05004,37.223114],[127.049876,37.223419],[127.04989,37.223718],[127.049638,37.224186],[127.049456,37.224443],[127.048996,37.22478],[127.048514,37.225255],[127.048055,37.225569],[127.047867,37.225759],[127.047788,37.225994],[127.04756,37.226297],[127.047191,37.22665],[127.046816,37.227241],[127.046644,37.227603],[127.046377,37.227843],[127.045918,37.228373],[127.045909,37.228938],[127.04575,37.229015],[127.045714,37.229262],[127.045078,37.229002],[127.044909,37.229034],[127.044312,37.228767],[127.044533,37.230195],[127.044819,37.232161],[127.044869,37.232356],[127.045057,37.232732],[127.044986,37.232993],[127.044989,37.233234],[127.045422,37.233017],[127.045778,37.233332],[127.045826,37.232856],[127.045947,37.232773],[127.046698,37.232872]]]]},"properties":{"dong_name":"진안동","ADM_CD":"31240520"}},
{"type":"Feature","geometry":{"type":"Polygon","coordinates":[[[127.044334,37.202471],[127.04452,37.203267],[127.043923,37.204184],[127.042815,37.205725],[127.042622,37.205973],[127.040499,37.208785],[127.038904,37.210832],[127.038661,37.210724],[127.038417,37.210533],[127.03793,37.20988],[127.037353,37.209544],[127.03694,37.209422],[127.036896,37.209295],[127.036473,37.208943],[127.036491,37.208771],[127.036201,37.208667],[127.035843,37.208391],[127.035845,37.208166],[127.035183,37.208038],[127.034892,37.207828],[127.034007,37.207361],[127.033808,37.207193],[127.034047,37.206729],[127.034168,37.206097],[127.034263,37.205345],[127.034422,37.204529],[127.034211,37.20444],[127.033483,37.205493],[127.03276,37.20521],[127.031623,37.206944],[127.030674,37.206606],[127.03044,37.207011],[127.029399,37.206632],[127.029625,37.206232],[127.028063,37.205674],[127.027486,37.206713],[127.027346,37.206647],[127.026721,37.20567],[127.026377,37.205195],[127.02638,37.20507],[127.024343,37.204343],[127.024554,37.204865],[127.02459,37.205316],[127.024288,37.205792],[127.024035,37.205676],[127.023975,37.205451],[127.02377,37.205195],[127.023321,37.205026],[127.022988,37.204658],[127.02286,37.204244],[127.022887,37.203815],[127.023393,37.203131],[127.023447,37.202941],[127.023396,37.202747],[127.023184,37.202504],[127.023033,37.202433],[127.022489,37.202016],[127.022504,37.201681],[127.022454,37.201215],[127.022791,37.200504],[127.023064,37.200568],[127.023403,37.200826],[127.023746,37.200941],[127.024139,37.200819],[127.024324,37.200921],[127.024627,37.200985],[127.025017,37.200968],[127.025357,37.200855],[127.025937,37.200257],[127.026157,37.200107],[127.026448,37.200153],[127.026857,37.200332],[127.026716,37.200655],[127.026874,37.200872],[127.027037,37.200805],[127.027228,37.200435],[127.027358,37.200404],[127.027572,37.200674],[127.027763,37.200503],[127.028236,37.200467],[127.028276,37.200233],[127.028642,37.200129],[127.028862,37.200143],[127.029385,37.200052],[127.029554,37.199845],[127.029875,37.19971],[127.030478,37.199647],[127.030821,37.199849],[127.031385,37.199894],[127.031638,37.200034],[127.03188,37.199988],[127.032365,37.199998],[127.032663,37.200128],[127.0329,37.200164],[127.033654,37.200168],[127.033756,37.200195],[127.034392,37.200155],[127.035158,37.200139],[127.035722,37.199987],[127.036803,37.199951],[127.037056,37.199884],[127.03723,37.199582],[127.03754,37.199302],[127.037489,37.199082],[127.037827,37.19882],[127.038595,37.198554],[127.039071,37.198476],[127.039376,37.198536],[127.039567,37.198495],[127.039708,37.198321],[127.040142,37.197956],[127.040513,37.198202],[127.040828,37.19804],[127.040947,37.197819],[127.041298,37.197705],[127.041475,37.197485],[127.041931,37.197455],[127.042517,37.197644],[127.043034,37.197894],[127.043412,37.197799],[127.043605,37.197799],[127.043855,37.198208],[127.044027,37.199281],[127.044163,37.199535],[127.044353,37.199668],[127.044254,37.199921],[127.043553,37.200182],[127.043843,37.200853],[127.043552,37.200918],[127.043419,37.200563],[127.042707,37.200874],[127.042756,37.200972],[127.04327,37.201629],[127.043455,37.201659],[127.043912,37.201903],[127.044207,37.202382],[127.044334,37.202471]]]},"properties":{"dong_name":"병점1동","ADM_CD":"31240530"}},
{"type":"Feature","geometry":{"type":"Polygon","coordinates":[[[127.051342,37.210876],[127.051476,37.210921],[127.051941,37.211457],[127.052049,37.211753],[127.052302,37.212091],[127.052366,37.212359],[127.05218,37.212498],[127.05266,37.212567],[127.052594,37.212871],[127.05286,37.212913],[127.053258,37.213404],[127.053338,37.213788],[127.052968,37.213947],[127.052774,37.214091],[127.052191,37.214126],[127.051711,37.214288],[127.05148,37.214277],[127.051268,37.214533],[127.051032,37.214507],[127.050333,37.214993],[127.049485,37.215613],[127.04942,37.215632],[127.046113,37.218017],[127.045567,37.21823],[127.045348,37.218282],[127.045345,37.217713],[127.045553,37.217482],[127.045554,37.217233],[127.045956,37.217147],[127.046205,37.216998],[127.046874,37.216519],[127.041865,37.214072],[127.043474,37.211984],[127.042733,37.211596],[127.042395,37.21155],[127.041566,37.211534],[127.041164,37.211441],[127.040308,37.211191],[127.039363,37.211085],[127.038951,37.210928],[127.038904,37.210832],[127.040499,37.208785],[127.042622,37.205973],[127.042815,37.205725],[127.043923,37.204184],[127.04452,37.203267],[127.044334,37.202471],[127.044495,37.202631],[127.04477,37.202629],[127.045918,37.202912],[127.046276,37.203259],[127.046849,37.203617],[127.047278,37.20371],[127.0473,37.204135],[127.047737,37.204283],[127.048146,37.204546],[127.048657,37.204805],[127.049082,37.205175],[127.049079,37.205236],[127.04905,37.205829],[127.048932,37.206497],[127.048816,37.206636],[127.048754,37.207053],[127.048718,37.207582],[127.048784,37.208667],[127.048875,37.209339],[127.048978,37.209692],[127.049279,37.210254],[127.04951,37.210534],[127.049909,37.210924],[127.050347,37.21145],[127.050706,37.212],[127.050804,37.21192],[127.050937,37.211622],[127.051136,37.211523],[127.050968,37.211317],[127.051091,37.21119],[127.051289,37.211231],[127.051233,37.211002],[127.051342,37.210876]]]},"properties":{"dong_name":"병점2동","ADM_CD":"31240540"}},
{"type":"Feature","geometry":{"type":"Polygon","coordinates":[[[127.075921,37.225581],[127.075553,37.225915],[127.075295,37.226338],[127.075357,37.22669],[127.075224,37.226921],[127.075149,37.227302],[127.07494,37.227728],[127.074823,37.228191],[127.074284,37.228114],[127.073798,37.228241],[127.073584,37.228394],[127.073263,37.228777],[127.072953,37.228899],[127.072702,37.229085],[127.072108,37.22912],[127.071229,37.228973],[127.071004,37.228878],[127.070621,37.228902],[127.070192,37.228738],[127.069702,37.228649],[127.069731,37.228991],[127.069556,37.229388],[127.069387,37.229554],[127.069185,37.229619],[127.068873,37.229887],[127.068879,37.230301],[127.069239,37.230797],[127.069404,37.231093],[127.069456,37.231298],[127.06946,37.231754],[127.069393,37.232105],[127.069299,37.232286],[127.068849,37.232572],[127.068651,37.232769],[127.068597,37.232939],[127.068709,37.233217],[127.06867,37.23351],[127.068495,37.23374],[127.068361,37.233813],[127.06814,37.234269],[127.06795,37.234487],[127.067988,37.234632],[127.067934,37.234955],[127.067726,37.235166],[127.067974,37.235522],[127.067939,37.235876],[127.067975,37.236208],[127.067932,37.236785],[127.067481,37.237806],[127.067323,37.238328],[127.06731,37.238632],[127.067463,37.239561],[127.067499,37.240073],[127.066917,37.240185],[127.066505,37.240078],[127.066251,37.240171],[127.065943,37.240204],[127.065147,37.240127],[127.064559,37.239327],[127.064132,37.239112],[127.063698,37.239066],[127.063318,37.238953],[127.063109,37.238733],[127.062474,37.238346],[127.061746,37.237628],[127.061537,37.237481],[127.061003,37.237265],[127.060513,37.236977],[127.060201,37.236862],[127.059975,37.236577],[127.060021,37.236303],[127.059847,37.235762],[127.059436,37.235175],[127.058927,37.234769],[127.058316,37.234184],[127.057613,37.233744],[127.057068,37.233457],[127.05596,37.232764],[127.055608,37.232685],[127.054571,37.232066],[127.053716,37.231788],[127.052697,37.231276],[127.052454,37.231386],[127.052563,37.231589],[127.053656,37.232207],[127.053775,37.23233],[127.053622,37.233268],[127.053489,37.233516],[127.053131,37.233678],[127.051528,37.234325],[127.050973,37.23428],[127.050059,37.234124],[127.049663,37.234086],[127.049454,37.234019],[127.048032,37.233265],[127.047661,37.233274],[127.046915,37.232929],[127.046698,37.232872],[127.045947,37.232773],[127.045826,37.232856],[127.045778,37.233332],[127.045422,37.233017],[127.044989,37.233234],[127.044986,37.232993],[127.045057,37.232732],[127.044869,37.232356],[127.044819,37.232161],[127.044533,37.230195],[127.044312,37.228767],[127.044909,37.229034],[127.045078,37.229002],[127.045714,37.229262],[127.04575,37.229015],[127.045909,37.228938],[127.045918,37.228373],[127.046377,37.227843],[127.046644,37.227603],[127.046816,37.227241],[127.047191,37.22665],[127.04756,37.226297],[127.047788,37.225994],[127.047867,37.225759],[127.048055,37.225569],[127.048514,37.225255],[127.048996,37.22478],[127.049456,37.224443],[127.049638,37.224186],[127.04989,37.223718],[127.049876,37.223419],[127.05004,37.223114],[127.050564,37.222526],[127.050752,37.222139],[127.050899,37.221614],[127.051156,37.22135],[127.051616,37.221238],[127.051784,37.22106],[127.051951,37.221227],[127.052433,37.221491],[127.052818,37.221172],[127.052987,37.22113],[127.053453,37.221195],[127.053861,37.220992],[127.054375,37.220512],[127.054533,37.220082],[127.054813,37.219685],[127.055378,37.219307],[127.055525,37.219141],[127.055692,37.21913],[127.055899,37.218982],[127.056513,37.218674],[127.057108,37.219157],[127.057364,37.219257],[127.057632,37.219493],[127.057822,37.219772],[127.058293,37.220163],[127.058655,37.22034],[127.05899,37.220744],[127.059385,37.220954],[127.05967,37.220957],[127.059859,37.221047],[127.060174,37.22129],[127.061518,37.22027],[127.061611,37.220016],[127.062917,37.217168],[127.064122,37.212142],[127.070491,37.213148],[127.070368,37.213751],[127.070545,37.21386],[127.070452,37.214154],[127.070659,37.214137],[127.068614,37.222493],[127.068399,37.222443],[127.06848,37.223047],[127.070794,37.224372],[127.070772,37.224629],[127.071082,37.224843],[127.072949,37.225917],[127.07311,37.225962],[127.073069,37.226173],[127.074304,37.225939],[127.074657,37.225934],[127.075295,37.225807],[127.075921,37.225581]]]},"properties":{"dong_name":"반월동","ADM_CD":"31240550"}},
{"type":"Feature","geometry":{"type":"Polygon","coordinates":[[[127.010718,37.226555],[127.010611,37.226605],[127.010104,37.226663],[127.009432,37.226843],[127.008622,37.226965],[127.008442,37.227019],[127.007676,37.227434],[127.007282,37.227555],[127.00722,37.227641],[127.007208,37.22806],[127.007085,37.228168],[127.006623,37.228415],[127.006515,37.22865],[127.006538,37.22891],[127.006347,37.229073],[127.006003,37.228889],[127.005648,37.228857],[127.004245,37.229073],[127.003997,37.229208],[127.003867,37.229425],[127.003732,37.229997],[127.00358,37.230118],[127.003327,37.230195],[127.002704,37.229944],[127.002842,37.229596],[127.003293,37.229366],[127.003372,37.229114],[127.003357,37.228929],[127.003236,37.228803],[127.002893,37.228966],[127.002391,37.229029],[127.002301,37.22888],[127.002205,37.228475],[127.001828,37.227979],[127.001456,37.227803],[127.001242,37.227637],[127.001309,37.227375],[127.001186,37.226983],[127.001219,37.226704],[127.001118,37.226519],[127.000893,37.226434],[127.00056,37.226447],[127.000278,37.226808],[127.00007,37.226776],[126.999845,37.226321],[126.999631,37.226195],[126.999338,37.226303],[126.999067,37.226262],[126.998932,37.226118],[126.998707,37.225641],[126.998278,37.225623],[126.998177,37.226032],[126.998031,37.226294],[126.998207,37.226492],[126.998278,37.22669],[126.9982,37.226938],[126.997642,37.227019],[126.997524,37.227231],[126.997726,37.227569],[126.997557,37.227771],[126.997231,37.227744],[126.996808,37.227614],[126.996611,37.227826],[126.996611,37.228186],[126.996723,37.228429],[126.996937,37.228285],[126.997315,37.228285],[126.997766,37.228614],[126.997873,37.228965],[126.997686,37.229178],[126.997355,37.229267],[126.997005,37.229253],[126.99656,37.229474],[126.996059,37.229555],[126.995856,37.229627],[126.995326,37.230001],[126.994858,37.230465],[126.994504,37.230555],[126.993896,37.230508],[126.993534,37.23065],[126.993332,37.230623],[126.993078,37.230893],[126.992853,37.231033],[126.992689,37.231272],[126.992453,37.231285],[126.991968,37.231199],[126.991596,37.23097],[126.991281,37.231042],[126.990943,37.231321],[126.990582,37.231298],[126.990368,37.231438],[126.990334,37.231628],[126.990565,37.231898],[126.990559,37.23215],[126.990368,37.232276],[126.989985,37.232267],[126.989895,37.231704],[126.989737,37.2316],[126.989466,37.231686],[126.989291,37.231817],[126.989212,37.232132],[126.989579,37.232754],[126.98959,37.233051],[126.989533,37.233555],[126.989224,37.233596],[126.988519,37.233803],[126.988271,37.234078],[126.987674,37.23424],[126.98746,37.23415],[126.987347,37.23397],[126.987342,37.233736],[126.98764,37.233551],[126.987663,37.233411],[126.987353,37.233366],[126.986756,37.233519],[126.986615,37.233767],[126.986829,37.234159],[126.986643,37.234289],[126.986232,37.234091],[126.986102,37.233857],[126.986035,37.23356],[126.9863,37.232825],[126.985584,37.232645],[126.985009,37.232239],[126.985128,37.231978],[126.985083,37.231695],[126.984936,37.231478],[126.984897,37.231077],[126.984829,37.230911],[126.984671,37.230803],[126.984328,37.230924],[126.983911,37.23101],[126.983556,37.231397],[126.98302,37.23151],[126.982733,37.231627],[126.982598,37.231879],[126.982632,37.2321],[126.982395,37.232262],[126.981833,37.232306],[126.981065,37.232527],[126.980705,37.23223],[126.980344,37.231716],[126.98013,37.231613],[126.979815,37.230982],[126.979409,37.230838],[126.97906,37.230617],[126.978953,37.230365],[126.979021,37.229842],[126.978964,37.229455],[126.97817,37.22954],[126.977784,37.229655],[126.976536,37.230215],[126.97617,37.229936],[126.975742,37.229544],[126.975196,37.229391],[126.974964,37.229413],[126.974519,37.229309],[126.97426,37.229048],[126.972897,37.228728],[126.971341,37.229038],[126.970716,37.229322],[126.970476,37.22936],[126.970686,37.229198],[126.971121,37.228526],[126.971255,37.228215],[126.971444,37.227943],[126.971649,37.227385],[126.971723,37.227019],[126.971877,37.226568],[126.971882,37.225891],[126.971971,37.225138],[126.972132,37.224696],[126.972378,37.224301],[126.972707,37.223858],[126.972851,37.223578],[126.973163,37.223307],[126.973894,37.222777],[126.974182,37.222388],[126.97433,37.222434],[126.975023,37.221956],[126.97541,37.221921],[126.975709,37.221983],[126.976031,37.221528],[126.976951,37.220734],[126.977189,37.220802],[126.978172,37.220946],[126.978347,37.22086],[126.977864,37.220337],[126.977715,37.219999],[126.977729,37.219643],[126.978088,37.219241],[126.978289,37.219085],[126.978673,37.218677],[126.978839,37.218351],[126.978888,37.218113],[126.978798,37.21772],[126.978593,37.217516],[126.978614,37.2174],[126.978833,37.21713],[126.978845,37.216862],[126.978975,37.21662],[126.979271,37.21633],[126.979571,37.215769],[126.98035,37.214989],[126.980597,37.214552],[126.980715,37.214077],[126.981084,37.213899],[126.981357,37.213669],[126.981807,37.213181],[126.983001,37.213838],[126.983861,37.213883],[126.984291,37.213931],[126.984671,37.214389],[126.985124,37.2145],[126.987749,37.214804],[126.98817,37.214753],[126.989036,37.214872],[126.989729,37.215685],[126.991019,37.216421],[126.991768,37.216253],[126.992497,37.216206],[126.993271,37.216573],[126.994949,37.216283],[126.995428,37.216733],[126.995844,37.216917],[126.996587,37.217822],[126.997575,37.219158],[126.998299,37.218822],[126.998766,37.218641],[126.999193,37.218654],[126.9996,37.21893],[127.000268,37.219135],[127.000909,37.218741],[127.00172,37.218352],[127.002415,37.218102],[127.002532,37.217569],[127.003175,37.217035],[127.003401,37.217079],[127.003835,37.216941],[127.003884,37.216779],[127.004087,37.216684],[127.004229,37.21755],[127.004155,37.21779],[127.003737,37.218663],[127.00323,37.219533],[127.003284,37.220511],[127.003114,37.220915],[127.003226,37.222122],[127.002938,37.222912],[127.003294,37.223471],[127.003987,37.224097],[127.004647,37.223978],[127.005419,37.223977],[127.006247,37.224133],[127.007279,37.224088],[127.008591,37.22439],[127.009016,37.224403],[127.009487,37.224582],[127.009084,37.224809],[127.009092,37.225176],[127.008819,37.225389],[127.008563,37.225722],[127.008359,37.225897],[127.008402,37.226187],[127.008535,37.226262],[127.008878,37.226308],[127.009028,37.226452],[127.009359,37.22655],[127.009396,37.226759],[127.010206,37.226557],[127.010718,37.226555]]]},"properties":{"dong_name":"기배동","ADM_CD":"31240560"}},
{"type":"Feature","geometry":{"type":"Polygon","coordinates":[[[127.010718,37.226555],[127.010206,37.226557],[127.009396,37.226759],[127.009359,37.22655],[127.009028,37.226452],[127.008878,37.226308],[127.008535,37.226262],[127.008402,37.226187],[127.008359,37.225897],[127.008563,37.225722],[127.008819,37.225389],[127.009092,37.225176],[127.009084,37.224809],[127.009487,37.224582],[127.009016,37.224403],[127.008591,37.22439],[127.007279,37.224088],[127.006247,37.224133],[127.005419,37.223977],[127.004647,37.223978],[127.003987,37.224097],[127.003294,37.223471],[127.002938,37.222912],[127.003226,37.222122],[127.003114,37.220915],[127.003284,37.220511],[127.00323,37.219533],[127.003737,37.218663],[127.004155,37.21779],[127.004229,37.21755],[127.004087,37.216684],[127.003884,37.216779],[127.003835,37.216941],[127.003401,37.217079],[127.003175,37.217035],[127.002532,37.217569],[127.002415,37.218102],[127.00172,37.218352],[127.000909,37.218741],[127.000268,37.219135],[126.9996,37.21893],[126.999193,37.218654],[126.998766,37.218641],[126.998299,37.218822],[126.997575,37.219158],[126.996587,37.217822],[126.995844,37.216917],[126.995428,37.216733],[126.994949,37.216283],[126.993271,37.216573],[126.992497,37.216206],[126.991768,37.216253],[126.991019,37.216421],[126.989729,37.215685],[126.989036,37.214872],[126.98817,37.214753],[126.987749,37.214804],[126.985124,37.2145],[126.984671,37.214389],[126.984291,37.213931],[126.983861,37.213883],[126.983001,37.213838],[126.981807,37.213181],[126.981097,37.213006],[126.980795,37.212895],[126.980059,37.212925],[126.979904,37.212598],[126.979716,37.212563],[126.979669,37.212419],[126.979646,37.211622],[126.979552,37.211065],[126.979377,37.210721],[126.979167,37.209867],[126.979271,37.209414],[126.979834,37.209137],[126.97984,37.208904],[126.97975,37.208772],[126.980303,37.208072],[126.979751,37.207661],[126.979895,37.206965],[126.980198,37.206733],[126.981045,37.206234],[126.981322,37.205884],[126.981491,37.205745],[126.981744,37.205334],[126.98221,37.204814],[126.982333,37.204797],[126.98292,37.204138],[126.982887,37.204102],[126.983418,37.203291],[126.983578,37.203261],[126.983782,37.203025],[126.984103,37.202777],[126.984397,37.202787],[126.984762,37.202556],[126.984867,37.202406],[126.985144,37.20238],[126.985099,37.201699],[126.985396,37.20089],[126.985131,37.200586],[126.984893,37.200099],[126.98487,37.199664],[126.984895,37.199118],[126.984862,37.199003],[126.984527,37.198583],[126.984175,37.198266],[126.983719,37.197541],[126.983875,37.196592],[126.98396,37.196474],[126.983946,37.196228],[126.98442,37.196189],[126.984392,37.195868],[126.984471,37.195728],[126.98496,37.194872],[126.984931,37.194152],[126.985601,37.194493],[126.98621,37.194622],[126.986879,37.194818],[126.987792,37.194505],[126.988345,37.194473],[126.988922,37.194667],[126.989657,37.194811],[126.990034,37.194484],[126.990187,37.194403],[126.991274,37.194445],[126.991742,37.194392],[126.992595,37.194186],[126.993155,37.194124],[126.994632,37.194227],[126.994716,37.19421],[126.995194,37.19357],[126.995721,37.193198],[126.996823,37.192825],[126.997033,37.192214],[126.997607,37.191894],[126.99785,37.191187],[126.998287,37.190772],[126.998294,37.190524],[126.998784,37.19049],[126.999263,37.189603],[127.0001,37.189671],[127.000692,37.190015],[127.001707,37.190286],[127.002024,37.189794],[127.002749,37.189393],[127.002977,37.189312],[127.003572,37.188692],[127.004058,37.188733],[127.004572,37.188417],[127.004939,37.188324],[127.005226,37.187864],[127.005306,37.1878],[127.005647,37.187784],[127.006028,37.187446],[127.005915,37.187025],[127.005949,37.186491],[127.006271,37.186539],[127.006687,37.186368],[127.007143,37.185972],[127.00729,37.185913],[127.007752,37.1859],[127.008343,37.185837],[127.008793,37.186129],[127.008872,37.186228],[127.008957,37.186607],[127.009131,37.186841],[127.009525,37.18703],[127.009785,37.187301],[127.009863,37.187661],[127.009734,37.187846],[127.0093,37.188117],[127.009132,37.188322],[127.009064,37.188527],[127.009098,37.189149],[127.009109,37.18995],[127.009171,37.190279],[127.009109,37.190549],[127.008557,37.191022],[127.008462,37.191149],[127.008208,37.191757],[127.007893,37.192135],[127.00778,37.192446],[127.00778,37.192743],[127.007893,37.192964],[127.008321,37.193216],[127.009521,37.193658],[127.009808,37.193644],[127.00992,37.193405],[127.009943,37.192842],[127.010179,37.192671],[127.010523,37.192594],[127.010962,37.192369],[127.011215,37.192333],[127.011497,37.192427],[127.011604,37.192617],[127.011537,37.193302],[127.011677,37.193613],[127.012353,37.193919],[127.012618,37.194347],[127.012793,37.19446],[127.013491,37.195018],[127.014099,37.195072],[127.014364,37.195005],[127.015186,37.194522],[127.015462,37.194261],[127.015732,37.194212],[127.015997,37.194248],[127.016273,37.194757],[127.016572,37.195099],[127.016718,37.195446],[127.016696,37.195567],[127.016482,37.195837],[127.018047,37.19618],[127.018616,37.195833],[127.019342,37.195873],[127.019551,37.195927],[127.020587,37.196436],[127.020965,37.196598],[127.021336,37.196995],[127.022283,37.197463],[127.02266,37.197593],[127.023088,37.197684],[127.024203,37.197836],[127.024659,37.197958],[127.025059,37.198026],[127.025262,37.198255],[127.025375,37.198526],[127.02564,37.1988],[127.025927,37.199003],[127.026186,37.199273],[127.026462,37.19948],[127.027127,37.199512],[127.027363,37.19971],[127.027296,37.199985],[127.026879,37.200256],[127.026857,37.200332],[127.026448,37.200153],[127.026157,37.200107],[127.025937,37.200257],[127.025357,37.200855],[127.025017,37.200968],[127.024627,37.200985],[127.024324,37.200921],[127.024139,37.200819],[127.023746,37.200941],[127.023403,37.200826],[127.023064,37.200568],[127.022791,37.200504],[127.022454,37.201215],[127.022504,37.201681],[127.022489,37.202016],[127.023033,37.202433],[127.023184,37.202504],[127.023396,37.202747],[127.023447,37.202941],[127.023393,37.203131],[127.022887,37.203815],[127.02286,37.204244],[127.022988,37.204658],[127.023321,37.205026],[127.02377,37.205195],[127.023975,37.205451],[127.024035,37.205676],[127.024288,37.205792],[127.023585,37.206629],[127.022956,37.20713],[127.022572,37.207468],[127.022032,37.207827],[127.021661,37.208021],[127.021401,37.208477],[127.026019,37.210132],[127.028254,37.210942],[127.02881,37.211133],[127.028411,37.211679],[127.026977,37.212985],[127.027095,37.213087],[127.026717,37.21344],[127.02558,37.214433],[127.023691,37.216149],[127.023299,37.21657],[127.024073,37.217098],[127.025342,37.218063],[127.025636,37.218559],[127.025857,37.219444],[127.02603,37.220017],[127.02624,37.2201],[127.026109,37.220395],[127.023515,37.225357],[127.023397,37.225696],[127.023277,37.225887],[127.023053,37.225667],[127.022705,37.225092],[127.02256,37.224909],[127.021871,37.224544],[127.021479,37.22472],[127.021181,37.225282],[127.020719,37.225522],[127.0205,37.225522],[127.019716,37.225621],[127.018697,37.225874],[127.018402,37.225829],[127.017715,37.225847],[127.016633,37.225814],[127.016308,37.225787],[127.015778,37.225806],[127.015247,37.225981],[127.014924,37.22615],[127.014666,37.226357],[127.014131,37.226684],[127.013574,37.226685],[127.012841,37.22646],[127.011383,37.226361],[127.010932,37.22642],[127.010718,37.226555]]]},"properties":{"dong_name":"화산동","ADM_CD":"31240570"}},
{"type":"Feature","geometry":{"type":"Polygon","coordinates":[[[127.071185,37.184033],[127.073125,37.186312],[127.073114,37.186721],[127.073338,37.187094],[127.073918,37.187074],[127.074241,37.187092],[127.074503,37.187002],[127.074937,37.186972],[127.0753,37.186843],[127.075911,37.186524],[127.07611,37.186465],[127.076522,37.186435],[127.077113,37.186111],[127.077759,37.18591],[127.078075,37.185862],[127.078642,37.185651],[127.078922,37.185383],[127.0792,37.185231],[127.079359,37.185015],[127.079844,37.184649],[127.080071,37.184558],[127.080803,37.184436],[127.081078,37.184484],[127.082028,37.184399],[127.082576,37.184243],[127.082992,37.184247],[127.083192,37.185586],[127.083288,37.186416],[127.083407,37.187239],[127.083563,37.188689],[127.08351,37.189397],[127.083293,37.189994],[127.08284,37.190806],[127.082395,37.191706],[127.082139,37.192292],[127.082207,37.193023],[127.082252,37.193074],[127.082332,37.194083],[127.082621,37.196065],[127.082962,37.19705],[127.083218,37.197627],[127.083386,37.198407],[127.083366,37.198776],[127.083278,37.199043],[127.083248,37.199337],[127.082988,37.20008],[127.082984,37.20055],[127.082496,37.200591],[127.080665,37.20068],[127.080268,37.200686],[127.075913,37.199677],[127.075711,37.200092],[127.07546,37.199932],[127.075376,37.200032],[127.074218,37.199809],[127.071539,37.199156],[127.068057,37.198452],[127.064975,37.197749],[127.06511,37.197447],[127.065389,37.19708],[127.065546,37.196584],[127.065706,37.196356],[127.066033,37.196049],[127.066187,37.195846],[127.066321,37.195416],[127.066347,37.195087],[127.065964,37.194565],[127.065622,37.194181],[127.065779,37.193874],[127.065418,37.193162],[127.065645,37.192528],[127.065656,37.192132],[127.066855,37.19117],[127.067289,37.19096],[127.067768,37.190859],[127.068372,37.190805],[127.068604,37.190602],[127.067931,37.190293],[127.067836,37.189669],[127.068029,37.189136],[127.06762,37.188928],[127.066924,37.188398],[127.0667,37.188345],[127.066297,37.188132],[127.066205,37.187896],[127.065955,37.187576],[127.065853,37.187063],[127.065712,37.186747],[127.065536,37.186705],[127.065176,37.186392],[127.065661,37.185999],[127.065535,37.18529],[127.065785,37.184833],[127.06608,37.184415],[127.066429,37.184193],[127.066754,37.184201],[127.067916,37.184399],[127.068427,37.183951],[127.068781,37.183894],[127.069438,37.184029],[127.069872,37.184154],[127.070555,37.184019],[127.071185,37.184033]]]},"properties":{"dong_name":"동탄2동","ADM_CD":"31240600"}},
{"type":"Feature","geometry":{"type":"Polygon","coordinates":[[[127.075921,37.225581],[127.075295,37.225807],[127.074657,37.225934],[127.074304,37.225939],[127.073069,37.226173],[127.07311,37.225962],[127.072949,37.225917],[127.071082,37.224843],[127.070772,37.224629],[127.070794,37.224372],[127.06848,37.223047],[127.068399,37.222443],[127.068614,37.222493],[127.070659,37.214137],[127.070452,37.214154],[127.070545,37.21386],[127.070368,37.213751],[127.070491,37.213148],[127.064122,37.212142],[127.064018,37.211989],[127.063514,37.212208],[127.062821,37.211597],[127.062249,37.210992],[127.061797,37.210279],[127.059836,37.206414],[127.059479,37.205467],[127.059349,37.204605],[127.059477,37.199506],[127.060145,37.199613],[127.060478,37.199537],[127.060519,37.199446],[127.061087,37.199467],[127.061558,37.199372],[127.06176,37.199248],[127.062112,37.199151],[127.062416,37.199121],[127.062889,37.199134],[127.063441,37.199188],[127.063851,37.199043],[127.064436,37.19905],[127.064523,37.198649],[127.064736,37.198298],[127.064975,37.197749],[127.068057,37.198452],[127.071539,37.199156],[127.074218,37.199809],[127.075376,37.200032],[127.07546,37.199932],[127.075711,37.200092],[127.075913,37.199677],[127.080268,37.200686],[127.080665,37.20068],[127.082496,37.200591],[127.082984,37.20055],[127.083143,37.20122],[127.083128,37.201643],[127.082956,37.201996],[127.084144,37.202918],[127.084186,37.202883],[127.084867,37.203427],[127.085224,37.203769],[127.085343,37.20371],[127.085662,37.204276],[127.085828,37.204713],[127.085945,37.205112],[127.08595,37.20601],[127.085789,37.206653],[127.085518,37.207249],[127.084908,37.208266],[127.084589,37.208864],[127.084353,37.209386],[127.084256,37.209822],[127.084434,37.210462],[127.084618,37.210962],[127.085252,37.21172],[127.086884,37.213719],[127.087119,37.214046],[127.087697,37.214763],[127.087783,37.21495],[127.088103,37.216415],[127.087994,37.216599],[127.088234,37.216602],[127.087653,37.217015],[127.08726,37.217109],[127.086528,37.21747],[127.085721,37.218137],[127.085421,37.218351],[127.085117,37.218673],[127.084876,37.21883],[127.084365,37.219076],[127.084183,37.219083],[127.083678,37.219458],[127.082889,37.219695],[127.082561,37.219752],[127.082321,37.219849],[127.08193,37.22013],[127.081418,37.220644],[127.081413,37.220811],[127.081297,37.220995],[127.08085,37.221455],[127.080606,37.221456],[127.080428,37.221366],[127.080299,37.221441],[127.080067,37.221722],[127.079589,37.221781],[127.079269,37.222192],[127.079161,37.222493],[127.078997,37.22257],[127.078558,37.222665],[127.078277,37.222622],[127.077974,37.222761],[127.077759,37.222927],[127.078201,37.223245],[127.078052,37.223331],[127.077698,37.223757],[127.077304,37.224066],[127.077104,37.224548],[127.076727,37.224883],[127.076414,37.225248],[127.075921,37.225581]]]},"properties":{"dong_name":"동탄1동","ADM_CD":"31240610"}},
{"type":"Feature","geometry":{"type":"Polygon","coordinates":[[[127.064122,37.212142],[127.062917,37.217168],[127.061611,37.220016],[127.061518,37.22027],[127.060174,37.22129],[127.059859,37.221047],[127.05967,37.220957],[127.059385,37.220954],[127.05899,37.220744],[127.058655,37.22034],[127.058293,37.220163],[127.057822,37.219772],[127.057632,37.219493],[127.057364,37.219257],[127.057108,37.219157],[127.056513,37.218674],[127.056598,37.218605],[127.055818,37.218075],[127.05552,37.217924],[127.055219,37.21769],[127.055121,37.217528],[127.055289,37.217319],[127.055368,37.216881],[127.055531,37.216233],[127.055402,37.215921],[127.054902,37.215645],[127.054118,37.215384],[127.053821,37.215156],[127.053375,37.214973],[127.052966,37.214927],[127.052778,37.214739],[127.052952,37.214635],[127.053338,37.214208],[127.054071,37.213801],[127.054229,37.213619],[127.054625,37.213339],[127.054776,37.212997],[127.055132,37.212735],[127.055704,37.212619],[127.057053,37.211758],[127.057568,37.211579],[127.058255,37.211162],[127.058752,37.211013],[127.058865,37.210677],[127.058821,37.210521],[127.058426,37.21025],[127.057952,37.210223],[127.057599,37.210041],[127.057162,37.210066],[127.056826,37.210407],[127.056174,37.210622],[127.05541,37.210696],[127.055101,37.210802],[127.054751,37.21086],[127.05451,37.211053],[127.054253,37.211002],[127.05412,37.210802],[127.054645,37.210677],[127.054394,37.210279],[127.054165,37.210426],[127.053936,37.210035],[127.05389,37.209813],[127.053974,37.209461],[127.054176,37.209084],[127.054478,37.208613],[127.054521,37.208289],[127.054205,37.208303],[127.053874,37.20818],[127.053258,37.208233],[127.05269,37.208475],[127.05139,37.208898],[127.051445,37.209213],[127.051395,37.209453],[127.051018,37.209987],[127.051014,37.210423],[127.051315,37.210784],[127.051342,37.210876],[127.051233,37.211002],[127.051289,37.211231],[127.051091,37.21119],[127.050968,37.211317],[127.051136,37.211523],[127.050937,37.211622],[127.050804,37.21192],[127.050706,37.212],[127.050347,37.21145],[127.049909,37.210924],[127.04951,37.210534],[127.049279,37.210254],[127.048978,37.209692],[127.048875,37.209339],[127.048784,37.208667],[127.048718,37.207582],[127.048754,37.207053],[127.048816,37.206636],[127.048932,37.206497],[127.04905,37.205829],[127.049079,37.205236],[127.051742,37.20373],[127.052678,37.203184],[127.053069,37.202805],[127.053139,37.202561],[127.052997,37.202283],[127.053336,37.201944],[127.053382,37.201576],[127.052967,37.20142],[127.052659,37.20088],[127.052245,37.200495],[127.051941,37.200298],[127.051568,37.200253],[127.051528,37.200005],[127.051235,37.199656],[127.051064,37.199547],[127.051163,37.199386],[127.051367,37.198652],[127.051083,37.198505],[127.050562,37.198418],[127.050117,37.198188],[127.050288,37.197952],[127.050035,37.197898],[127.050533,37.197191],[127.050109,37.196956],[127.049908,37.196897],[127.050616,37.196486],[127.051286,37.196702],[127.051725,37.196995],[127.052322,37.197121],[127.052784,37.197067],[127.053212,37.19722],[127.053775,37.197282],[127.054114,37.197417],[127.054454,37.197491],[127.055216,37.197413],[127.055599,37.197331],[127.056128,37.197158],[127.056717,37.19725],[127.056743,37.197495],[127.057147,37.197754],[127.057404,37.197825],[127.058092,37.197916],[127.058792,37.198285],[127.059005,37.198447],[127.059267,37.198524],[127.059626,37.19878],[127.05991,37.199097],[127.060193,37.199345],[127.060519,37.199446],[127.060478,37.199537],[127.060145,37.199613],[127.059477,37.199506],[127.059349,37.204605],[127.059479,37.205467],[127.059836,37.206414],[127.061797,37.210279],[127.062249,37.210992],[127.062821,37.211597],[127.063514,37.212208],[127.064018,37.211989],[127.064122,37.212142]]]},"properties":{"dong_name":"동탄3동","ADM_CD":"31240620"}},
{"type":"Feature","geometry":{"type":"Polygon","coordinates":[[[127.131501,37.195692],[127.131472,37.196907],[127.131393,37.197715],[127.131313,37.198252],[127.131109,37.198227],[127.131092,37.198637],[127.131022,37.198803],[127.13098,37.199155],[127.130879,37.199307],[127.13093,37.199503],[127.130785,37.200009],[127.130599,37.200511],[127.13041,37.200829],[127.130458,37.200958],[127.130343,37.201247],[127.130012,37.201201],[127.12963,37.201212],[127.128372,37.201316],[127.120816,37.201963],[127.120965,37.202924],[127.119948,37.203113],[127.118378,37.203431],[127.117731,37.203551],[127.116638,37.203675],[127.115976,37.203713],[127.115265,37.203715],[127.114668,37.203688],[127.111219,37.203377],[127.110399,37.20333],[127.108983,37.203349],[127.107975,37.203479],[127.10713,37.203652],[127.105464,37.204015],[127.104426,37.20419],[127.100674,37.20465],[127.099585,37.20471],[127.098797,37.204715],[127.09879,37.201357],[127.098823,37.19258],[127.099142,37.192447],[127.099142,37.190813],[127.099665,37.190053],[127.099749,37.190075],[127.100114,37.189412],[127.100938,37.189163],[127.101096,37.18897],[127.101648,37.189412],[127.102059,37.189106],[127.102488,37.189175],[127.102922,37.189419],[127.103086,37.189595],[127.102866,37.189736],[127.103065,37.189865],[127.103397,37.18987],[127.103781,37.190012],[127.104078,37.190003],[127.104218,37.189817],[127.104042,37.18933],[127.103514,37.188922],[127.103195,37.188363],[127.102936,37.187757],[127.103013,37.187449],[127.102988,37.187244],[127.102777,37.18665],[127.103135,37.18644],[127.103961,37.18604],[127.104118,37.18586],[127.10446,37.185578],[127.105176,37.185179],[127.10565,37.185085],[127.105886,37.184985],[127.1066,37.184864],[127.106856,37.184775],[127.106756,37.184652],[127.108035,37.184301],[127.10824,37.184468],[127.108686,37.184351],[127.109302,37.184262],[127.109922,37.184207],[127.110269,37.184043],[127.110506,37.184019],[127.110619,37.184163],[127.110885,37.184248],[127.111248,37.184142],[127.111412,37.184034],[127.111652,37.184252],[127.111932,37.184152],[127.112443,37.184059],[127.112594,37.183931],[127.113079,37.18393],[127.113425,37.184298],[127.113585,37.184639],[127.113586,37.184958],[127.114428,37.185961],[127.115075,37.186237],[127.11561,37.186306],[127.115592,37.186687],[127.115453,37.186985],[127.115494,37.187285],[127.115389,37.187555],[127.115525,37.188046],[127.115667,37.18839],[127.115516,37.18877],[127.116048,37.189395],[127.11662,37.189153],[127.117839,37.189324],[127.117788,37.189364],[127.118815,37.189724],[127.119315,37.18974],[127.121432,37.191254],[127.120741,37.191616],[127.120627,37.192269],[127.120326,37.192759],[127.12013,37.192851],[127.119812,37.193507],[127.121604,37.194293],[127.122731,37.195136],[127.123403,37.194983],[127.123953,37.195089],[127.124488,37.195281],[127.124956,37.195723],[127.12523,37.196033],[127.126012,37.195977],[127.126415,37.19621],[127.12703,37.195715],[127.128037,37.195853],[127.128554,37.19604],[127.130029,37.196098],[127.130392,37.195937],[127.130823,37.195916],[127.131105,37.195696],[127.131501,37.195692]]]},"properties":{"dong_name":"동탄4동","ADM_CD":"31240640"}},
{"type":"Feature","geometry":{"type":"Polygon","coordinates":[[[127.152232,37.198419],[127.152147,37.198665],[127.152202,37.198751],[127.152002,37.199185],[127.152061,37.199536],[127.152343,37.19995],[127.15254,37.200176],[127.152638,37.200704],[127.152744,37.200986],[127.153079,37.201276],[127.153377,37.201893],[127.154296,37.202128],[127.154694,37.202678],[127.154836,37.203109],[127.154971,37.203325],[127.155306,37.203469],[127.155388,37.203622],[127.155407,37.203962],[127.155345,37.204357],[127.155354,37.20483],[127.155626,37.205316],[127.155672,37.205987],[127.15616,37.206235],[127.156439,37.206482],[127.156986,37.206571],[127.157327,37.206948],[127.15721,37.207371],[127.156886,37.207861],[127.156726,37.208214],[127.156301,37.208801],[127.156009,37.208957],[127.155773,37.209155],[127.155427,37.209543],[127.155094,37.209692],[127.154898,37.209556],[127.15444,37.209738],[127.154103,37.210143],[127.154014,37.210736],[127.153872,37.21121],[127.1536,37.211525],[127.153055,37.21257],[127.152845,37.212701],[127.152824,37.212839],[127.152482,37.213159],[127.152375,37.213399],[127.152091,37.213549],[127.151727,37.213875],[127.151687,37.214095],[127.15149,37.214332],[127.151505,37.214863],[127.151374,37.215752],[127.151363,37.216027],[127.151276,37.216223],[127.151417,37.216647],[127.151497,37.217035],[127.151596,37.217285],[127.151503,37.217633],[127.151865,37.21785],[127.152007,37.21817],[127.15184,37.218343],[127.151799,37.218549],[127.151491,37.218791],[127.151097,37.219259],[127.151039,37.219554],[127.150866,37.219843],[127.150691,37.22001],[127.150254,37.219733],[127.149789,37.219921],[127.149232,37.219563],[127.148868,37.219537],[127.148629,37.219444],[127.148325,37.219478],[127.147739,37.219252],[127.146775,37.219006],[127.146104,37.219188],[127.145767,37.219156],[127.145576,37.219009],[127.145321,37.218934],[127.144692,37.218926],[127.144204,37.218765],[127.143836,37.218739],[127.143227,37.218607],[127.142761,37.218314],[127.14231,37.218116],[127.142148,37.217934],[127.141003,37.217283],[127.140519,37.217228],[127.140125,37.217266],[127.13979,37.217149],[127.139325,37.216871],[127.139045,37.216559],[127.138713,37.216409],[127.138453,37.216354],[127.138266,37.216145],[127.137818,37.215915],[127.137315,37.215601],[127.136685,37.215533],[127.136149,37.215546],[127.135648,37.215724],[127.135305,37.215703],[127.13495,37.215752],[127.134723,37.21572],[127.133769,37.215895],[127.133622,37.216133],[127.132889,37.216485],[127.132237,37.216603],[127.13164,37.216883],[127.131123,37.216915],[127.130564,37.217074],[127.130353,37.217186],[127.129928,37.217236],[127.129534,37.217205],[127.129119,37.217241],[127.128532,37.217428],[127.128053,37.217621],[127.127039,37.217807],[127.126871,37.217809],[127.126431,37.217934],[127.125944,37.217937],[127.125721,37.218052],[127.125153,37.218187],[127.124694,37.218223],[127.124369,37.21833],[127.124057,37.218492],[127.123841,37.218662],[127.123609,37.218736],[127.122979,37.218798],[127.122666,37.218799],[127.121156,37.219285],[127.120803,37.219421],[127.120609,37.21944],[127.120295,37.219337],[127.119589,37.219319],[127.119217,37.219338],[127.118778,37.21951],[127.118512,37.219854],[127.11809,37.219975],[127.117584,37.220015],[127.117291,37.220002],[127.116422,37.219777],[127.116045,37.219731],[127.115858,37.21945],[127.115682,37.219289],[127.115201,37.219136],[127.114654,37.219212],[127.114293,37.219184],[127.113539,37.219438],[127.113268,37.219317],[127.112947,37.219308],[127.112672,37.219475],[127.112307,37.219356],[127.111775,37.219316],[127.111256,37.219485],[127.111072,37.219501],[127.110585,37.219361],[127.109798,37.219303],[127.109405,37.219335],[127.108729,37.219443],[127.10848,37.219537],[127.107704,37.219616],[127.107375,37.219685],[127.106836,37.219723],[127.106418,37.219789],[127.105699,37.219784],[127.10536,37.219822],[127.104638,37.219834],[127.103907,37.219736],[127.103496,37.219553],[127.102829,37.219434],[127.102201,37.2192],[127.10144,37.219152],[127.100574,37.219036],[127.100015,37.218912],[127.099691,37.218883],[127.097965,37.218453],[127.096683,37.218405],[127.09622,37.218431],[127.095458,37.218342],[127.094794,37.218169],[127.094108,37.217961],[127.09357,37.217873],[127.093251,37.217859],[127.092773,37.217724],[127.091999,37.217294],[127.091565,37.216907],[127.091396,37.216831],[127.090558,37.216831],[127.090029,37.216647],[127.089665,37.216561],[127.089098,37.216616],[127.088895,37.216602],[127.08881,37.216179],[127.088234,37.216602],[127.087994,37.216599],[127.088103,37.216415],[127.087783,37.21495],[127.087697,37.214763],[127.087119,37.214046],[127.086884,37.213719],[127.085252,37.21172],[127.084618,37.210962],[127.084434,37.210462],[127.084256,37.209822],[127.084353,37.209386],[127.084589,37.208864],[127.084908,37.208266],[127.085518,37.207249],[127.085789,37.206653],[127.08595,37.20601],[127.085945,37.205112],[127.085828,37.204713],[127.087103,37.204719],[127.097842,37.204719],[127.098797,37.204715],[127.099585,37.20471],[127.100674,37.20465],[127.104426,37.20419],[127.105464,37.204015],[127.10713,37.203652],[127.107975,37.203479],[127.108983,37.203349],[127.110399,37.20333],[127.111219,37.203377],[127.114668,37.203688],[127.115265,37.203715],[127.115976,37.203713],[127.116638,37.203675],[127.117731,37.203551],[127.118378,37.203431],[127.119948,37.203113],[127.120965,37.202924],[127.120816,37.201963],[127.128372,37.201316],[127.12963,37.201212],[127.130012,37.201201],[127.130343,37.201247],[127.130458,37.200958],[127.13041,37.200829],[127.130599,37.200511],[127.130785,37.200009],[127.13093,37.199503],[127.130879,37.199307],[127.13098,37.199155],[127.131022,37.198803],[127.131092,37.198637],[127.131109,37.198227],[127.131313,37.198252],[127.131393,37.197715],[127.131472,37.196907],[127.131501,37.195692],[127.131605,37.195691],[127.13227,37.195898],[127.13249,37.195873],[127.132814,37.195933],[127.133354,37.196221],[127.133721,37.196465],[127.134264,37.196333],[127.134592,37.196173],[127.135199,37.195664],[127.135831,37.195377],[127.136094,37.195316],[127.136379,37.195333],[127.136834,37.195426],[127.137163,37.195577],[127.137621,37.195348],[127.13815,37.195528],[127.138484,37.196116],[127.13919,37.196318],[127.139974,37.196091],[127.140551,37.196249],[127.140986,37.196188],[127.142354,37.196086],[127.142674,37.196196],[127.143027,37.196261],[127.143587,37.196197],[127.144035,37.196326],[127.14471,37.19685],[127.145027,37.196832],[127.145815,37.196566],[127.145787,37.196697],[127.146123,37.196852],[127.147681,37.196933],[127.148184,37.197136],[127.148625,37.197093],[127.149148,37.197325],[127.149475,37.197568],[127.150245,37.198028],[127.150379,37.198224],[127.151129,37.198322],[127.152232,37.198419]]]},"properties":{"dong_name":"동탄5동","ADM_CD":"31240650"}},
{"type":"Feature","geometry":{"type":"Polygon","coordinates":[[[126.842629,37.267284],[126.841388,37.267726],[126.840065,37.26892],[126.839221,37.26985],[126.838471,37.270915],[126.837338,37.272187],[126.837181,37.274027],[126.837202,37.275025],[126.837066,37.275229],[126.836674,37.275644],[126.836013,37.276189],[126.835607,37.276569],[126.835011,37.276787],[126.833962,37.276919],[126.832261,37.276909],[126.831181,37.2767],[126.830197,37.276599],[126.829181,37.276665],[126.828105,37.276921],[126.827534,37.277347],[126.826988,37.278298],[126.826407,37.279845],[126.825456,37.282773],[126.824968,37.283963],[126.824029,37.285507],[126.823122,37.28679],[126.821494,37.288546],[126.819208,37.290464],[126.817888,37.291196],[126.816838,37.291762],[126.815215,37.292471],[126.813611,37.292972],[126.81125,37.293364],[126.809247,37.293638],[126.808052,37.293727],[126.807037,37.293769],[126.806261,37.293764],[126.804755,37.293704],[126.804746,37.292987],[126.804629,37.284272],[126.804973,37.284276],[126.805148,37.284617],[126.806237,37.284667],[126.806882,37.284821],[126.807153,37.285027],[126.807503,37.285201],[126.80817,37.285769],[126.808393,37.285891],[126.808767,37.28594],[126.809654,37.286007],[126.810554,37.286632],[126.810985,37.286497],[126.811734,37.28633],[126.811971,37.286204],[126.812585,37.286079],[126.813076,37.285721],[126.81316,37.285553],[126.813594,37.285292],[126.813969,37.28494],[126.814066,37.284764],[126.813877,37.284602],[126.813681,37.284662],[126.813445,37.28446],[126.812351,37.284159],[126.812091,37.284159],[126.81233,37.283919],[126.812042,37.283429],[126.811945,37.283151],[126.811631,37.283169],[126.811232,37.283274],[126.810944,37.283004],[126.810628,37.282601],[126.810708,37.282225],[126.810533,37.281761],[126.810237,37.281555],[126.81003,37.28129],[126.809991,37.280992],[126.80971,37.280502],[126.810233,37.280081],[126.810726,37.279841],[126.811525,37.279311],[126.811697,37.279009],[126.812214,37.278861],[126.813612,37.278569],[126.813777,37.278493],[126.813929,37.278252],[126.814167,37.278264],[126.814488,37.278057],[126.814791,37.277714],[126.814888,37.27767],[126.81524,37.277832],[126.815457,37.277809],[126.815803,37.27767],[126.81628,37.27726],[126.816528,37.277156],[126.816781,37.277141],[126.817582,37.276946],[126.818115,37.276711],[126.818588,37.276553],[126.818898,37.276275],[126.81911,37.276192],[126.819416,37.276192],[126.820136,37.275923],[126.820405,37.275743],[126.820647,37.275664],[126.820811,37.275498],[126.821329,37.275082],[126.821743,37.274961],[126.822175,37.274698],[126.822391,37.274636],[126.822775,37.27429],[126.823324,37.274028],[126.823854,37.273287],[126.824256,37.273187],[126.824969,37.272882],[126.824227,37.272687],[126.824435,37.272637],[126.824774,37.272702],[126.825342,37.272651],[126.825602,37.272397],[126.825652,37.272251],[126.825344,37.271628],[126.825579,37.27161],[126.825985,37.2713],[126.826474,37.27104],[126.826609,37.271072],[126.826861,37.270913],[126.826857,37.270801],[126.827313,37.270518],[126.827582,37.270623],[126.827864,37.27042],[126.828021,37.270543],[126.828301,37.270619],[126.828781,37.270669],[126.828901,37.270642],[126.831086,37.273606],[126.831285,37.273783],[126.833588,37.272134],[126.835392,37.271028],[126.837371,37.27072],[126.838263,37.269878],[126.839518,37.268417],[126.840143,37.26772],[126.840939,37.26691],[126.841439,37.266288],[126.842629,37.267284]]]},"properties":{"dong_name":"새솔동","ADM_CD":"31240670"}},
{"type":"Feature","geometry":{"type":"Polygon","coordinates":[[[127.132566,37.168269],[127.132163,37.168102],[127.130774,37.168264],[127.130515,37.16843],[127.130323,37.168709],[127.130152,37.16886],[127.129799,37.168858],[127.129083,37.168648],[127.127954,37.168979],[127.127729,37.169072],[127.127895,37.170005],[127.12759,37.17084],[127.12695,37.170979],[127.126381,37.171044],[127.126448,37.170583],[127.126572,37.170009],[127.126138,37.169763],[127.126078,37.169587],[127.125854,37.169313],[127.125605,37.168826],[127.125131,37.168562],[127.124664,37.16843],[127.124233,37.168121],[127.124073,37.168413],[127.123789,37.168395],[127.123441,37.168466],[127.123771,37.171499],[127.12396,37.172816],[127.124149,37.173777],[127.12474,37.175839],[127.124996,37.176589],[127.125269,37.177264],[127.126161,37.179534],[127.124127,37.179841],[127.122936,37.179377],[127.12235,37.179268],[127.121842,37.179312],[127.120491,37.179593],[127.119655,37.179688],[127.118635,37.179695],[127.117799,37.17978],[127.117098,37.179875],[127.116636,37.17988],[127.116015,37.179834],[127.114551,37.179507],[127.113762,37.179463],[127.113297,37.179508],[127.112861,37.179594],[127.112368,37.179759],[127.112044,37.17991],[127.111602,37.18019],[127.110677,37.179786],[127.10981,37.179447],[127.108792,37.179092],[127.107807,37.178793],[127.106848,37.178526],[127.10522,37.178175],[127.10352,37.177917],[127.101998,37.17776],[127.100673,37.177672],[127.100545,37.177569],[127.100387,37.177671],[127.098156,37.177664],[127.098159,37.177372],[127.098062,37.177021],[127.097858,37.176701],[127.097539,37.176345],[127.096633,37.17587],[127.096353,37.175646],[127.096079,37.175361],[127.095764,37.174884],[127.095588,37.174512],[127.09523,37.173619],[127.094666,37.172471],[127.094108,37.171293],[127.093526,37.170007],[127.09112,37.164809],[127.091211,37.164804],[127.099903,37.164848],[127.100298,37.164897],[127.100751,37.165008],[127.102546,37.165553],[127.103004,37.165651],[127.103776,37.165701],[127.105508,37.165685],[127.109487,37.165689],[127.112312,37.165686],[127.112983,37.16571],[127.113518,37.165773],[127.11463,37.165998],[127.115009,37.164886],[127.115317,37.164237],[127.115571,37.164056],[127.115746,37.164007],[127.116422,37.164691],[127.116561,37.164683],[127.11719,37.164453],[127.117101,37.163949],[127.117797,37.163769],[127.118138,37.16373],[127.118451,37.163634],[127.118981,37.163383],[127.119781,37.163235],[127.120205,37.163098],[127.120833,37.162817],[127.121202,37.16269],[127.12237,37.16258],[127.122724,37.16251],[127.122814,37.163022],[127.123302,37.163035],[127.123829,37.162989],[127.124237,37.16305],[127.124936,37.162875],[127.126395,37.162316],[127.12699,37.162205],[127.127381,37.162305],[127.127791,37.162329],[127.128486,37.162262],[127.128909,37.162128],[127.129401,37.162096],[127.129927,37.162172],[127.130468,37.162329],[127.131202,37.162628],[127.131425,37.162836],[127.131516,37.163014],[127.131435,37.163451],[127.131597,37.163709],[127.131624,37.164029],[127.131823,37.164013],[127.132242,37.163841],[127.132447,37.163828],[127.132524,37.164155],[127.13271,37.164386],[127.133285,37.164569],[127.133753,37.164809],[127.134085,37.165091],[127.134067,37.16526],[127.133939,37.165381],[127.133866,37.165851],[127.134,37.16612],[127.133598,37.16635],[127.133322,37.166794],[127.133352,37.167013],[127.133201,37.167066],[127.133052,37.167367],[127.132863,37.167474],[127.132521,37.168106],[127.132566,37.168269]]]},"properties":{"dong_name":"동탄7동","ADM_CD":"31240691"}},
{"type":"Feature","geometry":{"type":"Polygon","coordinates":[[[127.098797,37.204715],[127.097842,37.204719],[127.087103,37.204719],[127.085828,37.204713],[127.085662,37.204276],[127.085343,37.20371],[127.085224,37.203769],[127.084867,37.203427],[127.084186,37.202883],[127.084144,37.202918],[127.082956,37.201996],[127.083128,37.201643],[127.083143,37.20122],[127.082984,37.20055],[127.082988,37.20008],[127.083248,37.199337],[127.083278,37.199043],[127.083366,37.198776],[127.083386,37.198407],[127.083218,37.197627],[127.082962,37.19705],[127.082621,37.196065],[127.082332,37.194083],[127.082252,37.193074],[127.082207,37.193023],[127.082139,37.192292],[127.082395,37.191706],[127.08284,37.190806],[127.083293,37.189994],[127.08351,37.189397],[127.083563,37.188689],[127.083407,37.187239],[127.083288,37.186416],[127.083192,37.185586],[127.082992,37.184247],[127.082576,37.184243],[127.082028,37.184399],[127.081078,37.184484],[127.080803,37.184436],[127.080071,37.184558],[127.079844,37.184649],[127.079359,37.185015],[127.0792,37.185231],[127.078922,37.185383],[127.078642,37.185651],[127.078075,37.185862],[127.077759,37.18591],[127.077113,37.186111],[127.076522,37.186435],[127.07611,37.186465],[127.075911,37.186524],[127.0753,37.186843],[127.074937,37.186972],[127.074503,37.187002],[127.074241,37.187092],[127.073918,37.187074],[127.073338,37.187094],[127.073114,37.186721],[127.073125,37.186312],[127.071185,37.184033],[127.071525,37.183753],[127.071446,37.183557],[127.071739,37.183204],[127.071592,37.182546],[127.071777,37.18233],[127.071979,37.182196],[127.072131,37.181944],[127.072007,37.181632],[127.072086,37.18096],[127.072187,37.180702],[127.071871,37.179862],[127.072018,37.179678],[127.072073,37.179311],[127.072219,37.178944],[127.072173,37.178209],[127.072105,37.177863],[127.072229,37.177404],[127.071992,37.176678],[127.072027,37.176145],[127.072352,37.175839],[127.072374,37.175534],[127.072589,37.175026],[127.072996,37.17469],[127.073094,37.174562],[127.072616,37.174309],[127.07235,37.174069],[127.071866,37.174],[127.07128,37.174036],[127.070756,37.173976],[127.070739,37.173591],[127.070851,37.173381],[127.070581,37.173111],[127.070693,37.172817],[127.070659,37.172412],[127.070771,37.172032],[127.070849,37.171081],[127.070691,37.170575],[127.070928,37.169993],[127.071377,37.169557],[127.071277,37.169314],[127.071425,37.168998],[127.071247,37.168613],[127.071303,37.168236],[127.071767,37.167851],[127.072144,37.16758],[127.072033,37.167419],[127.072422,37.167322],[127.072906,37.167069],[127.073255,37.166925],[127.073559,37.166411],[127.073378,37.165835],[127.073389,37.165555],[127.074289,37.16505],[127.074795,37.164617],[127.074627,37.164455],[127.074964,37.164158],[127.075279,37.164139],[127.075515,37.163941],[127.075605,37.16377],[127.075763,37.163824],[127.075898,37.163707],[127.075864,37.163265],[127.075661,37.163085],[127.075841,37.162751],[127.075436,37.162598],[127.075987,37.162256],[127.076324,37.162111],[127.076808,37.162255],[127.07709,37.162255],[127.077428,37.162183],[127.077642,37.162354],[127.077867,37.162426],[127.078227,37.16239],[127.078565,37.1622],[127.078914,37.162524],[127.079094,37.162245],[127.079668,37.161686],[127.07987,37.161379],[127.080163,37.161595],[127.080523,37.161685],[127.081322,37.161568],[127.082808,37.161576],[127.083341,37.16167],[127.083566,37.161502],[127.083676,37.161291],[127.08372,37.160994],[127.08392,37.161156],[127.084834,37.161067],[127.085702,37.160946],[127.08867,37.160602],[127.088762,37.16085],[127.089334,37.160957],[127.09112,37.164809],[127.093526,37.170007],[127.094108,37.171293],[127.094666,37.172471],[127.09523,37.173619],[127.095588,37.174512],[127.095764,37.174884],[127.096079,37.175361],[127.096353,37.175646],[127.096633,37.17587],[127.097539,37.176345],[127.097858,37.176701],[127.098062,37.177021],[127.098159,37.177372],[127.098156,37.177664],[127.100387,37.177671],[127.100545,37.177569],[127.100673,37.177672],[127.101998,37.17776],[127.10352,37.177917],[127.10522,37.178175],[127.106848,37.178526],[127.107807,37.178793],[127.108792,37.179092],[127.10981,37.179447],[127.110677,37.179786],[127.111602,37.18019],[127.112625,37.180687],[127.113725,37.181298],[127.114905,37.182026],[127.115688,37.182571],[127.116228,37.182975],[127.11631,37.183095],[127.117065,37.183721],[127.115034,37.183729],[127.114986,37.183662],[127.11368,37.183675],[127.113071,37.183709],[127.113079,37.18393],[127.112594,37.183931],[127.112443,37.184059],[127.111932,37.184152],[127.111652,37.184252],[127.111412,37.184034],[127.111248,37.184142],[127.110885,37.184248],[127.110619,37.184163],[127.110506,37.184019],[127.110269,37.184043],[127.109922,37.184207],[127.109302,37.184262],[127.108686,37.184351],[127.10824,37.184468],[127.108035,37.184301],[127.106756,37.184652],[127.106856,37.184775],[127.1066,37.184864],[127.105886,37.184985],[127.10565,37.185085],[127.105176,37.185179],[127.10446,37.185578],[127.104118,37.18586],[127.103961,37.18604],[127.103135,37.18644],[127.102777,37.18665],[127.102988,37.187244],[127.103013,37.187449],[127.102936,37.187757],[127.103195,37.188363],[127.103514,37.188922],[127.104042,37.18933],[127.104218,37.189817],[127.104078,37.190003],[127.103781,37.190012],[127.103397,37.18987],[127.103065,37.189865],[127.102866,37.189736],[127.103086,37.189595],[127.102922,37.189419],[127.102488,37.189175],[127.102059,37.189106],[127.101648,37.189412],[127.101096,37.18897],[127.100938,37.189163],[127.100114,37.189412],[127.099749,37.190075],[127.099665,37.190053],[127.099142,37.190813],[127.099142,37.192447],[127.098823,37.19258],[127.09879,37.201357],[127.098797,37.204715]]]},"properties":{"dong_name":"동탄6동","ADM_CD":"31240700"}},
{"type":"Feature","geometry":{"type":"Polygon","coordinates":[[[127.129401,37.162096],[127.128909,37.162128],[127.128486,37.162262],[127.127791,37.162329],[127.127381,37.162305],[127.12699,37.162205],[127.126395,37.162316],[127.124936,37.162875],[127.124237,37.16305],[127.123829,37.162989],[127.123302,37.163035],[127.122814,37.163022],[127.122724,37.16251],[127.12237,37.16258],[127.121202,37.16269],[127.120833,37.162817],[127.120205,37.163098],[127.119781,37.163235],[127.118981,37.163383],[127.118451,37.163634],[127.118138,37.16373],[127.117797,37.163769],[127.117101,37.163949],[127.11719,37.164453],[127.116561,37.164683],[127.116422,37.164691],[127.115746,37.164007],[127.115571,37.164056],[127.115317,37.164237],[127.115009,37.164886],[127.11463,37.165998],[127.113518,37.165773],[127.112983,37.16571],[127.112312,37.165686],[127.109487,37.165689],[127.105508,37.165685],[127.103776,37.165701],[127.103004,37.165651],[127.102546,37.165553],[127.100751,37.165008],[127.100298,37.164897],[127.099903,37.164848],[127.091211,37.164804],[127.09112,37.164809],[127.089334,37.160957],[127.089154,37.160494],[127.089647,37.160284],[127.091142,37.159718],[127.091301,37.159607],[127.091671,37.159464],[127.092713,37.159301],[127.093301,37.159499],[127.093566,37.159424],[127.093709,37.159468],[127.093872,37.159162],[127.094322,37.158954],[127.094509,37.158769],[127.094861,37.158554],[127.095099,37.158569],[127.095281,37.15829],[127.095469,37.157816],[127.095719,37.157453],[127.096445,37.156968],[127.097135,37.15627],[127.098102,37.15573],[127.098353,37.155347],[127.09835,37.154991],[127.098094,37.154891],[127.098254,37.154405],[127.09854,37.154304],[127.098705,37.153979],[127.098435,37.153523],[127.098804,37.15314],[127.09829,37.152841],[127.098129,37.152875],[127.097928,37.152401],[127.09768,37.152094],[127.097564,37.152041],[127.097644,37.151788],[127.09824,37.151478],[127.099246,37.151171],[127.099265,37.1509],[127.099414,37.150011],[127.09962,37.14952],[127.099561,37.149164],[127.100296,37.14803],[127.100775,37.14806],[127.100754,37.147492],[127.100378,37.146349],[127.100747,37.146133],[127.102783,37.145672],[127.102854,37.14534],[127.103093,37.14455],[127.103038,37.143863],[127.103747,37.143268],[127.103644,37.142511],[127.103756,37.141889],[127.104341,37.141727],[127.105276,37.142041],[127.105546,37.142068],[127.106019,37.142014],[127.106311,37.142049],[127.10639,37.142275],[127.107697,37.142895],[127.108822,37.142804],[127.109306,37.142488],[127.110274,37.142388],[127.111142,37.143793],[127.111852,37.144135],[127.11345,37.144304],[127.113822,37.144511],[127.113946,37.144673],[127.11452,37.144376],[127.114857,37.144312],[127.115983,37.144257],[127.117199,37.144634],[127.117503,37.144589],[127.118166,37.143903],[127.118402,37.143786],[127.118897,37.143659],[127.119822,37.144596],[127.120148,37.144406],[127.120519,37.144451],[127.120857,37.14455],[127.121465,37.144522],[127.122185,37.144278],[127.122838,37.144376],[127.123276,37.144771],[127.123712,37.144855],[127.124387,37.145256],[127.124642,37.145366],[127.125529,37.145321],[127.125593,37.14536],[127.126729,37.14567],[127.126993,37.145791],[127.127696,37.145471],[127.128297,37.146376],[127.128326,37.146458],[127.128047,37.146678],[127.127761,37.147173],[127.127856,37.147444],[127.127957,37.147536],[127.129002,37.148217],[127.129418,37.148595],[127.129484,37.14882],[127.129465,37.149872],[127.129485,37.150565],[127.129913,37.1511],[127.130374,37.151293],[127.130459,37.151819],[127.130406,37.152085],[127.130219,37.15259],[127.129583,37.152825],[127.12926,37.153323],[127.129134,37.154147],[127.128617,37.154358],[127.129173,37.155257],[127.128935,37.155669],[127.129429,37.156583],[127.129518,37.1567],[127.129476,37.15689],[127.129695,37.156881],[127.130052,37.157262],[127.130081,37.157677],[127.129593,37.15825],[127.128974,37.15831],[127.128873,37.158549],[127.12903,37.158597],[127.129018,37.15889],[127.128901,37.159377],[127.128916,37.159496],[127.128531,37.159634],[127.128481,37.159722],[127.127976,37.159878],[127.128308,37.160292],[127.128261,37.160665],[127.128403,37.160765],[127.128316,37.160994],[127.12851,37.161149],[127.128609,37.161348],[127.128985,37.161696],[127.129007,37.161995],[127.129401,37.162096]]]},"properties":{"dong_name":"동탄8동","ADM_CD":"31240710"}},
{"type":"Feature","geometry":{"type":"Polygon","coordinates":[[[127.132566,37.168269],[127.133042,37.16883],[127.133024,37.168969],[127.13349,37.169254],[127.134048,37.169327],[127.134852,37.169273],[127.135228,37.169025],[127.135449,37.169041],[127.135627,37.168939],[127.136315,37.169083],[127.136998,37.169188],[127.137583,37.16934],[127.138026,37.169267],[127.139238,37.169425],[127.1395,37.169496],[127.13997,37.169465],[127.140262,37.169166],[127.140558,37.169139],[127.140962,37.169212],[127.141507,37.16949],[127.141953,37.169565],[127.142881,37.169884],[127.143187,37.169918],[127.1439,37.170309],[127.144112,37.170197],[127.144581,37.17027],[127.144554,37.170172],[127.144818,37.169996],[127.145495,37.169733],[127.145751,37.169811],[127.146432,37.169883],[127.146941,37.170106],[127.147094,37.169953],[127.1475,37.169778],[127.1477,37.169827],[127.148384,37.169785],[127.148713,37.169892],[127.1489,37.170247],[127.149137,37.170558],[127.149643,37.170772],[127.150003,37.170814],[127.150537,37.171173],[127.150819,37.171445],[127.151049,37.171602],[127.151659,37.171674],[127.151797,37.171615],[127.15197,37.171724],[127.151926,37.17216],[127.152059,37.172323],[127.152136,37.172685],[127.152361,37.172984],[127.152639,37.173249],[127.152873,37.17336],[127.153113,37.173659],[127.153264,37.174316],[127.153396,37.174462],[127.153848,37.175512],[127.153889,37.175869],[127.154741,37.176282],[127.155397,37.17669],[127.155655,37.176735],[127.156139,37.176616],[127.156326,37.176521],[127.156585,37.17656],[127.157742,37.176951],[127.157954,37.177091],[127.158173,37.177442],[127.158965,37.177844],[127.15912,37.177975],[127.159272,37.178287],[127.159425,37.178805],[127.159549,37.178957],[127.159804,37.179506],[127.159977,37.179624],[127.160663,37.179845],[127.160578,37.180352],[127.160222,37.18123],[127.15986,37.182003],[127.159717,37.182389],[127.159437,37.182799],[127.158678,37.183413],[127.158505,37.183703],[127.158894,37.184227],[127.159145,37.184477],[127.15968,37.185372],[127.160034,37.185744],[127.160196,37.186044],[127.160216,37.186564],[127.160365,37.186824],[127.1604,37.18711],[127.160212,37.187411],[127.160327,37.187843],[127.160416,37.188024],[127.160457,37.188631],[127.160571,37.188766],[127.160461,37.189055],[127.16059,37.189522],[127.160814,37.189753],[127.160727,37.189878],[127.16093,37.190293],[127.161288,37.190472],[127.16134,37.190897],[127.161296,37.191082],[127.161367,37.191217],[127.161148,37.19187],[127.160881,37.192037],[127.16084,37.192393],[127.160364,37.192592],[127.160252,37.192857],[127.159842,37.193018],[127.159053,37.19363],[127.158558,37.193839],[127.158064,37.194361],[127.157712,37.194608],[127.157407,37.194935],[127.156743,37.195299],[127.156554,37.195831],[127.156077,37.19634],[127.155816,37.196495],[127.155527,37.196958],[127.155503,37.197321],[127.155416,37.197691],[127.154731,37.197393],[127.154095,37.197439],[127.153785,37.197498],[127.153362,37.197394],[127.153041,37.197264],[127.152924,37.197279],[127.152608,37.198163],[127.152497,37.198306],[127.152232,37.198419],[127.151129,37.198322],[127.150379,37.198224],[127.150245,37.198028],[127.149475,37.197568],[127.149148,37.197325],[127.148625,37.197093],[127.148184,37.197136],[127.147681,37.196933],[127.146123,37.196852],[127.145787,37.196697],[127.145815,37.196566],[127.145027,37.196832],[127.14471,37.19685],[127.144035,37.196326],[127.143587,37.196197],[127.143027,37.196261],[127.142674,37.196196],[127.142354,37.196086],[127.140986,37.196188],[127.140551,37.196249],[127.139974,37.196091],[127.13919,37.196318],[127.138484,37.196116],[127.13815,37.195528],[127.137621,37.195348],[127.137163,37.195577],[127.136834,37.195426],[127.136379,37.195333],[127.136094,37.195316],[127.135831,37.195377],[127.135199,37.195664],[127.134592,37.196173],[127.134264,37.196333],[127.133721,37.196465],[127.133354,37.196221],[127.132814,37.195933],[127.13249,37.195873],[127.13227,37.195898],[127.131605,37.195691],[127.131501,37.195692],[127.131105,37.195696],[127.130823,37.195916],[127.130392,37.195937],[127.130029,37.196098],[127.128554,37.19604],[127.128037,37.195853],[127.12703,37.195715],[127.126415,37.19621],[127.126012,37.195977],[127.12523,37.196033],[127.124956,37.195723],[127.124488,37.195281],[127.123953,37.195089],[127.123403,37.194983],[127.122731,37.195136],[127.121604,37.194293],[127.119812,37.193507],[127.12013,37.192851],[127.120326,37.192759],[127.120627,37.192269],[127.120741,37.191616],[127.121432,37.191254],[127.119315,37.18974],[127.118815,37.189724],[127.117788,37.189364],[127.117839,37.189324],[127.11662,37.189153],[127.116048,37.189395],[127.115516,37.18877],[127.115667,37.18839],[127.115525,37.188046],[127.115389,37.187555],[127.115494,37.187285],[127.115453,37.186985],[127.115592,37.186687],[127.11561,37.186306],[127.115075,37.186237],[127.114428,37.185961],[127.113586,37.184958],[127.113585,37.184639],[127.113425,37.184298],[127.113079,37.18393],[127.113071,37.183709],[127.11368,37.183675],[127.114986,37.183662],[127.115034,37.183729],[127.117065,37.183721],[127.11631,37.183095],[127.116228,37.182975],[127.115688,37.182571],[127.114905,37.182026],[127.113725,37.181298],[127.112625,37.180687],[127.111602,37.18019],[127.112044,37.17991],[127.112368,37.179759],[127.112861,37.179594],[127.113297,37.179508],[127.113762,37.179463],[127.114551,37.179507],[127.116015,37.179834],[127.116636,37.17988],[127.117098,37.179875],[127.117799,37.17978],[127.118635,37.179695],[127.119655,37.179688],[127.120491,37.179593],[127.121842,37.179312],[127.12235,37.179268],[127.122936,37.179377],[127.124127,37.179841],[127.126161,37.179534],[127.125269,37.177264],[127.124996,37.176589],[127.12474,37.175839],[127.124149,37.173777],[127.12396,37.172816],[127.123771,37.171499],[127.123441,37.168466],[127.123789,37.168395],[127.124073,37.168413],[127.124233,37.168121],[127.124664,37.16843],[127.125131,37.168562],[127.125605,37.168826],[127.125854,37.169313],[127.126078,37.169587],[127.126138,37.169763],[127.126572,37.170009],[127.126448,37.170583],[127.126381,37.171044],[127.12695,37.170979],[127.12759,37.17084],[127.127895,37.170005],[127.127729,37.169072],[127.127954,37.168979],[127.129083,37.168648],[127.129799,37.168858],[127.130152,37.16886],[127.130323,37.168709],[127.130515,37.16843],[127.130774,37.168264],[127.132163,37.168102],[127.132566,37.168269]]]},"properties":{"dong_name":"동탄9동","ADM_CD":"31240720"}}
]}